customerid,recency,frequency,monetary,km_segment,CLTV_90d
12526,1,3,1316.66,Mass Regulars,351.94585652716364
12423,1,8,1859.31,Mass Regulars,95.81148018699375
12518,1,5,2056.89,Mass Regulars,293.83670293091825
18102,1,60,259657.3,Elite,423.0085485740096
14446,1,4,1039.58,Mass Regulars,256.3274257625304
17389,1,34,31833.68,Loyal High-Value,308.445106174804
12433,1,7,13375.87,Mass Regulars,258.8903311129985
17754,1,5,1772.26,Mass Regulars,30.79338712592084
12662,1,11,3849.78,Mass Regulars,184.68703967812579
16446,1,2,168472.5,Elite,-6.502314834845795
17490,1,7,2092.32,Mass Regulars,97.38327915944319
12713,1,1,848.55,Mass Regulars,
15910,1,8,1232.18,Mass Regulars,133.78259650569245
12748,1,209,33719.73,Elite,2713.138364306451
15804,1,13,4206.39,Mass Regulars,368.0750067410667
13426,1,10,3641.32,Mass Regulars,76.1984491759879
15311,1,91,60767.9,Elite,1311.3300692419868
17581,1,25,11045.04,Loyal High-Value,341.42259490072036
12680,1,4,862.81,Mass Regulars,157.9549928330986
17364,1,11,4481.18,Mass Regulars,292.78314987577335
15344,1,3,563.94,Mass Regulars,238.97002050064177
13113,1,24,12245.96,Loyal High-Value,158.68576977865172
14441,1,4,1712.89,Mass Regulars,135.8267458424754
13069,1,24,4436.12,Loyal High-Value,157.50974078368705
12985,1,2,1239.38,Mass Regulars,-320.18731491061294
13777,1,33,25977.16,Loyal High-Value,89.62852378869393
14051,1,23,15610.39,Loyal High-Value,224.8041148115255
17001,1,11,3989.57,Mass Regulars,132.27057955299526
16954,1,9,2085.08,Mass Regulars,40.04434265708756
15694,1,14,6479.4,Mass Regulars,84.24065043808532
17428,1,28,17256.85,Loyal High-Value,276.1504258961997
16705,1,20,14034.99,Loyal High-Value,310.6871949369326
16558,1,20,8338.49,Loyal High-Value,320.59660719777213
16626,1,17,4413.1,Loyal High-Value,168.12615429398463
14422,1,6,4263.64,Mass Regulars,232.41452558587315
17315,2,38,6292.26,Loyal High-Value,295.93968532188785
15214,2,8,1661.44,Mass Regulars,73.79379264096416
17405,2,3,1031.41,Mass Regulars,193.73701872107358
17530,2,10,2385.0,Mass Regulars,209.39666263277044
13298,2,1,360.0,Mass Regulars,
16892,2,5,525.54,Mass Regulars,214.97417170772542
13077,2,4,729.27,Mass Regulars,114.76395610136254
13436,2,1,196.89,Mass Regulars,
13890,2,10,1883.81,Mass Regulars,98.21679306387313
14911,2,201,143825.06,Elite,5780.588500497857
13954,2,2,439.92,Mass Regulars,-293.5003841082632
18109,2,26,8052.97,Loyal High-Value,503.74494981388335
14129,2,5,1123.86,Mass Regulars,59.3845918954415
13860,2,5,1245.9,Mass Regulars,268.10271238805433
13026,2,5,975.36,Mass Regulars,11.077328814003412
13404,2,2,252.49,Mass Regulars,-15.192770384651826
17436,2,2,216.3,Mass Regulars,-27.71610407313858
17830,2,3,398.7,Mass Regulars,70.08560368498014
13510,2,4,1791.56,Mass Regulars,135.58660753605207
13102,2,24,6424.09,Loyal High-Value,186.95713521621468
14056,2,23,8214.65,Loyal High-Value,857.4872382159892
18210,2,6,2621.38,Mass Regulars,198.29241387088857
14719,2,5,1602.13,Mass Regulars,246.62696305923967
14520,2,2,270.6,Mass Regulars,-21.446877265106743
17757,2,30,5605.29,Loyal High-Value,460.9427018499325
14698,2,5,1250.76,Mass Regulars,656.681577917456
14138,2,2,982.38,Mass Regulars,-256.30639030450607
17144,2,2,984.57,Mass Regulars,-601.7942445988674
17554,2,5,1952.45,Mass Regulars,82.61349839167454
17631,2,3,528.33,Mass Regulars,35.31372494450174
16794,2,10,1222.71,Mass Regulars,213.57073748195108
13599,2,21,5153.67,Loyal High-Value,167.17384243316883
16523,2,21,9418.47,Loyal High-Value,249.9110632848774
13536,2,7,3448.29,Mass Regulars,535.4313829422531
17522,2,5,1070.71,Mass Regulars,65.07440481116603
15237,2,4,1412.32,Mass Regulars,46.09785858831758
16833,2,4,1106.53,Mass Regulars,75.35057773193323
17491,2,10,3558.87,Mass Regulars,95.82702847663221
17644,2,11,2895.64,Mass Regulars,143.7842630730279
14291,2,11,3883.25,Mass Regulars,166.07509829874638
12621,2,20,13689.67,Loyal High-Value,323.4827378859252
13318,2,3,640.76,Mass Regulars,78.80844603227145
15159,2,30,18641.01,Loyal High-Value,417.3799975966067
16891,2,5,809.7,Mass Regulars,157.05044638082586
17677,2,30,16363.23,Loyal High-Value,190.11584378417578
15453,2,7,1388.37,Mass Regulars,327.46513975480747
17856,2,4,1418.03,Mass Regulars,17.366359517310254
16358,2,4,2027.5,Mass Regulars,118.18677568519969
16161,2,19,5575.56,Loyal High-Value,357.8033584283624
14646,2,73,280206.02,Elite,1224.4644382969107
17949,2,45,58510.48,Loyal High-Value,53.09700610712237
13408,2,62,28117.04,Loyal High-Value,261.0561714470589
12358,2,2,1168.06,Mass Regulars,-207.74465016535024
16442,2,3,616.79,Mass Regulars,194.617730785493
14606,2,93,12156.65,Loyal High-Value,1669.7906292935925
13263,2,35,7454.07,Loyal High-Value,961.0677204483151
13680,2,4,3722.42,Mass Regulars,146.35672107055296
12437,2,18,4951.41,Loyal High-Value,206.4187325030953
16401,2,12,4098.32,Mass Regulars,71.66274906507583
17668,2,2,347.75,Mass Regulars,-398.1118839437479
17675,2,31,20374.28,Loyal High-Value,580.1703916157421
15156,2,3,961.49,Mass Regulars,464.6660943875731
13471,2,4,2531.58,Mass Regulars,939.9874013194163
16210,2,18,21086.3,Loyal High-Value,104.0224977769046
17528,2,8,3628.5,Mass Regulars,511.64681334523704
13468,2,37,5704.97,Loyal High-Value,261.65933342849695
15484,2,4,3594.31,Mass Regulars,215.0346742541855
13924,2,6,1838.85,Mass Regulars,207.04647897564405
16322,2,2,326.75,Mass Regulars,-117.83203206144502
15189,2,41,16225.39,Loyal High-Value,230.8314771220272
14653,2,7,1947.55,Mass Regulars,241.63192100697663
14569,2,1,227.39,Mass Regulars,
16688,2,4,1260.86,Mass Regulars,246.83858613902143
14796,2,17,8022.49,Loyal High-Value,533.5210822844865
14251,2,5,2879.7,Mass Regulars,125.99220408085833
17673,2,6,1629.12,Mass Regulars,108.48643458804978
16933,2,2,563.23,Mass Regulars,-156.54494680903292
14217,2,17,2004.98,Mass Regulars,122.50487820862827
17243,2,26,8676.85,Loyal High-Value,389.7617897721072
14415,2,13,5900.28,Mass Regulars,378.82305196047156
14702,2,17,3292.14,Mass Regulars,310.6155184850016
15520,2,1,343.5,Mass Regulars,
15443,2,7,3236.91,Mass Regulars,322.2631644380923
14621,2,5,1788.36,Mass Regulars,83.22211174512054
15187,2,16,4777.18,Mass Regulars,101.21958147419615
15399,2,3,815.77,Mass Regulars,129.78988228073098
13013,2,13,4810.94,Mass Regulars,127.136735729486
13314,2,3,775.94,Mass Regulars,205.06105318397184
14135,2,15,4690.31,Mass Regulars,75.97324435370268
15898,2,5,1388.88,Mass Regulars,41.62105388846974
15208,2,5,870.12,Mass Regulars,72.18172423294673
13798,2,57,37153.85,Loyal High-Value,167.10380030917648
12955,2,11,4757.16,Mass Regulars,89.83961437748407
14191,2,13,4684.76,Mass Regulars,189.35678091830732
13098,2,28,28882.44,Loyal High-Value,407.5385716542223
13394,2,8,2520.02,Mass Regulars,75.0601669589145
13521,2,3,1093.65,Mass Regulars,3253.787799937029
17451,2,7,1721.4,Mass Regulars,185.50983519836788
13269,2,15,5346.23,Mass Regulars,195.36969835412907
15877,2,2,493.28,Mass Regulars,-725.2436431104122
14730,2,8,2005.06,Mass Regulars,436.49109679176337
15796,2,8,2711.56,Mass Regulars,155.0482129946746
17841,2,124,40991.57,Elite,4358.3854568405795
18219,3,10,2069.77,Mass Regulars,113.61619416832545
14132,3,11,3586.03,Mass Regulars,152.2470094528107
14395,3,9,3507.71,Mass Regulars,245.38093025749183
17091,3,9,3827.76,Mass Regulars,170.33418840344117
12783,3,6,2225.91,Mass Regulars,1237.0844538608592
14141,3,4,915.13,Mass Regulars,107.50103960192467
15984,3,10,2837.67,Mass Regulars,195.8269319414023
14910,3,4,434.35,Mass Regulars,64.48347286278972
16817,3,9,1604.75,Mass Regulars,80.03792109970829
18273,3,3,204.0,Mass Regulars,5.431088493846827
17835,3,3,350.64,Mass Regulars,380.78307261461447
14708,3,3,1126.37,Mass Regulars,36.91758482001997
15498,3,27,13316.4,Loyal High-Value,381.96807142834865
12950,3,3,1843.0,Mass Regulars,87.77144808997507
16426,3,10,1908.25,Mass Regulars,283.83635110501547
13769,3,10,2796.51,Mass Regulars,131.83505222670806
15568,3,3,758.29,Mass Regulars,232.03282779783476
17434,3,7,2373.82,Mass Regulars,279.1268270194963
16525,3,26,13027.45,Loyal High-Value,152.03387814016224
17449,3,7,2520.86,Mass Regulars,234.65918024929263
13534,3,25,5870.08,Loyal High-Value,202.501226564799
12720,3,25,5781.73,Loyal High-Value,211.19118278839238
16779,3,22,10629.72,Loyal High-Value,184.4371427839973
13089,3,97,58825.83,Elite,1127.265069742035
13668,3,21,6363.59,Loyal High-Value,332.0220212267831
14204,3,1,161.03,Mass Regulars,
14794,3,7,1319.91,Mass Regulars,77.1597056387652
13743,3,7,1341.6,Mass Regulars,16.274617773136026
16672,3,20,8134.94,Loyal High-Value,110.34117635433489
14904,3,2,1025.44,Mass Regulars,-322.31430955298276
17017,3,20,8694.26,Loyal High-Value,96.08921197466688
13685,3,7,3119.44,Mass Regulars,32.130456852899954
12826,3,7,1474.72,Mass Regulars,46.38379984326406
13267,3,19,4521.49,Loyal High-Value,175.09149802346923
17735,3,19,13110.02,Loyal High-Value,359.11857277848037
13882,3,5,1191.13,Mass Regulars,237.90293636531987
14397,3,19,2612.96,Loyal High-Value,62.90569327092177
16458,3,18,3482.74,Loyal High-Value,82.81776802836767
12347,3,7,4310.0,Mass Regulars,117.74704294047068
14085,3,18,4448.54,Loyal High-Value,260.3113352187606
14534,3,18,4447.05,Loyal High-Value,458.32449275818396
12912,3,5,1662.3,Mass Regulars,86.75048443790888
17238,3,17,3744.65,Mass Regulars,323.15372486706934
13767,3,37,17220.36,Loyal High-Value,308.57333529690504
12828,3,6,1018.71,Mass Regulars,99.97939707543625
17503,3,2,558.96,Mass Regulars,-130.60086650261314
18237,3,5,987.1,Mass Regulars,91.6010606072778
12935,3,7,2160.7,Mass Regulars,69.21513252861695
17042,3,5,1044.38,Mass Regulars,53.2135855667943
16368,3,2,497.43,Mass Regulars,-970.5583970394438
12583,3,15,7281.38,Loyal High-Value,176.385206446906
14189,3,15,4654.08,Mass Regulars,139.81232714082287
14087,3,1,194.42,Mass Regulars,
16271,3,5,1429.24,Mass Regulars,71.60526248307308
18272,3,6,3078.58,Mass Regulars,145.11482194412253
17602,3,6,5102.97,Mass Regulars,336.13079226275323
13756,3,14,5189.52,Mass Regulars,100.38973420225281
15471,3,1,469.48,Mass Regulars,
12839,3,14,5591.42,Mass Regulars,143.58824449314736
17232,3,2,421.52,Mass Regulars,-626.4782324648497
17590,3,3,1479.22,Mass Regulars,1467.5951407677003
15525,3,3,825.92,Mass Regulars,200.53428745037468
15883,3,2,396.48,Mass Regulars,-681.0502205116628
17097,3,8,954.42,Mass Regulars,126.26109078626652
13870,3,8,2770.94,Mass Regulars,115.89185951560721
12569,3,32,4124.69,Loyal High-Value,326.4518286162422
14769,3,8,10674.75,Mass Regulars,608.3048507727151
16191,3,13,5180.52,Mass Regulars,82.03919071613177
16393,3,13,3046.21,Mass Regulars,161.38760692586447
17266,3,3,310.64,Mass Regulars,199.94449494356306
16000,3,3,12393.7,Mass Regulars,
16678,3,12,3109.99,Mass Regulars,86.78088389142131
17870,3,12,1894.35,Mass Regulars,171.17020948708455
17511,3,31,91062.38,Loyal High-Value,504.60908249398443
15969,3,3,666.1,Mass Regulars,84.7528516425164
12615,3,4,2291.19,Mass Regulars,204.371927372068
14527,3,55,8508.82,Loyal High-Value,1155.147740529973
12471,3,30,19824.05,Loyal High-Value,446.1322478808929
15298,3,12,4799.9,Mass Regulars,111.10757099040022
15195,3,1,3861.0,Mass Regulars,
15701,3,4,1542.14,Mass Regulars,344.254544015294
15750,3,8,2465.48,Mass Regulars,203.68059695294147
12747,3,11,4196.01,Mass Regulars,113.09652991211584
14032,3,11,2975.59,Mass Regulars,81.04669279685928
18092,3,11,9068.26,Mass Regulars,79.95115307412006
16539,3,4,1388.81,Mass Regulars,53.240297527149735
13949,3,6,2427.32,Mass Regulars,170.54217752166304
17049,3,9,5659.98,Mass Regulars,350.7007701294974
17412,3,7,1258.06,Mass Regulars,42.261044457853366
15136,3,4,1286.7,Mass Regulars,190.4095192217278
16569,4,1,124.2,Mass Regulars,
16764,4,13,2799.25,Mass Regulars,874.8705410482912
13994,4,6,2313.14,Mass Regulars,361.47595446544017
12820,4,4,942.34,Mass Regulars,45.63604569965765
17744,4,6,2322.4,Mass Regulars,34.611724090488316
18283,4,16,2094.88,Mass Regulars,307.30807064937517
16016,4,8,1508.76,Mass Regulars,148.6486734460848
12417,4,9,3649.1,Mass Regulars,269.6040886727687
12971,4,86,11189.91,Loyal High-Value,157.9706947410037
13199,4,38,9817.12,Loyal High-Value,71.0466428569012
13225,4,7,6463.84,Mass Regulars,21.39564961718436
16495,4,3,684.41,Mass Regulars,-436.64289469075584
14293,4,4,1046.56,Mass Regulars,42.42869385497806
13104,4,6,1098.48,Mass Regulars,14.229779865963206
16987,4,7,1625.05,Mass Regulars,259.3444480449003
13755,4,9,2161.35,Mass Regulars,837.6513934193523
12650,4,1,314.44,Mass Regulars,
18225,4,12,5509.12,Mass Regulars,180.04405061356934
12766,4,7,6989.63,Mass Regulars,228.8338339222481
12682,4,31,12288.22,Loyal High-Value,447.0703792738107
14121,4,4,2780.15,Mass Regulars,615.6062316613477
15023,4,11,6802.76,Mass Regulars,531.5543051782797
14578,4,1,168.63,Mass Regulars,
14572,4,7,2832.84,Mass Regulars,225.8866946097333
16949,4,6,1286.27,Mass Regulars,136.18046340302973
14562,4,18,5074.77,Loyal High-Value,408.721506091236
17481,4,4,1255.59,Mass Regulars,194.6986315320277
14868,4,8,2953.59,Mass Regulars,146.2043525742384
13507,4,4,2479.16,Mass Regulars,245.87032648819894
16143,4,6,2424.94,Mass Regulars,139.60895231750803
16528,4,1,244.41,Mass Regulars,
12584,4,9,2338.15,Mass Regulars,204.06594463958493
13323,4,5,787.85,Mass Regulars,86.95020189496344
17119,4,2,606.91,Mass Regulars,-84.53284271198665
16201,4,4,1863.47,Mass Regulars,232.83650623975734
14113,4,4,1840.42,Mass Regulars,34.06916937965327
12716,4,2,1053.49,Mass Regulars,-281.22599726835875
14216,4,4,1839.3,Mass Regulars,425.40644064477266
15318,4,1,312.62,Mass Regulars,
14907,4,7,3501.1,Mass Regulars,153.84188124146579
13881,4,20,17159.52,Loyal High-Value,125.83113785174784
14110,4,12,5683.15,Mass Regulars,95.66296157971529
13694,4,50,65039.62,Loyal High-Value,202.8914834129335
12877,4,12,1535.77,Mass Regulars,71.3185847487639
14825,4,12,2226.91,Mass Regulars,77.78782785192145
16929,4,7,1295.39,Mass Regulars,88.11593040234881
16313,4,2,274.15,Mass Regulars,-101.30063042002878
16620,4,2,178.96,Mass Regulars,-17.853867723392632
15907,4,3,967.45,Mass Regulars,558.8341638563702
16353,4,23,6675.71,Loyal High-Value,67.61352839543227
15822,4,2,885.47,Mass Regulars,-71.85839626710867
12478,4,1,680.99,Mass Regulars,
16979,4,6,1852.0,Mass Regulars,98.95053463974692
17861,4,8,2100.8,Mass Regulars,171.35998698041158
13078,4,26,12627.94,Loyal High-Value,329.14515100114653
12362,4,10,5226.23,Mass Regulars,320.9584257208314
15157,4,3,1936.07,Mass Regulars,105.13067491880807
14418,4,3,1937.25,Mass Regulars,469.7594919135516
17593,4,5,3927.34,Mass Regulars,169.82514644489638
17705,4,9,1823.52,Mass Regulars,90.83465532050903
17728,4,3,2876.01,Mass Regulars,1080.342521838988
17914,4,1,336.43,Mass Regulars,
16013,4,47,37130.6,Loyal High-Value,89.2066295834822
14737,4,3,1164.55,Mass Regulars,26.04055181675751
12749,4,5,4090.88,Mass Regulars,550.9432734425986
14503,4,6,3543.26,Mass Regulars,185.8455894422931
14547,4,8,4007.54,Mass Regulars,985.9179513608149
15992,4,1,41.99,Mass Regulars,
14071,4,8,1438.82,Mass Regulars,301.39767278206796
12723,4,5,725.07,Mass Regulars,296.9865618604939
14282,4,15,3729.34,Mass Regulars,55.96257897860623
16133,4,33,14589.04,Loyal High-Value,285.42515229608966
12989,4,15,6924.11,Loyal High-Value,51.25555899172558
17884,4,4,717.45,Mass Regulars,73.13530456449448
14673,4,5,1736.4,Mass Regulars,51.828315928266996
18005,4,2,249.72,Mass Regulars,-731.43998686967
15194,4,15,7616.53,Loyal High-Value,176.28561352588918
18154,4,2,399.19,Mass Regulars,-202.18062525244858
16015,4,3,705.39,Mass Regulars,390.5491067436246
14735,4,32,6065.69,Loyal High-Value,175.48518853940766
16711,4,5,1651.03,Mass Regulars,26.10385800514245
17730,4,13,5298.48,Mass Regulars,115.02444857700148
17883,4,4,671.77,Mass Regulars,169.02943442636538
17346,4,15,2676.56,Mass Regulars,280.6492651463109
14871,4,4,522.38,Mass Regulars,94.20183951385249
17250,4,2,384.52,Mass Regulars,-189.769293862766
16790,4,6,1545.62,Mass Regulars,188.67996358722834
13709,4,13,6328.05,Mass Regulars,360.88392613896184
17666,4,2,728.16,Mass Regulars,-53.622504454860575
15061,4,48,54534.14,Loyal High-Value,209.85460651829771
12442,4,1,172.06,Mass Regulars,
17290,4,2,525.24,Mass Regulars,-1191.685628216172
14140,4,2,935.05,Mass Regulars,-409.954612618067
16076,4,10,2234.73,Mass Regulars,130.61771919424538
14083,5,9,1018.43,Mass Regulars,90.17081019441859
16360,5,6,3512.53,Mass Regulars,1463.272154957457
16600,5,6,813.52,Mass Regulars,28.06548745442688
16500,5,6,400.86,Mass Regulars,9.362308966186632
16873,5,6,7123.62,Mass Regulars,193.27604648169705
14629,5,2,959.01,Mass Regulars,-1448.0840232156454
16684,5,28,66653.56,Loyal High-Value,166.70491046245584
15856,5,27,16387.57,Loyal High-Value,258.3112080278489
12841,5,25,4022.35,Loyal High-Value,223.0199607752453
15274,5,2,716.57,Mass Regulars,-526.8097323457549
17857,5,23,26879.04,Loyal High-Value,135.69806597157532
15358,5,22,8347.2,Loyal High-Value,254.1950877036349
14194,5,21,11349.52,Loyal High-Value,541.7343661627172
13417,5,2,640.83,Mass Regulars,-301.81697393132674
16200,5,2,1080.62,Mass Regulars,-812.833560415634
14060,5,19,6140.42,Loyal High-Value,68.99446711949363
16746,5,18,6697.66,Loyal High-Value,310.3593829020871
13311,5,2,598.57,Mass Regulars,-21.67396753200158
15290,5,18,7943.22,Loyal High-Value,163.7442435240381
14096,5,17,65164.79,Loyal High-Value,3412.049190089094
17920,5,17,4204.1,Loyal High-Value,341.0858118567785
17706,5,17,10504.49,Loyal High-Value,396.69369164577796
12646,5,2,1346.97,Mass Regulars,-298.4444203290523
18198,5,17,5425.56,Loyal High-Value,94.60083486577064
16592,5,16,4113.68,Mass Regulars,138.8627711800491
16811,5,2,547.07,Mass Regulars,-433.6415877459182
16904,5,16,3754.27,Mass Regulars,467.6713658361638
17404,5,15,31906.82,Loyal High-Value,110.02917966657574
13985,5,15,7060.13,Loyal High-Value,265.68764999022363
14759,5,3,1625.97,Mass Regulars,293.7484031372498
15053,5,3,697.79,Mass Regulars,67.40607827477132
12683,5,15,8476.57,Loyal High-Value,207.77598377795795
15640,5,15,12515.66,Loyal High-Value,332.29826922122675
16968,5,2,439.43,Mass Regulars,-72.03343658166479
18223,5,14,6484.54,Mass Regulars,191.4279104376603
13230,5,14,2806.97,Mass Regulars,368.4088006287343
13001,5,13,9818.82,Loyal High-Value,210.20946704218645
17402,5,13,2633.85,Mass Regulars,61.6557573977738
14401,5,13,4051.48,Mass Regulars,62.85463667753525
15854,5,12,2974.65,Mass Regulars,96.58015719966242
17579,5,3,448.9,Mass Regulars,116.38467817469963
13173,5,2,353.65,Mass Regulars,-79.06652203639347
13083,5,2,303.75,Mass Regulars,-95.27095003011063
12628,5,3,786.46,Mass Regulars,243.94443376628445
16149,5,2,280.52,Mass Regulars,-29.133989348023146
17254,5,2,272.44,Mass Regulars,-838.8260147295994
12925,5,2,694.05,Mass Regulars,-228.63845095891944
14075,5,3,942.26,Mass Regulars,44.1186758904608
15690,5,2,239.76,Mass Regulars,-37.61858238380431
17817,5,3,387.68,Mass Regulars,-114.0932067036075
18030,5,2,230.65,Mass Regulars,-344.41026756352704
12994,5,3,974.42,Mass Regulars,150.09081975192896
15033,5,10,2586.67,Mass Regulars,261.62163955300576
18015,5,1,120.03,Mass Regulars,
18044,5,10,2088.6,Mass Regulars,144.81430092062374
13305,5,10,2000.86,Mass Regulars,71.37687450554712
17218,5,10,1960.72,Mass Regulars,180.33199171956298
16851,5,3,342.45,Mass Regulars,86.02111503253103
13790,5,1,348.8,Mass Regulars,
17006,5,4,781.78,Mass Regulars,172.5309782335345
16513,5,4,874.59,Mass Regulars,174.62945652322497
15628,5,9,2870.24,Mass Regulars,91.69358779009362
15145,5,4,1194.73,Mass Regulars,68.20909523469535
13021,5,9,2616.38,Mass Regulars,138.43168077268072
17526,5,4,1195.9,Mass Regulars,32.39301557706324
15621,5,4,1293.03,Mass Regulars,121.34862448333561
17811,5,39,7837.73,Loyal High-Value,557.7194119598244
15932,5,8,2495.87,Mass Regulars,49.77450924411496
15392,5,4,1535.53,Mass Regulars,69.4092916125525
16642,5,2,688.33,Mass Regulars,-81.32655290897253
13126,5,8,2099.64,Mass Regulars,79.2808796885632
14608,5,4,1785.15,Mass Regulars,35.305632529675826
16597,5,1,90.04,Mass Regulars,
14219,5,1,89.94,Mass Regulars,
16379,5,4,2157.4,Mass Regulars,243.202208478024
15097,5,1,248.08,Mass Regulars,
15550,5,4,575.63,Mass Regulars,78.54522175038505
16910,5,8,1510.06,Mass Regulars,999.2071360205601
15031,5,4,668.14,Mass Regulars,152.02088447546856
17383,5,1,199.29,Mass Regulars,
14649,5,4,1417.29,Mass Regulars,373.84471967175665
12782,5,5,2330.92,Mass Regulars,112.55220070374466
14739,5,7,3902.28,Mass Regulars,31.98030601239672
15572,5,7,2552.86,Mass Regulars,225.53630925673147
12367,5,1,168.9,Mass Regulars,
13079,5,5,220.1,Mass Regulars,15.900494165803687
12381,5,5,1845.31,Mass Regulars,149.59553534100772
17090,5,7,2043.95,Mass Regulars,52.17755655434754
14931,5,5,1257.68,Mass Regulars,218.30658492653617
16682,5,5,1028.0,Mass Regulars,21.4810624972163
14696,5,7,2078.95,Mass Regulars,82.38277720771555
12913,5,5,2483.63,Mass Regulars,47.82304148927364
18180,5,6,1843.75,Mass Regulars,140.55008084662273
17676,5,6,1387.68,Mass Regulars,36.894928678831896
17936,6,1,389.84,Mass Regulars,
13630,6,7,2031.78,Mass Regulars,41.239633526107184
14658,6,2,247.15,Mass Regulars,-258.74576203906315
17131,6,5,2463.17,Mass Regulars,465.45516693896667
12724,6,4,1031.41,Mass Regulars,79.0142825764738
17954,6,12,2332.72,Mass Regulars,233.49193655806502
13822,6,2,632.0,Mass Regulars,-44.829592444483744
17858,6,12,5155.66,Mass Regulars,277.23854894828145
14720,6,3,663.81,Mass Regulars,256.01651472367683
17750,6,9,1797.57,Mass Regulars,46.05108727705524
14456,6,9,3062.4,Mass Regulars,1052.65450639387
13704,6,9,2308.06,Mass Regulars,392.138941917114
18065,6,14,2392.83,Mass Regulars,161.4812038862933
17827,6,5,1995.46,Mass Regulars,153.58859870230492
17173,6,8,3766.6,Mass Regulars,192.57227571967118
13319,6,26,10845.55,Loyal High-Value,359.33335323978395
14546,6,5,2578.09,Mass Regulars,431.1886178538476
14102,6,5,1360.28,Mass Regulars,130.1941862004609
17629,6,8,1814.12,Mass Regulars,63.23389199296099
16283,6,5,1570.81,Mass Regulars,179.231040835042
13153,6,1,486.22,Mass Regulars,
12827,6,3,430.15,Mass Regulars,110.87912726115424
16561,6,2,511.12,Mass Regulars,-346.9352945781638
16535,6,1,593.75,Mass Regulars,
15773,6,1,635.68,Mass Regulars,
17618,6,3,971.58,Mass Regulars,129.77025368629256
16438,6,5,798.35,Mass Regulars,238.28025893194655
15867,6,15,3812.64,Mass Regulars,374.77840071296174
17114,6,8,808.62,Mass Regulars,168.006008636718
12952,6,4,1387.79,Mass Regulars,395.97783533210344
13558,6,4,605.06,Mass Regulars,415.5808455675269
14583,6,5,1052.55,Mass Regulars,307.13801827361465
16988,6,1,126.12,Mass Regulars,
13736,6,2,731.9,Mass Regulars,-452.5744026948027
13596,6,2,697.04,Mass Regulars,-418.12437006997044
12719,6,2,644.95,Mass Regulars,-464.2847585142807
12673,6,2,610.52,Mass Regulars,-103.63583387947187
16905,6,7,3102.43,Mass Regulars,223.8990375880053
13435,6,7,3809.89,Mass Regulars,128.95756546015957
14354,6,2,163.62,Mass Regulars,-36.602442211574086
12490,6,10,5417.93,Mass Regulars,167.5618939299884
16931,6,21,4604.22,Loyal High-Value,429.270410847486
12560,6,3,2134.01,Mass Regulars,175.46555282146352
13956,6,5,1026.42,Mass Regulars,214.5538051089658
13838,6,4,691.73,Mass Regulars,239.62802985221617
13808,6,5,1747.66,Mass Regulars,180.68685770318706
16033,6,20,8816.4,Loyal High-Value,911.0914814935
16326,6,14,3110.96,Mass Regulars,401.993021092018
14428,8,5,1244.83,Mass Regulars,191.09995181543914
15769,8,26,56252.72,Loyal High-Value,63.18189222856572
13309,8,5,1456.79,Mass Regulars,56.01509749185357
17221,8,2,335.13,Mass Regulars,-501.77455950577473
13780,8,2,360.01,Mass Regulars,-372.4690978915173
13495,8,5,2044.87,Mass Regulars,31.370892145937674
14865,8,2,52.2,Mass Regulars,-2.6395555413942255
18174,8,1,104.0,Mass Regulars,
17942,8,1,77.5,Mass Regulars,
17686,8,7,5739.46,Mass Regulars,327.51769358859565
16333,8,22,26626.8,Loyal High-Value,14.170893293313544
14560,8,22,2237.77,Loyal High-Value,66.77759474273815
17386,8,6,2686.42,Mass Regulars,26.56471481060649
12695,8,4,582.1,Mass Regulars,69.33396525897582
12856,8,6,2179.93,Mass Regulars,770.9928229500161
14594,8,2,379.83,Mass Regulars,-123.65954005686982
12364,8,4,1313.1,Mass Regulars,109.00814174983385
16989,8,6,1133.25,Mass Regulars,6.088839314801929
14688,8,21,5630.87,Loyal High-Value,159.17632327563447
18245,8,7,2567.06,Mass Regulars,149.60775607404275
13017,8,1,204.0,Mass Regulars,
13953,8,7,3515.68,Mass Regulars,14.082287776142008
14250,8,3,1904.05,Mass Regulars,-454.4273255104909
15547,8,14,4954.84,Mass Regulars,446.5376484703145
12700,8,4,4939.99,Mass Regulars,392.2542894337837
14092,8,14,4076.91,Mass Regulars,145.23493832485474
14895,8,20,11138.71,Loyal High-Value,505.0358443306354
13458,8,14,9646.57,Loyal High-Value,219.8088380796247
16359,8,9,1750.92,Mass Regulars,153.40513276902317
17567,8,8,4331.48,Mass Regulars,83.112909973285
12587,8,1,144.0,Mass Regulars,
15078,8,32,9743.11,Loyal High-Value,237.53763454100314
17611,8,15,3984.22,Mass Regulars,346.41615393489536
15271,8,15,2507.07,Mass Regulars,180.72429596008064
14493,8,5,2383.24,Mass Regulars,206.56301971227842
13868,8,2,3192.54,Mass Regulars,-18.525834394884967
14897,8,4,1366.38,Mass Regulars,133.57895582534852
16038,8,3,471.78,Mass Regulars,28.386152374765796
17495,8,2,497.56,Mass Regulars,-136.99838419130282
16440,8,5,3640.67,Mass Regulars,302.5430210463345
15123,8,2,2199.31,Mass Regulars,-405.46892251563736
18055,8,10,6784.19,Mass Regulars,358.3833252742397
12762,8,2,1898.52,Mass Regulars,-1029.1726625219499
13560,8,1,174.37,Mass Regulars,
16474,8,7,1871.5,Mass Regulars,429.6570105134752
14788,8,2,679.44,Mass Regulars,-316.2352082137178
16759,8,3,789.79,Mass Regulars,-268.3704438662168
14031,8,19,17286.86,Loyal High-Value,238.78484543842077
13969,8,18,9053.94,Loyal High-Value,442.6058781004295
12684,8,7,2283.63,Mass Regulars,101.48272587896507
17584,8,2,1242.3,Mass Regulars,-277.323237612311
13183,8,9,3957.78,Mass Regulars,49.216365783645706
16103,8,6,1429.64,Mass Regulars,82.74096381594511
14023,8,2,584.07,Mass Regulars,-86.74566309724703
14292,8,9,4871.93,Mass Regulars,111.40049675574306
17086,8,6,2050.08,Mass Regulars,201.59193013651554
15539,8,1,538.46,Mass Regulars,
12558,8,1,269.96,Mass Regulars,
13705,8,3,711.86,Mass Regulars,20.40355040262147
18282,8,2,178.05,Mass Regulars,-88.03373067796718
15570,8,12,4165.52,Mass Regulars,263.95361797219454
17183,8,6,3347.31,Mass Regulars,248.45726476939464
18144,8,12,2888.75,Mass Regulars,47.78497535007921
12704,8,8,2340.84,Mass Regulars,290.9452094924592
16899,8,6,1281.56,Mass Regulars,125.61274592924597
12962,8,2,266.39,Mass Regulars,-51.653597081008776
14126,8,3,706.13,Mass Regulars,-22.603636496511367
13884,8,5,787.6,Mass Regulars,101.44259748363588
17157,8,2,319.0,Mass Regulars,-44.59020244884318
13297,8,4,2089.85,Mass Regulars,159.71015546477742
12970,8,4,452.24,Mass Regulars,-471.870457095179
18097,8,6,2697.8,Mass Regulars,114.86791796906603
17450,9,46,194550.79,Elite,268.696188181115
14287,9,3,176.63,Mass Regulars,-37.86530812009727
18077,9,11,2633.01,Mass Regulars,102.14530510714891
15500,9,4,1131.56,Mass Regulars,323.68158400928826
16156,9,9,3122.04,Mass Regulars,113.16330268243334
15687,9,9,2993.1,Mass Regulars,199.62240259040536
17381,9,29,20275.61,Loyal High-Value,33.71617267421239
12664,9,9,4881.88,Mass Regulars,111.06164824268144
14659,9,9,2529.93,Mass Regulars,189.58265157853194
17350,9,4,1286.07,Mass Regulars,408.5893148457942
14309,9,9,2352.53,Mass Regulars,74.05784215893061
17014,9,3,586.33,Mass Regulars,457.02280417449424
15021,9,9,1914.82,Mass Regulars,315.1473631858373
17293,9,9,1875.11,Mass Regulars,96.90819870164859
14960,9,2,221.27,Mass Regulars,-115.97044822527398
15948,9,2,955.24,Mass Regulars,-463.52413229794377
15060,9,4,303.09,Mass Regulars,-139.43739067622315
13159,9,4,1437.85,Mass Regulars,255.35611856501512
16966,9,7,2154.97,Mass Regulars,11.5603764963443
16145,9,11,3799.49,Mass Regulars,125.08825172840561
17426,9,6,5037.26,Mass Regulars,303.00094182266344
16169,9,4,1822.97,Mass Regulars,208.86206056147665
15101,9,2,317.53,Mass Regulars,-14.27576135164664
14655,9,4,1932.23,Mass Regulars,74.30081063254534
18122,9,6,1826.21,Mass Regulars,552.7410422759725
16839,9,34,16594.35,Loyal High-Value,180.90769896176707
16789,9,1,80.8,Mass Regulars,
16938,9,4,2736.38,Mass Regulars,327.16040369068816
15373,9,12,2415.91,Mass Regulars,153.14183336461204
17115,9,3,837.5,Mass Regulars,88.63434817324077
16700,9,13,5076.55,Mass Regulars,154.90008809102488
15028,9,4,627.13,Mass Regulars,39.68733233127374
12963,9,8,1856.63,Mass Regulars,80.89882764883976
14289,9,6,911.26,Mass Regulars,68.51360658558978
16701,9,13,5398.3,Mass Regulars,76.89046971516082
14732,9,8,2702.49,Mass Regulars,139.41289849655067
14262,9,8,2618.23,Mass Regulars,110.95143838972601
12919,9,6,1335.19,Mass Regulars,65.85805024222734
16119,9,2,423.36,Mass Regulars,-55.49610777267827
13090,9,14,8910.82,Loyal High-Value,176.54651420394876
16496,9,3,1599.52,Mass Regulars,124.13023720018873
14440,9,5,2357.68,Mass Regulars,70.98051858504802
15434,9,5,1041.48,Mass Regulars,98.04424750115047
15172,9,5,1624.05,Mass Regulars,83.81507501228019
12951,9,6,1064.07,Mass Regulars,57.88291995096947
15531,9,2,2007.44,Mass Regulars,-989.809050159101
16011,9,16,3362.71,Mass Regulars,97.8592072667536
14367,9,16,9261.52,Loyal High-Value,464.9010586783186
15144,9,17,6580.44,Loyal High-Value,171.42971457759484
14178,9,7,1620.93,Mass Regulars,275.23495530198073
13509,9,7,979.72,Mass Regulars,18.840041948224147
14146,9,5,4191.0,Mass Regulars,200.69927434219065
15380,9,5,1690.26,Mass Regulars,78.29571373399138
17321,9,2,700.86,Mass Regulars,-50.31421918005585
15904,9,1,164.68,Mass Regulars,
17566,9,2,901.21,Mass Regulars,-2200.407215014323
17576,9,19,3622.68,Loyal High-Value,298.81924021911846
14047,9,5,1308.61,Mass Regulars,30.723343798535
15993,9,7,2797.57,Mass Regulars,1185.131420307379
16242,9,7,3603.21,Mass Regulars,246.4096302587541
12562,9,7,3781.74,Mass Regulars,237.60359641479323
12572,9,2,1020.42,Mass Regulars,-757.3116438582766
16376,9,2,987.01,Mass Regulars,-982.7708515502392
15951,9,2,708.22,Mass Regulars,-138.8991672675623
14766,9,6,2473.37,Mass Regulars,105.52194397589237
13040,9,2,676.99,Mass Regulars,-534.9398196540686
13854,9,25,8109.52,Loyal High-Value,117.74393097814122
14869,9,2,725.7,Mass Regulars,-401.1382735582262
14243,9,10,2588.77,Mass Regulars,142.29470868766316
16813,9,10,1692.98,Mass Regulars,286.47735601511994
12553,9,10,3692.28,Mass Regulars,156.0671936802902
14804,9,1,353.27,Mass Regulars,
17937,9,7,4301.22,Mass Regulars,32.38019788721601
15862,9,4,832.88,Mass Regulars,83.337583032385
12901,9,28,17654.54,Loyal High-Value,51.446346274719666
17768,9,3,2273.18,Mass Regulars,338.6517630228407
15602,9,9,1297.87,Mass Regulars,28.280750997896124
14298,9,44,51527.3,Loyal High-Value,559.2206972840648
14299,9,9,3965.62,Mass Regulars,117.6915698377767
15414,10,3,774.9,Mass Regulars,106.95032545604381
14156,10,55,117379.63,Elite,1227.5293555568944
13255,10,2,399.51,Mass Regulars,-55.03075580337891
13012,10,8,1661.84,Mass Regulars,77.02901499281778
17502,10,4,689.1,Mass Regulars,113.20830753265305
15680,10,3,1333.68,Mass Regulars,86.85219421042852
15611,10,13,1591.45,Mass Regulars,64.7088541358232
15152,10,13,4745.69,Mass Regulars,351.05722969109036
16241,10,13,2607.87,Mass Regulars,366.7660796981893
14448,10,2,375.35,Mass Regulars,-12.607155620438425
15073,10,3,1043.41,Mass Regulars,116.48944483608791
13203,10,4,869.46,Mass Regulars,70.10842525326744
12966,10,1,160.18,Mass Regulars,
12488,10,3,1298.66,Mass Regulars,267.53630423335784
14432,10,6,2255.51,Mass Regulars,503.2522200162957
12429,10,4,3750.4,Mass Regulars,112.6517797129863
15654,10,2,922.53,Mass Regulars,-434.7333918082968
15251,10,11,10484.99,Mass Regulars,122.75961623494693
16361,10,4,896.66,Mass Regulars,342.8869393769794
12524,10,8,4485.72,Mass Regulars,118.42146538696655
16712,10,11,3645.43,Mass Regulars,420.4804937040459
16062,10,4,1153.62,Mass Regulars,66.61859037608872
13362,10,4,3090.74,Mass Regulars,208.73598158514335
16115,10,8,1667.97,Mass Regulars,214.60476643343674
17288,10,7,1419.73,Mass Regulars,114.80165511339756
12598,10,8,3023.08,Mass Regulars,111.55681043991022
15394,10,4,2183.54,Mass Regulars,89.76129405356917
12787,10,3,463.66,Mass Regulars,58.926690565095186
15467,10,3,524.88,Mass Regulars,93.81652227392325
14258,10,9,12669.98,Mass Regulars,99.69343860091242
14062,10,12,10464.85,Loyal High-Value,65.32996586776105
15903,10,7,5126.76,Mass Regulars,58.42059586471061
18179,10,6,1793.17,Mass Regulars,67.6070722440644
13647,10,4,1678.12,Mass Regulars,117.40012706267204
15039,10,47,19914.44,Loyal High-Value,1050.814471782075
15544,10,9,3546.71,Mass Regulars,99.58070095495975
14713,10,11,2666.36,Mass Regulars,203.01900772410366
15782,10,3,2614.74,Mass Regulars,351.1750696186455
16265,10,9,5447.0,Mass Regulars,242.2520844077689
13784,10,11,2462.79,Mass Regulars,22.854282043913052
16657,10,4,933.62,Mass Regulars,134.34668265523692
17911,10,1,366.23,Mass Regulars,
14618,10,3,553.44,Mass Regulars,38.67133550949105
16915,10,6,621.68,Mass Regulars,118.48639747205952
18241,10,17,2073.09,Mass Regulars,98.56503099009934
14755,10,11,5010.28,Mass Regulars,245.86975648324642
12630,10,2,1270.88,Mass Regulars,-996.8071547555596
12784,10,2,574.42,Mass Regulars,-323.6670301639972
14005,10,5,2874.72,Mass Regulars,92.98356305348281
15024,10,10,1661.33,Mass Regulars,89.99580197477064
15444,10,2,1418.26,Mass Regulars,-2278.0853786133907
14893,10,2,1237.85,Mass Regulars,-681.4968433957663
14385,10,3,202.11,Mass Regulars,84.74723011872615
12882,10,2,1463.04,Mass Regulars,-483.61515916810725
12921,10,37,16587.09,Loyal High-Value,390.1759955257018
16295,10,4,1328.55,Mass Regulars,370.7724611723186
15113,10,3,3609.33,Mass Regulars,152.87466207777402
17736,10,3,377.44,Mass Regulars,78.37236297733787
18230,10,7,2810.2,Mass Regulars,52.03121830327386
18058,10,1,170.16,Mass Regulars,
12714,10,5,4708.86,Mass Regulars,213.39768684258448
14963,10,5,1487.8,Mass Regulars,220.99330478780473
12528,10,6,1933.48,Mass Regulars,140.8600113107568
15712,10,5,1072.36,Mass Regulars,55.812951426583176
12957,10,8,4017.54,Mass Regulars,188.70518649641915
14540,10,3,996.26,Mass Regulars,204.60398593768434
17737,10,2,168.24,Mass Regulars,-76.60167135827948
13658,10,5,2639.17,Mass Regulars,311.18925402144174
12953,10,1,329.85,Mass Regulars,
15046,10,15,5213.77,Mass Regulars,132.35239498281246
18158,10,2,453.4,Mass Regulars,-54.82037083862369
17466,11,2,763.28,Mass Regulars,-283.4225459103631
14550,11,2,765.62,Mass Regulars,-412.2627477278816
15239,11,2,780.59,Mass Regulars,-162.92852621996425
16168,11,27,3787.6,Loyal High-Value,73.9700733092828
18118,11,26,5653.82,Loyal High-Value,694.9260778155951
14180,11,25,4748.52,Loyal High-Value,504.05772263779926
14667,11,25,9241.2,Loyal High-Value,410.86358294864345
15615,11,23,10399.74,Loyal High-Value,255.045221238549
17306,11,19,8631.31,Loyal High-Value,26.862803200462753
13576,11,18,6717.34,Loyal High-Value,89.82232071905764
14088,11,13,50491.81,Loyal High-Value,789.8108440776823
16782,11,13,2279.9,Mass Regulars,135.61444237505293
13999,11,12,3901.81,Mass Regulars,119.28910643540098
14866,11,12,14389.9,Loyal High-Value,87.25419646903129
15218,11,11,5756.89,Mass Regulars,133.71182784430658
14711,11,11,2868.8,Mass Regulars,577.7151637558669
16818,11,11,3349.57,Mass Regulars,163.6905558670189
16775,11,11,1695.66,Mass Regulars,174.38032854051337
16549,11,10,4154.64,Mass Regulars,600.423734899337
13014,11,10,3466.28,Mass Regulars,173.17300462080507
14349,11,1,133.5,Mass Regulars,
14961,11,9,7044.68,Mass Regulars,232.63905697981176
14701,11,9,2549.37,Mass Regulars,289.12609269920523
14390,11,9,4652.82,Mass Regulars,224.75142681637863
12464,11,8,1212.05,Mass Regulars,97.86370011948996
13137,11,8,3650.41,Mass Regulars,425.20922232219226
14388,11,8,3212.84,Mass Regulars,125.46028566682838
12727,11,7,3980.7,Mass Regulars,140.60051974195827
17655,11,7,2638.94,Mass Regulars,120.5879305640883
12627,11,7,4478.53,Mass Regulars,369.5612283763976
14408,11,7,2606.53,Mass Regulars,75.03499553521719
13198,11,6,3401.24,Mass Regulars,151.79522514977782
17682,11,6,2474.33,Mass Regulars,79.2784180184237
15089,11,6,2420.84,Mass Regulars,210.1191697760642
15755,11,6,2364.25,Mass Regulars,153.73755305328928
14419,11,6,1058.06,Mass Regulars,149.65349658082536
14209,11,6,2073.43,Mass Regulars,129.358655136339
14723,11,6,1158.3,Mass Regulars,178.85038643215108
16992,11,5,1614.31,Mass Regulars,125.34260846538257
13883,11,5,2674.48,Mass Regulars,311.59728489180554
12654,11,5,601.98,Mass Regulars,68.1987880878349
14321,11,5,1530.75,Mass Regulars,57.303309171868264
12670,11,5,2996.05,Mass Regulars,120.64642924976255
12451,11,5,9035.52,Mass Regulars,255.7876860286183
13928,11,4,464.57,Mass Regulars,121.60255164495543
13147,11,4,712.8,Mass Regulars,19.665647991643056
14601,11,1,213.96,Mass Regulars,
13428,11,1,218.47,Mass Regulars,
15790,11,1,220.85,Mass Regulars,
14554,11,4,2381.04,Mass Regulars,905.6498772478096
15783,11,1,246.3,Mass Regulars,
13349,11,1,247.32,Mass Regulars,
17101,11,4,1621.73,Mass Regulars,69.1797068557684
15148,11,1,301.29,Mass Regulars,
14824,11,4,1127.71,Mass Regulars,47.7715765414549
13429,11,4,1006.8,Mass Regulars,101.15363668511473
15206,11,4,420.3,Mass Regulars,12.148725981321178
14173,11,4,450.84,Mass Regulars,78.6714389379479
15619,11,1,336.4,Mass Regulars,
15197,11,3,1079.61,Mass Regulars,42.08470953169999
14785,11,2,77.4,Mass Regulars,-15.251717294116256
14125,11,3,2740.43,Mass Regulars,712.8811546008592
17468,11,2,137.0,Mass Regulars,-20.860265673055483
16852,11,2,144.91,Mass Regulars,-39.239014725947584
17772,11,2,182.77,Mass Regulars,
14836,11,3,102.45,Mass Regulars,16.713519001540348
14452,11,2,264.44,Mass Regulars,-422.634537077342
12798,11,3,6977.04,Mass Regulars,5.633652757107122
15297,11,3,641.94,Mass Regulars,189.7663071978295
16479,11,2,300.83,Mass Regulars,
13068,11,2,344.0,Mass Regulars,-3.938232649815881
13657,11,2,382.14,Mass Regulars,-83.5449946465945
17711,11,2,385.1,Mass Regulars,-36.177284697631436
13211,11,3,1197.42,Mass Regulars,54.78798626523894
12375,11,2,457.5,Mass Regulars,-224.72135190641887
13467,11,2,1083.71,Mass Regulars,-780.6662580792777
13496,11,2,653.33,Mass Regulars,-19.152319054235093
14704,12,9,1546.91,Mass Regulars,440.20482204296593
15561,12,4,800.59,Mass Regulars,79.87114297671015
13004,12,18,5655.91,Loyal High-Value,187.41105959304645
15511,12,5,909.23,Mass Regulars,591.0837561457166
13418,12,18,6127.43,Loyal High-Value,206.97123765252115
17188,12,7,2474.23,Mass Regulars,65.88799517190537
17988,12,7,201.12,Mass Regulars,52.37586593714974
14511,12,5,1314.81,Mass Regulars,129.72295953372102
13258,12,3,698.58,Mass Regulars,94.6908338601644
17739,12,7,2791.35,Mass Regulars,59.90867045815662
13389,12,3,797.96,Mass Regulars,123.41025592729967
13115,12,4,2294.78,Mass Regulars,131.89649841038667
12660,12,1,245.1,Mass Regulars,
12657,12,4,1643.18,Mass Regulars,253.91267030478193
16364,12,2,707.04,Mass Regulars,-245.11911416404175
15540,12,1,213.3,Mass Regulars,
15571,12,4,650.43,Mass Regulars,161.4590591057388
17523,12,4,652.74,Mass Regulars,206.2387713807213
13081,12,11,28337.38,Loyal High-Value,604.3710187014448
14480,12,1,279.05,Mass Regulars,
15601,12,14,6776.56,Mass Regulars,255.656385996527
15721,12,1,507.08,Mass Regulars,
17299,12,4,669.11,Mass Regulars,61.590152428309494
18101,12,2,223.65,Mass Regulars,-193.05888489837275
14741,12,6,1400.34,Mass Regulars,43.73319081521562
13950,12,4,745.06,Mass Regulars,72.13629584731527
14470,12,2,461.19,Mass Regulars,-83.19204412026014
13590,12,6,1981.92,Mass Regulars,54.754460685585116
17806,12,1,546.04,Mass Regulars,
18041,12,21,4183.39,Loyal High-Value,185.2995500101954
17019,12,4,1272.61,Mass Regulars,169.0317375438477
17031,12,2,380.35,Mass Regulars,-36.96164145045831
15714,12,2,330.88,Mass Regulars,-509.67533125590825
14215,12,6,1789.72,Mass Regulars,72.88994234445248
17419,12,12,4226.57,Mass Regulars,207.2313988059248
14290,12,5,2314.65,Mass Regulars,91.99550738777329
14597,12,2,883.15,Mass Regulars,-203.122384268747
17651,12,10,3945.0,Mass Regulars,220.30893492388847
13844,12,1,361.62,Mass Regulars,
17924,12,7,2962.5,Mass Regulars,32.26357784452526
16744,12,7,1304.76,Mass Regulars,297.74525568762203
13188,12,1,114.6,Mass Regulars,
16094,12,4,1078.23,Mass Regulars,175.283340082077
13266,12,12,3834.26,Mass Regulars,120.41501940047655
17379,12,1,404.66,Mass Regulars,
17237,12,2,314.69,Mass Regulars,-219.85809601464845
13196,12,4,1797.78,Mass Regulars,153.45284974206388
18229,12,20,7276.9,Loyal High-Value,170.34889465053408
12668,12,4,3807.15,Mass Regulars,215.28897555813631
12906,12,5,2919.81,Mass Regulars,-236.4660781511048
13914,12,2,626.45,Mass Regulars,-315.0355571433902
15022,12,4,905.04,Mass Regulars,784.6733836847696
13758,12,7,3190.55,Mass Regulars,95.76730613291333
17359,12,1,127.86,Mass Regulars,
18096,12,3,911.15,Mass Regulars,1044.1915631844583
14901,12,9,1421.29,Mass Regulars,70.41079577057165
16347,12,2,887.65,Mass Regulars,-1432.7926003818714
13030,12,2,799.48,Mass Regulars,-188.4420277598727
12479,12,1,527.2,Mass Regulars,
17929,12,4,843.0,Mass Regulars,13.894112506283754
17852,12,2,114.34,Mass Regulars,
15838,12,19,33643.08,Loyal High-Value,80.34359660734408
16800,12,1,1201.49,Mass Regulars,
14859,13,4,1353.74,Mass Regulars,193.19036083440523
18112,13,2,352.69,Mass Regulars,-115.52299594681847
15861,13,8,3165.36,Mass Regulars,343.2815616388434
17236,13,6,916.13,Mass Regulars,83.65819426125213
17769,13,10,3997.98,Mass Regulars,263.75673819300863
17068,13,21,4552.14,Loyal High-Value,163.91013885337227
16942,13,9,1920.59,Mass Regulars,305.612031179445
14878,13,9,1485.54,Mass Regulars,82.93030194549927
17885,13,1,190.19,Mass Regulars,
16877,13,6,853.72,Mass Regulars,176.85837675426387
17365,13,8,4801.56,Mass Regulars,251.6345218097498
13064,13,4,1119.49,Mass Regulars,100.41875449153504
13610,13,7,1131.88,Mass Regulars,199.17188325670512
18156,13,2,734.94,Mass Regulars,-377.8786982534482
16407,13,10,2126.93,Mass Regulars,143.01203285853177
15054,13,2,302.1,Mass Regulars,-603.7387699491046
16983,13,7,1931.25,Mass Regulars,98.2474660109242
14954,13,1,336.17,Mass Regulars,
13991,13,6,855.97,Mass Regulars,91.30183673630572
15436,13,3,1122.53,Mass Regulars,431.6965296539102
13546,13,3,626.99,Mass Regulars,182.4754243562043
15514,13,11,4139.46,Mass Regulars,70.85409117722502
17595,13,2,388.79,Mass Regulars,-867.0826201990442
16005,13,4,615.39,Mass Regulars,334.5659039075731
16024,13,1,251.24,Mass Regulars,
18001,13,2,417.23,Mass Regulars,-351.22265081539575
14577,13,4,859.71,Mass Regulars,92.44612082074366
15009,13,3,1261.78,Mass Regulars,1007.9376623478449
15987,13,7,1451.28,Mass Regulars,89.30602036639557
16923,13,19,7247.61,Loyal High-Value,482.5573890009398
17864,13,3,597.5,Mass Regulars,130.0615497748208
15747,13,3,974.04,Mass Regulars,245.81498707314353
13782,13,6,912.0,Mass Regulars,107.74731814518337
17231,13,10,3174.32,Mass Regulars,373.59337961823
18145,13,4,2861.55,Mass Regulars,166.65506004646235
17812,13,4,732.16,Mass Regulars,150.84904207134468
14093,13,1,442.85,Mass Regulars,
13232,13,7,1357.6,Mass Regulars,282.8780722192815
13571,13,12,2092.32,Mass Regulars,186.58387436672652
15555,13,16,4805.17,Mass Regulars,372.0667402275712
15351,13,7,1960.11,Mass Regulars,150.9734673829998
17411,13,3,778.94,Mass Regulars,92.9314235200465
17562,15,7,1122.38,Mass Regulars,53.9264131160869
13149,15,4,1676.06,Mass Regulars,98.6183776894667
15186,15,2,411.41,Mass Regulars,-131.86392888374291
12681,15,22,13787.54,Loyal High-Value,462.8877336417495
12620,15,3,1339.41,Mass Regulars,142.08755611554284
17302,15,5,1135.63,Mass Regulars,73.11109312528738
13050,15,17,5836.86,Loyal High-Value,275.88344505057887
15117,15,5,1551.78,Mass Regulars,93.7936258474383
14966,15,1,191.32,Mass Regulars,
17385,15,1,261.11,Mass Regulars,
17624,15,2,843.48,Mass Regulars,-165.2016829668881
15473,15,7,1771.2,Mass Regulars,32.85856508206075
16719,15,7,1790.42,Mass Regulars,173.2359679125475
12531,15,1,125.22,Mass Regulars,
13048,15,4,1835.91,Mass Regulars,84.70345363884682
13332,15,1,350.9,Mass Regulars,
13437,15,7,3408.06,Mass Regulars,167.2704328738661
14111,15,4,692.85,Mass Regulars,20.709437727274096
13184,15,10,1701.29,Mass Regulars,94.3341462516865
13579,15,2,467.04,Mass Regulars,-84.37706079071667
17348,15,5,1159.52,Mass Regulars,132.41757584221187
17813,15,5,1770.88,Mass Regulars,1275.2782670378467
18172,15,20,7561.68,Loyal High-Value,122.69799908850575
15382,15,6,5955.71,Mass Regulars,261.0156492659404
15737,15,8,1205.12,Mass Regulars,82.47542805899522
16814,15,21,6509.1,Loyal High-Value,243.66635788494798
15872,15,2,360.93,Mass Regulars,
13978,15,2,196.79,Mass Regulars,-19.202405154251082
17329,15,2,523.11,Mass Regulars,-114.03223155725985
13525,15,2,628.78,Mass Regulars,-44.97118639434333
13589,15,2,379.65,Mass Regulars,-194.6072932740285
14703,15,1,318.17,Mass Regulars,
15134,15,8,1387.99,Mass Regulars,62.42948496561528
17557,15,3,541.46,Mass Regulars,87.32235092106855
12438,15,2,2906.85,Mass Regulars,-719.6487475513712
16327,15,6,3844.22,Mass Regulars,175.8820403270166
16856,15,1,35.4,Mass Regulars,
14710,15,4,606.13,Mass Regulars,369.87279944934926
15793,15,3,965.61,Mass Regulars,30.01859771163148
14946,15,1,100.9,Mass Regulars,
15428,16,1,93.78,Mass Regulars,
14709,16,13,4921.04,Mass Regulars,128.142697025941
12388,16,6,2780.66,Mass Regulars,80.74657900812022
16173,16,6,1418.32,Mass Regulars,189.2905432238934
13638,16,1,122.64,Mass Regulars,
18130,16,3,1059.39,Mass Regulars,411.31201747109685
15005,16,28,6316.57,Loyal High-Value,597.3233341305987
18188,16,3,2001.04,Mass Regulars,105.03311342264865
16885,16,3,471.51,Mass Regulars,132.71862060841102
12476,16,11,6816.42,Mass Regulars,305.4466898111238
17727,16,1,1060.25,Mass Regulars,
16596,16,2,250.15,Mass Regulars,-36.504892623141345
13207,16,2,250.26,Mass Regulars,-10.383425596400851
15858,16,5,1438.85,Mass Regulars,105.32921707658363
17516,16,5,768.08,Mass Regulars,125.6787942331003
15270,16,7,2379.49,Mass Regulars,82.89151611204899
16609,16,7,5493.46,Mass Regulars,348.640043524009
16189,16,2,215.48,Mass Regulars,-168.76376173468626
18184,16,1,49.8,Mass Regulars,
17139,16,12,10668.47,Loyal High-Value,347.0325336971626
12421,16,4,807.04,Mass Regulars,77.46697779823533
14277,16,3,4216.2,Mass Regulars,633.6209233348582
12494,16,7,1246.1,Mass Regulars,80.27424414016292
17133,16,7,4892.24,Mass Regulars,17.790770195865175
16668,16,6,306.72,Mass Regulars,9.724849863598438
12705,16,9,6868.29,Mass Regulars,248.87824329593536
14539,16,2,537.48,Mass Regulars,-372.1530918680368
14756,16,1,738.96,Mass Regulars,
15482,16,12,11054.96,Loyal High-Value,97.24703235853387
15725,16,1,415.25,Mass Regulars,
17323,16,7,921.07,Mass Regulars,87.51847606075677
17096,16,4,1022.13,Mass Regulars,116.50371148124745
13719,16,5,1041.68,Mass Regulars,95.19750340531657
15594,16,5,1771.78,Mass Regulars,148.24135898518392
16616,16,2,500.42,Mass Regulars,-111.88005589710998
17458,16,1,316.5,Mass Regulars,
16157,16,3,656.69,Mass Regulars,95.45529672313303
14987,16,2,326.4,Mass Regulars,-8.411464994247874
13995,16,5,1393.69,Mass Regulars,78.44546893812078
18161,16,5,1618.69,Mass Regulars,95.62360822301778
16566,16,5,614.66,Mass Regulars,15.994581316659051
13588,16,9,2478.95,Mass Regulars,80.87863895763073
15953,16,8,1659.38,Mass Regulars,64.65018594423249
16824,16,2,460.64,Mass Regulars,-135.5454406996652
14591,16,4,1447.14,Mass Regulars,-707.0666226274079
12709,16,15,9736.52,Loyal High-Value,164.2447075257955
17247,16,1,282.19,Mass Regulars,
17228,16,8,1906.09,Mass Regulars,93.07799811307667
15034,16,8,4308.61,Mass Regulars,319.492839679852
12937,16,4,1504.27,Mass Regulars,152.63530066250325
17671,16,4,1572.71,Mass Regulars,50.73279585105787
14607,16,14,16569.5,Loyal High-Value,71.67209907108956
17975,16,13,4488.81,Mass Regulars,233.93432062045943
17767,16,1,271.2,Mass Regulars,
15502,16,12,10384.93,Loyal High-Value,590.3634854694723
17345,16,4,537.74,Mass Regulars,211.37420242818453
13277,16,4,258.4,Mass Regulars,9.054921264473995
14805,16,4,554.65,Mass Regulars,94.65108832683195
16482,16,1,220.62,Mass Regulars,
12757,16,13,7857.1,Mass Regulars,1066.4605179944074
15632,16,8,3285.31,Mass Regulars,143.51298855562007
16570,16,10,3738.4,Mass Regulars,116.91559132398005
16066,17,5,1521.87,Mass Regulars,260.6060297213309
15743,17,4,784.46,Mass Regulars,245.8738256501089
14049,17,4,5681.72,Mass Regulars,436.6923701559251
17034,17,3,745.52,Mass Regulars,75.67926337544903
16900,17,3,887.11,Mass Regulars,30.082691096237674
17685,17,7,3191.53,Mass Regulars,71.78241064858818
13899,17,2,388.52,Mass Regulars,-22.854606979533898
16653,17,2,1212.66,Mass Regulars,-46.53910201620677
15727,17,7,5178.96,Mass Regulars,160.8177450605701
13644,17,4,2624.26,Mass Regulars,400.4135867073614
14912,17,2,867.85,Mass Regulars,-55.03984638683559
13139,17,7,5064.94,Mass Regulars,259.40607222118155
12557,17,5,11990.96,Mass Regulars,22.768601698273798
13448,17,6,3539.37,Mass Regulars,195.15156458173388
16670,17,11,4095.9,Mass Regulars,180.33898324990187
16057,17,7,2263.12,Mass Regulars,167.5232124686651
15814,17,4,1945.33,Mass Regulars,408.85672537907067
14334,17,8,2552.21,Mass Regulars,141.69292963162306
13502,17,3,292.0,Mass Regulars,19.001238201949754
14733,17,12,9585.91,Mass Regulars,175.68615192494624
14205,17,2,466.7,Mass Regulars,-86.11670631665065
14581,17,1,138.6,Mass Regulars,
16343,17,2,370.48,Mass Regulars,
15398,17,2,1345.53,Mass Regulars,-614.1346729133496
15916,17,8,1528.09,Mass Regulars,155.85122173704454
13650,17,6,1836.34,Mass Regulars,103.11427954932537
14790,17,4,745.06,Mass Regulars,31.405649150714176
15393,17,2,231.86,Mass Regulars,-16.057925992188974
16660,17,4,1267.65,Mass Regulars,26.299862031152134
13831,17,6,2202.99,Mass Regulars,92.04941363344503
17410,17,5,1214.72,Mass Regulars,98.99628266495536
14020,17,2,642.8,Mass Regulars,-253.6203928628119
15949,17,2,364.72,Mass Regulars,-76.04026211734752
12619,17,9,3641.24,Mass Regulars,228.8787040681579
16185,17,2,529.41,Mass Regulars,-57.784210446713665
14336,17,4,1614.91,Mass Regulars,51.636991000325935
13742,17,12,3131.02,Mass Regulars,306.4552632108451
17463,17,5,1896.41,Mass Regulars,143.25178310670202
14675,17,1,604.75,Mass Regulars,
13174,17,3,2817.03,Mass Regulars,378.930310813179
17725,17,11,3439.08,Mass Regulars,154.07917731570265
14099,17,11,3104.17,Mass Regulars,155.95080021298233
14744,17,7,1099.98,Mass Regulars,23.881013048352575
15901,17,3,363.88,Mass Regulars,285.27330774596317
14335,17,2,468.26,Mass Regulars,-209.77188857796725
17422,17,6,1979.37,Mass Regulars,55.31885150206922
17700,17,4,2534.64,Mass Regulars,182.38071038381915
17135,17,7,1139.73,Mass Regulars,88.83522694525811
17469,17,5,1870.97,Mass Regulars,136.09259137788982
17809,17,12,5411.91,Mass Regulars,46.9536361404492
16255,17,8,2619.91,Mass Regulars,185.3227274581851
16079,17,3,1352.0,Mass Regulars,105.95626843149688
12452,17,2,430.57,Mass Regulars,
15253,17,5,918.2,Mass Regulars,97.64582221954605
16020,17,3,851.01,Mass Regulars,-304.9128539587926
13350,17,2,979.12,Mass Regulars,-370.97901048019526
18084,17,1,90.48,Mass Regulars,
12948,17,7,2064.95,Mass Regulars,100.75464080545068
13018,17,28,7277.7,Loyal High-Value,283.105086031905
14297,18,4,1305.33,Mass Regulars,57.90076041517714
18139,18,6,8438.34,Mass Regulars,-807.6142591003155
14515,18,6,2102.09,Mass Regulars,129.13649793654258
17519,18,6,1844.02,Mass Regulars,59.14319734459958
18249,18,1,95.34,Mass Regulars,
13681,18,4,827.83,Mass Regulars,121.30113842474354
16107,18,7,3204.16,Mass Regulars,36.0303604067054
17297,18,1,131.78,Mass Regulars,
13569,18,2,373.75,Mass Regulars,-277.7185184241985
16633,18,6,2883.1,Mass Regulars,282.19988636307477
15116,18,4,1352.75,Mass Regulars,50.207069982225974
17500,18,3,1138.0,Mass Regulars,722.2958523305301
15106,18,5,1422.52,Mass Regulars,81.02072681352485
14657,18,4,848.22,Mass Regulars,72.96612844596643
17371,18,3,423.89,Mass Regulars,-360.1157259527562
15497,18,2,1262.2,Mass Regulars,-34.00907911216585
17360,18,3,585.79,Mass Regulars,-479.75767745011404
15845,18,8,3711.77,Mass Regulars,111.00704920676064
15150,18,10,5314.47,Mass Regulars,330.5819967621309
12586,18,1,196.94,Mass Regulars,
14505,18,8,5905.64,Mass Regulars,561.8056180896143
17073,18,4,1446.09,Mass Regulars,440.2087801676549
16261,18,4,746.83,Mass Regulars,159.64970100868945
15965,18,4,845.64,Mass Regulars,167.59936162985204
16985,18,10,5464.12,Mass Regulars,137.5737183076931
12920,18,1,164.23,Mass Regulars,
13238,18,4,700.73,Mass Regulars,43.66385974125922
17659,18,12,2999.46,Mass Regulars,144.90913784256023
13322,18,1,199.48,Mass Regulars,
16607,18,14,3347.71,Mass Regulars,114.80547973363247
14424,18,1,322.08,Mass Regulars,
17155,18,2,251.7,Mass Regulars,-85.51495905135152
13247,18,4,501.12,Mass Regulars,33.751044611506245
13986,18,1,320.46,Mass Regulars,
12465,18,2,742.19,Mass Regulars,-162.07393472530913
16330,18,3,251.91,Mass Regulars,-271.3367356479043
13403,18,1,75.0,Mass Regulars,
15977,18,2,1054.73,Mass Regulars,-753.39216515335
17324,18,4,990.23,Mass Regulars,54.78170171263315
13499,18,5,1159.11,Mass Regulars,32.65430718692424
16748,18,5,1515.9,Mass Regulars,35.476624933787214
16422,18,51,34684.4,Loyal High-Value,149.35226821752326
14768,18,2,192.6,Mass Regulars,-20.00937193987208
16128,18,5,1880.22,Mass Regulars,67.32387522056177
16311,18,2,616.26,Mass Regulars,-252.7109239279155
15971,18,12,4199.85,Mass Regulars,22.64162421749968
17600,18,1,161.67,Mass Regulars,
16164,18,3,822.48,Mass Regulars,145.21163117108986
12775,18,5,1386.04,Mass Regulars,83.98946850538525
13940,18,4,839.14,Mass Regulars,90.68231194629986
16532,18,3,6748.8,Mass Regulars,7.914435083131492
14467,18,4,598.76,Mass Regulars,90.89676442342163
16352,18,2,494.44,Mass Regulars,-257.1226880815385
12936,18,4,1063.9,Mass Regulars,123.33393699307047
16655,18,6,3794.52,Mass Regulars,180.93586260894062
12656,18,5,4051.17,Mass Regulars,258.36218642895903
14834,18,6,1720.3,Mass Regulars,88.77707958729884
17075,18,4,834.12,Mass Regulars,117.59002517348905
13456,18,6,1766.72,Mass Regulars,90.86345148870952
12474,18,18,7375.79,Loyal High-Value,310.7576904679258
15699,18,1,309.65,Mass Regulars,
12483,18,8,2484.98,Mass Regulars,102.55922988283201
17759,18,3,834.99,Mass Regulars,-436.5438713499892
15634,18,1,243.55,Mass Regulars,
14329,18,7,5014.84,Mass Regulars,180.84228893617288
16956,18,1,308.74,Mass Regulars,
16365,18,9,1540.42,Mass Regulars,64.14655878227242
17453,18,2,486.72,Mass Regulars,-263.2016668989357
16722,18,13,4730.81,Mass Regulars,62.211588045184946
17338,18,8,6643.93,Mass Regulars,562.7484246201045
13268,18,11,3214.69,Mass Regulars,205.59683312250064
13488,18,13,8968.31,Loyal High-Value,340.9393425985378
13363,18,2,992.5,Mass Regulars,-725.682716906658
14506,18,5,2012.17,Mass Regulars,327.56615051635265
15671,19,7,2657.13,Mass Regulars,57.94487822943329
16366,19,1,327.3,Mass Regulars,
16139,19,3,635.41,Mass Regulars,79.33546267500061
14449,19,4,907.1,Mass Regulars,145.53624115594945
15738,19,16,4812.42,Mass Regulars,84.8677189098362
14447,19,5,1163.23,Mass Regulars,76.54520152479054
14030,19,8,2360.09,Mass Regulars,172.17358671066543
13823,19,2,957.66,Mass Regulars,-241.48531490811766
17432,19,2,365.76,Mass Regulars,-720.7754746888338
14300,19,1,43.2,Mass Regulars,
15163,19,2,304.47,Mass Regulars,-102.1432311632263
13862,19,8,2209.36,Mass Regulars,62.14966157656825
12904,19,2,509.58,Mass Regulars,-352.5313418278738
17253,19,1,178.26,Mass Regulars,
14551,19,2,186.23,Mass Regulars,-17.355104450140118
15132,19,5,977.93,Mass Regulars,31.121971589186195
15179,19,5,2206.95,Mass Regulars,43.572706585579
15567,19,1,186.01,Mass Regulars,
12504,19,2,482.05,Mass Regulars,-293.1806566122622
13282,19,3,1132.14,Mass Regulars,116.42639546283387
12795,19,1,430.48,Mass Regulars,
15857,19,1,297.0,Mass Regulars,
16713,19,15,6923.13,Loyal High-Value,433.02434490410144
15645,19,1,612.01,Mass Regulars,
15105,19,7,2298.93,Mass Regulars,169.1889710033938
17010,19,1,195.36,Mass Regulars,
13246,19,6,1987.3,Mass Regulars,74.87889337066252
17100,19,2,971.74,Mass Regulars,
13430,19,2,679.45,Mass Regulars,-222.54766769106462
17625,19,4,2047.0,Mass Regulars,362.7424286967939
12984,19,1,97.5,Mass Regulars,
14198,19,4,701.4,Mass Regulars,88.97863828112423
15093,19,6,4597.02,Mass Regulars,86.98920087724613
17227,19,6,939.32,Mass Regulars,16.16181466636336
14883,19,6,761.59,Mass Regulars,21.977237124290507
16369,19,3,1553.66,Mass Regulars,286.2251796907513
15676,19,3,3435.76,Mass Regulars,407.75944392884315
14482,19,6,2068.15,Mass Regulars,147.28708594409852
13971,19,8,2758.26,Mass Regulars,105.24643425702857
13673,19,2,396.92,Mass Regulars,-511.89307315704053
12349,19,1,1757.55,Mass Regulars,
15527,19,8,2429.78,Mass Regulars,138.55596586327195
14587,19,9,1601.14,Mass Regulars,229.85427070602086
15115,19,1,340.11,Mass Regulars,
13167,19,4,791.33,Mass Regulars,151.28661732633046
12658,19,1,686.05,Mass Regulars,
16406,19,1,163.07,Mass Regulars,
13189,19,2,260.68,Mass Regulars,-26.675740383060653
18080,19,2,1231.5,Mass Regulars,-3.8656681506093893
13739,19,1,216.9,Mass Regulars,
12462,19,2,1189.59,Mass Regulars,-188.74581687427334
17664,19,2,604.64,Mass Regulars,-109.48235338074905
17384,20,2,336.4,Mass Regulars,-84.31518942492474
14359,20,3,912.18,Mass Regulars,233.79652822809445
14984,20,2,213.27,Mass Regulars,-238.5427761258765
14525,20,9,4332.2,Mass Regulars,256.7212842442367
16666,20,1,118.98,Mass Regulars,
16411,20,2,214.65,Mass Regulars,-65.23244821158833
14881,20,1,255.4,Mass Regulars,
14477,20,4,1309.6,Mass Regulars,9.300166154972873
14159,20,11,4693.01,Mass Regulars,456.7468266866234
13427,20,3,582.6,Mass Regulars,36.98239909930365
15850,20,2,238.85,Mass Regulars,-301.43225874752784
17555,20,2,483.26,Mass Regulars,-187.83485047953937
12540,20,17,13400.24,Loyal High-Value,437.723839077101
12523,20,11,1789.77,Mass Regulars,140.23524905712424
14052,20,1,225.36,Mass Regulars,
17425,20,2,759.17,Mass Regulars,-15.340722826963491
13142,20,1,307.09,Mass Regulars,
18127,20,3,348.73,Mass Regulars,-331.3725449479348
13118,20,5,1197.81,Mass Regulars,131.4755000760912
15906,20,7,1567.69,Mass Regulars,189.62488691917557
12395,20,12,3018.63,Mass Regulars,152.64375622863554
16464,20,3,1314.68,Mass Regulars,593.5845991596503
13832,20,1,52.2,Mass Regulars,
14950,20,1,371.2,Mass Regulars,
13212,20,3,788.08,Mass Regulars,-1794.1801870644797
16784,20,1,107.6,Mass Regulars,
17738,20,4,1879.05,Mass Regulars,150.55038859846366
13565,20,2,240.22,Mass Regulars,-73.11236140540734
14595,20,6,1740.6,Mass Regulars,105.73409761195201
15988,20,1,158.03,Mass Regulars,
15745,20,4,1094.59,Mass Regulars,119.59850066109846
16533,20,3,1095.56,Mass Regulars,681.5758945393646
13200,20,4,870.09,Mass Regulars,139.3143497959165
17561,20,1,167.62,Mass Regulars,
16399,20,2,408.57,Mass Regulars,-297.0041763935139
15919,20,2,639.89,Mass Regulars,-310.1031680593687
16506,20,2,90.3,Mass Regulars,-19.281217539690335
15465,20,18,7354.62,Loyal High-Value,148.6045508324996
14116,20,5,1382.74,Mass Regulars,163.1394034440855
12778,20,6,822.23,Mass Regulars,56.76555408615933
14664,20,2,637.89,Mass Regulars,-668.3670259851882
12702,20,1,219.0,Mass Regulars,
14860,20,1,170.32,Mass Regulars,
15044,20,17,7700.23,Loyal High-Value,460.043369897705
13988,20,6,4147.96,Mass Regulars,261.92731518640863
14157,20,2,432.88,Mass Regulars,-66.20709955692983
12597,20,4,3811.22,Mass Regulars,388.3440890018532
18040,20,2,357.2,Mass Regulars,-47.54520610956875
14502,20,11,2470.67,Mass Regulars,436.146921540508
17758,20,8,3456.7,Mass Regulars,378.9335106195753
17387,20,2,784.11,Mass Regulars,-1207.149129134991
17636,20,1,285.56,Mass Regulars,
16710,20,10,2483.04,Mass Regulars,227.40508213983642
15426,20,5,1447.39,Mass Regulars,227.6721535722505
16212,20,2,690.34,Mass Regulars,-68.0576629739628
14553,20,5,859.27,Mass Regulars,169.38767849625864
18110,20,1,236.3,Mass Regulars,
15963,20,2,470.76,Mass Regulars,-155.79503573682376
15533,20,3,807.57,Mass Regulars,406.7968331074281
16762,20,3,1501.38,Mass Regulars,389.739217074943
14903,22,5,2810.63,Mass Regulars,346.831775939502
16414,22,2,126.25,Mass Regulars,-58.16283514970954
13962,22,2,169.55,Mass Regulars,-34.03081538062789
17961,22,39,1296.44,Loyal High-Value,163.94709547163032
17063,22,7,1461.14,Mass Regulars,83.43321080209584
14849,22,25,7930.54,Loyal High-Value,225.41292978917912
17286,22,1,153.92,Mass Regulars,
16945,22,19,4345.5,Loyal High-Value,135.18844602116755
16134,22,2,618.09,Mass Regulars,-53.07685514620131
15088,22,2,1160.07,Mass Regulars,-470.51428470564963
12444,22,5,5005.46,Mass Regulars,446.38116091453514
15494,22,2,1299.23,Mass Regulars,-482.7158273610727
13941,22,5,5112.96,Mass Regulars,53.04376754724548
17650,22,1,166.08,Mass Regulars,
12603,22,1,739.2,Mass Regulars,
12618,22,1,177.31,Mass Regulars,
12578,22,2,2794.51,Mass Regulars,-260.3713876118525
14434,22,6,1372.8,Mass Regulars,48.828285965906325
12931,22,15,42055.96,Loyal High-Value,36.771589588879046
17904,22,1,191.67,Mass Regulars,
17301,22,1,197.63,Mass Regulars,
17159,22,3,1538.88,Mass Regulars,197.39982176313148
14820,22,4,507.29,Mass Regulars,62.25298600248386
14342,22,4,668.56,Mass Regulars,24.434384205312004
16279,22,3,1509.58,Mass Regulars,254.3251450945403
18034,22,2,422.88,Mass Regulars,
12391,22,1,460.89,Mass Regulars,
12427,22,3,825.8,Mass Regulars,64.7988735444915
13117,22,8,984.91,Mass Regulars,45.328853493273265
14793,22,1,228.99,Mass Regulars,
17888,22,8,726.05,Mass Regulars,57.653183927046754
13516,22,3,1389.41,Mass Regulars,109.9381308552481
17621,22,3,1379.9,Mass Regulars,51.38053661975483
12380,22,4,2724.81,Mass Regulars,201.82693184474283
15368,22,1,446.94,Mass Regulars,
14285,22,4,1910.01,Mass Regulars,104.36601559928567
13171,22,3,468.41,Mass Regulars,75.27811574416839
13880,22,13,3219.77,Mass Regulars,116.49925111349022
13094,22,12,1927.32,Mass Regulars,7.0174465062900895
15530,22,4,1502.35,Mass Regulars,99.25997378150022
16924,22,3,846.75,Mass Regulars,350.3410318641917
16463,22,4,1422.4,Mass Regulars,87.24896414958255
17779,22,3,658.57,Mass Regulars,250.1759915852612
16350,22,4,1116.47,Mass Regulars,57.90855201029817
17163,22,2,293.1,Mass Regulars,-46.83021111034468
14641,22,1,110.46,Mass Regulars,
17760,22,2,287.59,Mass Regulars,-49.182871722232264
12498,22,3,403.7,Mass Regulars,-220.47193689378332
14593,22,3,617.99,Mass Regulars,-347.88883239452093
15933,22,3,1107.46,Mass Regulars,212.5718830376673
18061,22,10,2119.41,Mass Regulars,54.69332766434128
16511,22,3,950.26,Mass Regulars,291.8458149473653
16293,22,10,2248.99,Mass Regulars,140.22481786029553
13960,22,2,230.22,Mass Regulars,-68.72001156970506
14416,23,2,490.22,Mass Regulars,-61.33797464848573
16656,23,15,8625.8,Loyal High-Value,39.54140488806225
14332,23,3,866.31,Mass Regulars,78.80044044632633
16871,23,6,2812.34,Mass Regulars,178.30539556120485
15124,23,2,184.19,Mass Regulars,-37.112290072856155
13871,23,13,6403.25,Mass Regulars,359.93662245765887
17095,23,3,1324.16,Mass Regulars,166.9311986925097
16298,23,3,598.2,Mass Regulars,115.45224697189735
15563,23,4,1400.44,Mass Regulars,129.79399335025218
12567,23,10,9401.28,Mass Regulars,340.32226442957324
16869,23,4,825.42,Mass Regulars,168.39112837242328
12997,23,4,1226.89,Mass Regulars,69.47495062593185
15287,23,2,486.69,Mass Regulars,-75.85644391068301
13815,23,4,4027.36,Mass Regulars,165.79913045482795
15864,23,6,1936.32,Mass Regulars,13.316669412064265
15435,23,1,149.29,Mass Regulars,
17147,23,4,1714.59,Mass Regulars,108.81030433337052
17828,23,4,1820.09,Mass Regulars,147.93711023761577
15529,23,11,3995.23,Mass Regulars,296.48342883615237
15267,23,5,1717.36,Mass Regulars,5.974088378523777
17797,23,3,780.43,Mass Regulars,-465.45414915556614
13138,23,6,962.39,Mass Regulars,44.24346467365546
12610,23,5,2099.54,Mass Regulars,237.32774706324452
12449,23,4,4067.29,Mass Regulars,423.7020750376907
17985,23,1,634.95,Mass Regulars,
12847,23,1,871.54,Mass Regulars,
15489,23,3,1134.28,Mass Regulars,96.0147169204974
12477,23,6,13219.74,Mass Regulars,417.60520164224073
12445,23,1,133.4,Mass Regulars,
17080,23,2,287.62,Mass Regulars,-57.80706708504992
17397,23,2,696.41,Mass Regulars,
12753,23,6,21429.39,Loyal High-Value,119.89380681016871
15506,23,3,979.26,Mass Regulars,293.09774320103327
13160,23,1,91.8,Mass Regulars,
17716,23,11,5655.99,Mass Regulars,189.70398180709486
17461,23,3,757.46,Mass Regulars,-1507.7007355596193
17613,23,14,4559.15,Mass Regulars,222.8539062711589
16186,23,12,4006.94,Mass Regulars,96.8839059622106
14112,23,7,2915.15,Mass Regulars,134.84069564781285
16042,23,5,1197.27,Mass Regulars,94.20065406369389
17799,23,10,3055.93,Mass Regulars,270.66016669641
14034,23,3,651.82,Mass Regulars,-434.49285011999916
16638,23,10,1680.72,Mass Regulars,95.27018733597457
15657,23,1,30.0,Mass Regulars,
16009,23,4,992.71,Mass Regulars,116.9905175183609
15811,23,6,2218.62,Mass Regulars,130.69293163533226
12481,23,10,5596.32,Mass Regulars,200.55602132227472
13828,23,1,209.49,Mass Regulars,
12539,23,4,5568.35,Mass Regulars,348.2013150933462
16070,23,2,852.15,Mass Regulars,-134.6130978869129
17330,23,2,363.9,Mass Regulars,-31.458355483323555
13028,23,2,661.32,Mass Regulars,-146.250182778886
13308,23,3,1385.51,Mass Regulars,90.03406911923629
12647,23,12,3722.82,Mass Regulars,142.45630318665926
12356,23,3,2811.43,Mass Regulars,58.717507666383284
16531,23,7,1244.59,Mass Regulars,62.09621565174835
13313,23,5,1555.32,Mass Regulars,49.313672673367314
14508,23,2,276.42,Mass Regulars,-465.95147376792914
18221,23,5,1041.61,Mass Regulars,71.86650470413487
15983,23,4,1475.02,Mass Regulars,75.61553295079314
12406,23,2,3415.3,Mass Regulars,-305.34899099033953
14234,23,4,775.46,Mass Regulars,61.44966614950489
14362,23,1,161.2,Mass Regulars,
15081,23,5,504.8,Mass Regulars,47.930474568633386
16809,24,5,914.69,Mass Regulars,78.91453494615749
16804,24,3,536.99,Mass Regulars,-226.7467392339196
12731,24,12,18895.91,Loyal High-Value,229.08056269238676
14057,24,17,6217.96,Loyal High-Value,124.77871210445255
15900,24,1,351.11,Mass Regulars,
14426,24,10,4481.67,Mass Regulars,210.21003887249537
13447,24,3,1129.14,Mass Regulars,557.6943029083171
18246,24,2,596.1,Mass Regulars,-28.880099445317263
18167,24,3,1384.86,Mass Regulars,163.01370130727986
15051,24,3,1391.61,Mass Regulars,385.3705218514039
15967,24,2,418.83,Mass Regulars,-200.08533947852757
16469,24,4,650.43,Mass Regulars,318.1141394206918
12640,24,3,1174.58,Mass Regulars,262.0119070902721
13285,24,4,2709.12,Mass Regulars,142.05559661342454
13500,24,3,1166.77,Mass Regulars,290.0718662605465
13629,24,11,7792.36,Mass Regulars,37.85111802972943
16669,24,3,1374.87,Mass Regulars,-1041.0351589797688
18059,24,3,306.46,Mass Regulars,56.235093254218135
17368,24,8,1912.67,Mass Regulars,81.1048016295735
15584,24,4,725.11,Mass Regulars,226.83631739294637
16245,24,3,1413.66,Mass Regulars,158.9756734544212
12910,24,8,3075.04,Mass Regulars,53.391175432606005
17549,24,2,148.86,Mass Regulars,-67.26250094244624
14507,24,6,1383.18,Mass Regulars,106.98245777055958
12626,24,9,6620.48,Mass Regulars,195.56790305989782
16085,24,5,981.51,Mass Regulars,133.32311999049477
13449,24,1,291.88,Mass Regulars,
18006,24,1,444.68,Mass Regulars,
14286,24,3,4628.75,Mass Regulars,221.50355148073987
16999,24,2,484.82,Mass Regulars,-48.558346648872835
16008,24,3,478.78,Mass Regulars,62.500645123829976
16855,24,2,328.4,Mass Regulars,-362.7509058745207
18075,24,10,2611.75,Mass Regulars,125.97516921419509
13894,24,3,564.62,Mass Regulars,-90.71316166069417
17680,24,1,184.4,Mass Regulars,
13131,24,3,1073.3,Mass Regulars,106.69072115094166
15269,24,1,408.8,Mass Regulars,
17198,24,3,692.22,Mass Regulars,87.81231969889477
12991,24,2,503.76,Mass Regulars,-172.3425619788567
15110,24,4,996.1,Mass Regulars,107.4701828883487
15432,24,1,171.19,Mass Regulars,
14948,24,6,1101.97,Mass Regulars,59.05139421719907
13575,24,5,732.07,Mass Regulars,56.324304729175495
14898,24,6,1303.52,Mass Regulars,98.97967240286013
14851,24,2,511.35,Mass Regulars,-50.90362653049215
13926,24,1,223.85,Mass Regulars,
12993,24,4,414.76,Mass Regulars,22.823109982462263
17896,24,1,256.32,Mass Regulars,
13816,24,2,571.67,Mass Regulars,-269.3779577223518
16204,24,1,405.71,Mass Regulars,
16916,24,2,576.26,Mass Regulars,-279.1986375466601
14626,24,4,2791.27,Mass Regulars,226.47215886254335
17596,24,7,2827.93,Mass Regulars,114.4289731808706
16717,24,6,3858.38,Mass Regulars,202.14849846309681
17377,24,20,4100.92,Loyal High-Value,250.94673629602298
12500,24,11,4257.82,Mass Regulars,92.64574823626153
13939,24,3,568.55,Mass Regulars,30.693417384179483
15805,24,17,5528.48,Loyal High-Value,208.14138311163913
13455,25,2,1058.34,Mass Regulars,-96.7391280504834
17540,25,2,578.9,Mass Regulars,-96.18503059159104
15981,25,8,3408.48,Mass Regulars,62.46640468549206
14544,25,2,2024.45,Mass Regulars,-211.80354007181887
15556,25,1,279.77,Mass Regulars,
15758,25,1,205.25,Mass Regulars,
15720,25,1,598.73,Mass Regulars,
15679,25,4,781.28,Mass Regulars,83.27327410648475
12883,25,4,703.47,Mass Regulars,-575.289191887555
16423,25,1,346.12,Mass Regulars,
15582,25,3,682.91,Mass Regulars,63.388302204997224
13735,25,4,2885.24,Mass Regulars,376.3691257846387
14715,25,4,867.38,Mass Regulars,94.88704882137074
16557,25,2,281.85,Mass Regulars,-53.81572279214259
13614,25,4,1610.46,Mass Regulars,322.36007283337784
13058,25,3,271.4,Mass Regulars,46.9359292811191
13066,25,2,470.8,Mass Regulars,-772.1896689562706
17357,25,2,388.14,Mass Regulars,
14640,25,6,2125.08,Mass Regulars,161.32183438279208
13632,25,5,2121.27,Mass Regulars,156.66479625879379
17777,25,3,665.86,Mass Regulars,442.0768244416458
14714,25,1,160.19,Mass Regulars,
13236,25,2,744.85,Mass Regulars,-138.75603715280474
15419,25,1,135.86,Mass Regulars,
17314,25,8,2527.92,Mass Regulars,96.5700495495614
14522,25,4,974.54,Mass Regulars,18.93697402018297
18181,25,1,382.8,Mass Regulars,
14725,25,1,718.08,Mass Regulars,
14853,25,2,475.8,Mass Regulars,-86.2070161531603
17220,25,14,3198.25,Mass Regulars,281.83632500651186
12676,25,6,1331.39,Mass Regulars,94.54766502480412
15524,25,1,440.0,Mass Regulars,
12415,25,21,124914.53,Elite,541.6981466288996
14666,25,1,195.25,Mass Regulars,
13410,25,5,1003.06,Mass Regulars,23.258711711910493
18123,25,2,589.44,Mass Regulars,-305.62913868179857
18043,25,3,559.51,Mass Regulars,113.48089847110862
13846,25,3,865.06,Mass Regulars,88.16197820387838
15955,25,14,4416.26,Mass Regulars,122.8019537256991
17510,25,1,308.48,Mass Regulars,
18259,25,3,2338.6,Mass Regulars,80.87861442367247
14533,25,7,1949.72,Mass Regulars,21.456178779954747
12890,25,1,380.47,Mass Regulars,
17974,25,3,740.79,Mass Regulars,325.9776222181159
16240,25,2,3718.8,Mass Regulars,-1062.3571556554264
17153,25,1,213.78,Mass Regulars,
12933,25,3,607.53,Mass Regulars,230.44954872621355
17564,25,3,454.01,Mass Regulars,269.832658603069
16341,25,4,1971.87,Mass Regulars,97.86502890444714
13692,25,3,1488.32,Mass Regulars,42.1492664558405
15050,26,3,1782.09,Mass Regulars,-223.76622053327347
16303,26,3,5360.63,Mass Regulars,291.6046809739031
16519,26,2,215.08,Mass Regulars,-83.26649457673057
12642,26,3,1013.26,Mass Regulars,211.15452154886992
17658,26,2,595.42,Mass Regulars,-50.47761540399092
15365,26,7,2314.32,Mass Regulars,154.57830405702413
12374,26,1,742.93,Mass Regulars,
15203,26,6,1827.8,Mass Regulars,57.996939813947264
18263,26,3,1213.16,Mass Regulars,42.31370061571109
15863,26,2,68.84,Mass Regulars,-151.4871756904151
18082,26,1,703.37,Mass Regulars,
13835,26,4,834.57,Mass Regulars,82.45162195408977
15291,26,15,4668.3,Mass Regulars,128.6449928278698
12428,26,9,7956.46,Mass Regulars,184.6383795103352
14684,26,5,1236.28,Mass Regulars,217.27682237352843
15532,26,4,1580.93,Mass Regulars,347.1835072418057
15125,26,15,11528.48,Loyal High-Value,98.31198509757901
15458,26,1,161.64,Mass Regulars,
13549,26,7,918.2,Mass Regulars,69.53635744382781
18117,26,1,320.72,Mass Regulars,
17081,26,2,290.16,Mass Regulars,-1017.8059470232046
15781,26,3,345.46,Mass Regulars,38.28342640673527
17793,26,1,323.04,Mass Regulars,
12689,26,2,1247.61,Mass Regulars,-410.88657890229257
17663,26,7,1802.91,Mass Regulars,109.66975125401162
13577,26,4,1687.6,Mass Regulars,104.40403061749514
16936,26,1,262.68,Mass Regulars,
14680,26,16,28754.11,Loyal High-Value,142.6499560775821
16504,26,1,484.38,Mass Regulars,
17235,26,2,550.06,Mass Regulars,-85.4552442801348
18211,26,5,600.07,Mass Regulars,31.641669612515052
12938,26,1,114.14,Mass Regulars,
15058,26,11,2124.99,Mass Regulars,199.07482858557444
16478,26,3,331.0,Mass Regulars,56.30996970484515
14530,26,6,2925.91,Mass Regulars,280.8927712830578
14902,26,1,332.66,Mass Regulars,
17044,26,1,948.48,Mass Regulars,
15681,26,5,1426.16,Mass Regulars,44.5784460694533
17652,26,12,4867.72,Mass Regulars,273.990433657953
14953,26,1,289.82,Mass Regulars,
15660,26,9,1600.86,Mass Regulars,59.00321498664334
16207,26,1,394.38,Mass Regulars,
15168,26,1,106.56,Mass Regulars,
14494,26,1,139.56,Mass Regulars,
17538,26,1,98.42,Mass Regulars,
14862,26,2,841.2,Mass Regulars,-246.79522180177622
12865,27,2,1568.23,Mass Regulars,-459.2451361438472
17211,27,8,2317.22,Mass Regulars,176.61814606868
15429,27,2,397.35,Mass Regulars,-528.0507982973479
12508,27,2,398.27,Mass Regulars,-311.993232527718
13146,27,1,228.91,Mass Regulars,
16571,27,3,1421.69,Mass Regulars,106.29270488235181
13892,27,4,632.97,Mass Regulars,18.061271039112658
14044,27,4,652.82,Mass Regulars,198.42312132517776
17790,27,14,1965.55,Mass Regulars,147.45284938930268
15599,27,2,761.74,Mass Regulars,-79.01569496719299
15411,27,4,1358.88,Mass Regulars,282.8594315023394
16898,27,3,508.81,Mass Regulars,182.43746791757926
17720,27,4,1195.94,Mass Regulars,115.6553642492217
14661,27,1,107.95,Mass Regulars,
16726,27,5,1382.02,Mass Regulars,156.5494050096511
13451,27,5,2976.15,Mass Regulars,316.68104516266897
13379,27,3,572.56,Mass Regulars,252.2356569059726
14784,27,2,289.99,Mass Regulars,-83.07841593010735
13984,27,5,920.51,Mass Regulars,9.910025203675469
17838,27,5,2779.3,Mass Regulars,134.13919549076277
13603,27,1,164.34,Mass Regulars,
17287,27,7,1064.11,Mass Regulars,106.00157109752311
14882,27,2,589.7,Mass Regulars,-168.3109434308001
12867,27,7,4036.82,Mass Regulars,199.3952288568034
14499,27,3,815.32,Mass Regulars,270.6820117412623
18069,27,5,2036.67,Mass Regulars,342.47294158980867
16720,27,1,155.24,Mass Regulars,
16560,27,2,841.41,Mass Regulars,-204.26662429442007
15787,27,3,948.05,Mass Regulars,-1430.050977987505
17041,27,3,1081.57,Mass Regulars,64.02830679030336
13170,27,1,116.01,Mass Regulars,
13700,27,10,2265.12,Mass Regulars,89.60569361685738
14227,27,10,3350.96,Mass Regulars,136.43339538725763
14487,27,6,1196.33,Mass Regulars,114.2109649250422
13178,27,11,5725.47,Mass Regulars,129.65795676066932
13450,27,6,2043.72,Mass Regulars,48.43766127009186
16416,27,3,1051.4,Mass Regulars,308.0868280737464
14382,27,1,626.07,Mass Regulars,
16930,27,3,380.55,Mass Regulars,-239.8991545140236
15449,27,3,974.52,Mass Regulars,60.31063740035248
16460,29,3,814.72,Mass Regulars,501.3792411129308
12384,29,2,585.27,Mass Regulars,-392.8753117512703
13895,29,4,2593.07,Mass Regulars,263.02495280033554
13557,29,2,584.06,Mass Regulars,-50.47202772521065
17512,29,10,2924.99,Mass Regulars,50.6449538348279
18014,29,1,166.42,Mass Regulars,
12589,29,2,646.68,Mass Regulars,-351.75461029743377
15557,29,1,473.65,Mass Regulars,
17052,29,1,413.75,Mass Regulars,
12726,29,7,2609.1,Mass Regulars,73.63500041040824
13810,29,3,1499.01,Mass Regulars,-340.15010458257996
17295,29,3,556.95,Mass Regulars,-723.7176751158491
17015,29,3,1842.56,Mass Regulars,148.5091031206619
14543,29,16,3630.33,Mass Regulars,101.45563811289749
15492,29,2,659.46,Mass Regulars,-52.736290770103274
16386,29,2,317.2,Mass Regulars,-276.9554768397032
14226,29,5,2232.19,Mass Regulars,69.68242336913175
17088,29,4,1991.01,Mass Regulars,119.80418816796835
12691,29,6,1035.8,Mass Regulars,42.17709931494605
15608,29,4,1093.68,Mass Regulars,284.83216840167637
16433,29,1,184.26,Mass Regulars,
12697,29,3,957.59,Mass Regulars,164.85505342550428
13732,29,1,491.86,Mass Regulars,
17069,29,9,2709.7,Mass Regulars,105.28738736513665
17071,29,9,2429.03,Mass Regulars,137.4129438610447
13727,29,2,333.48,Mass Regulars,-154.7822026106278
15692,29,1,191.04,Mass Regulars,
16332,29,7,1593.2,Mass Regulars,134.0794149443541
12480,29,4,3281.63,Mass Regulars,169.28423701454807
12712,29,13,4396.13,Mass Regulars,204.10222309139274
17054,29,5,1356.33,Mass Regulars,167.1689581144247
12685,29,6,2863.08,Mass Regulars,401.45822943136295
17162,29,10,1715.46,Mass Regulars,109.0574493633733
14035,29,5,1428.02,Mass Regulars,70.11494403350005
18209,29,1,139.1,Mass Regulars,
16912,29,11,2575.38,Mass Regulars,121.52282424693529
16671,29,3,1692.27,Mass Regulars,11.664508125313551
13091,29,1,345.82,Mass Regulars,
13310,29,3,1132.03,Mass Regulars,111.69078895826846
12517,29,5,2502.84,Mass Regulars,288.26307012779966
17191,29,7,2095.13,Mass Regulars,149.00607014674435
14789,29,1,197.64,Mass Regulars,
14662,29,4,771.17,Mass Regulars,169.7528303283629
12600,29,10,2599.04,Mass Regulars,88.53797491734197
16218,30,7,3084.68,Mass Regulars,34.208077287860405
17340,30,11,12353.29,Loyal High-Value,305.21820780273833
13606,30,3,280.54,Mass Regulars,78.0213414564701
16903,30,1,373.24,Mass Regulars,
17573,30,3,380.6,Mass Regulars,76.97802527657878
16025,30,1,439.66,Mass Regulars,
14064,30,5,1353.74,Mass Regulars,46.97837594653376
12708,30,10,2712.91,Mass Regulars,169.77473291821585
13817,30,2,382.98,Mass Regulars,-68.76046218197442
16628,30,5,2188.05,Mass Regulars,117.41893655210905
18125,30,4,1142.99,Mass Regulars,110.64492884135171
17197,30,1,1013.01,Mass Regulars,
13460,30,2,183.44,Mass Regulars,-82.05531292930327
17521,30,3,723.21,Mass Regulars,92.4869711906456
15111,30,3,1567.48,Mass Regulars,169.31305988990178
17791,30,1,106.1,Mass Regulars,
15463,30,1,126.14,Mass Regulars,
17977,30,1,288.14,Mass Regulars,
14712,30,3,917.07,Mass Regulars,112.14974607783577
17059,30,5,3095.04,Mass Regulars,397.90712675913534
12617,30,1,355.53,Mass Regulars,
16791,30,7,1721.78,Mass Regulars,277.9585219803635
16434,30,7,1522.25,Mass Regulars,101.17661627615996
15289,30,3,939.78,Mass Regulars,43.37808132672621
16126,30,4,6287.77,Mass Regulars,179.12123483897568
16003,30,5,2735.37,Mass Regulars,78.49871301045896
15355,30,2,277.05,Mass Regulars,-252.2686282092944
17537,30,2,897.62,Mass Regulars,-32.177731093925765
13396,30,2,1360.99,Mass Regulars,-185.60576962482108
16743,30,7,2238.09,Mass Regulars,76.0471176259032
15184,30,2,406.76,Mass Regulars,-248.11107026198886
14944,30,12,5900.25,Mass Regulars,142.21219233404221
12981,30,2,372.22,Mass Regulars,-56.513355632936005
18236,30,6,882.24,Mass Regulars,62.50799026526192
14829,30,4,697.55,Mass Regulars,24.657288323033008
12538,30,1,363.95,Mass Regulars,
17901,30,1,110.38,Mass Regulars,
12473,30,5,3938.55,Mass Regulars,677.1134953497591
18135,30,5,681.91,Mass Regulars,16.33004622289116
14748,30,5,1415.75,Mass Regulars,40.022413843347096
13148,30,12,3707.12,Mass Regulars,318.4426362620344
17932,30,3,1331.57,Mass Regulars,155.0101369603814
17416,30,7,6893.42,Mass Regulars,145.81812596349963
16986,30,2,1873.2,Mass Regulars,-20.709779240438312
14765,30,3,254.11,Mass Regulars,118.03053275412482
14863,30,1,266.76,Mass Regulars,
14466,30,7,2272.4,Mass Regulars,64.18111855025049
13983,30,12,2603.43,Mass Regulars,172.8798690728669
16907,30,5,981.65,Mass Regulars,172.5124195363149
12599,30,7,1032.58,Mass Regulars,55.37497207095253
17109,30,6,885.04,Mass Regulars,83.73154273335773
15452,30,3,538.73,Mass Regulars,31.035480881722503
18217,30,2,621.75,Mass Regulars,-156.95908624924166
15238,30,3,1071.99,Mass Regulars,269.4293747422919
12541,30,3,981.18,Mass Regulars,119.31236667036029
12844,30,2,325.96,Mass Regulars,-253.69887738897998
12659,30,1,91.68,Mass Regulars,
17038,31,1,112.4,Mass Regulars,
14188,31,6,2054.36,Mass Regulars,38.002228237350565
16996,31,6,1456.96,Mass Regulars,36.324397108369794
17867,31,6,1197.1,Mass Regulars,94.29948049352188
13623,31,5,747.78,Mass Regulars,103.86166446421625
16880,31,7,1519.08,Mass Regulars,337.01426294143766
15986,31,1,168.12,Mass Regulars,
13804,31,7,2635.79,Mass Regulars,109.73807520068323
14214,31,5,1004.38,Mass Regulars,18.387523273484188
18274,31,1,175.92,Mass Regulars,
13384,31,7,4151.93,Mass Regulars,158.9880716669239
12893,31,1,188.14,Mass Regulars,
14691,31,5,2114.33,Mass Regulars,142.0640244142422
13209,31,8,5891.61,Mass Regulars,217.57301911216203
13992,31,1,76.8,Mass Regulars,
12949,31,8,4167.22,Mass Regulars,211.18982839713954
16751,31,1,1764.72,Mass Regulars,
17702,31,4,1824.37,Mass Regulars,63.65806174300472
17011,31,1,270.9,Mass Regulars,
16953,31,1,20.8,Mass Regulars,
16516,31,1,101.7,Mass Regulars,
15450,31,1,429.84,Mass Regulars,
15027,31,4,1066.15,Mass Regulars,62.100235643225886
14240,31,2,890.34,Mass Regulars,-227.08763633473868
16205,31,4,761.38,Mass Regulars,131.64254417998288
15114,31,10,2760.56,Mass Regulars,89.82818708052937
12532,31,1,349.83,Mass Regulars,
13522,31,1,125.8,Mass Regulars,
15485,31,3,2575.0,Mass Regulars,125.26903974411489
16767,31,11,5580.6,Mass Regulars,85.81627395138035
16041,31,3,3166.4,Mass Regulars,-4.507583192404811
13029,31,3,1247.5,Mass Regulars,44.687731745494375
17690,31,15,4757.95,Mass Regulars,357.0517436236698
14921,31,2,1316.07,Mass Regulars,-105.0673921509479
14284,31,2,595.25,Mass Regulars,-424.75121259734533
14108,31,2,597.91,Mass Regulars,-280.40397118756437
13046,31,2,629.31,Mass Regulars,-313.160602134796
17865,31,20,10526.32,Loyal High-Value,235.4939465413703
14968,31,1,147.59,Mass Regulars,
16284,32,2,823.97,Mass Regulars,-730.4016272409079
12849,32,2,1050.89,Mass Regulars,-129.18455566760727
14676,32,6,2548.24,Mass Regulars,22.163887870052445
16505,32,1,777.6,Mass Regulars,
18216,32,1,481.75,Mass Regulars,
18177,32,6,1341.42,Mass Regulars,50.475139395544836
15763,32,2,1086.92,Mass Regulars,-1216.9202746412827
17219,32,1,114.23,Mass Regulars,
15356,32,10,2766.5,Mass Regulars,251.28151448868786
17289,32,3,944.41,Mass Regulars,222.2187802357843
15573,32,2,607.45,Mass Regulars,-575.0969114993316
16837,32,11,3170.98,Mass Regulars,259.0269855579477
15957,32,1,428.89,Mass Regulars,
13643,32,3,519.44,Mass Regulars,74.7282038911699
15249,32,13,6688.46,Mass Regulars,282.66979988389255
13975,32,6,2526.28,Mass Regulars,235.89421409924674
15103,32,2,703.36,Mass Regulars,-434.4260233582449
17515,32,4,639.02,Mass Regulars,103.75374375798721
17022,32,1,71.0,Mass Regulars,
16187,32,15,6911.44,Loyal High-Value,175.96475611564418
17964,32,2,471.7,Mass Regulars,-226.0591797238313
15043,32,1,537.0,Mass Regulars,
12990,32,3,409.5,Mass Regulars,17.383314102979234
13329,32,2,789.0,Mass Regulars,-30.481469080355314
17313,32,1,2328.84,Mass Regulars,
17886,32,3,899.61,Mass Regulars,255.55226077006
15950,32,4,1765.51,Mass Regulars,100.6771734431324
13695,32,15,2504.13,Mass Regulars,79.39005993771892
13867,32,3,1015.29,Mass Regulars,204.56503900633805
17633,32,4,1324.84,Mass Regulars,144.14457608436237
13710,32,1,180.48,Mass Regulars,
13047,32,10,3237.54,Mass Regulars,167.72701489729235
14050,32,2,746.36,Mass Regulars,-121.09686696015653
15153,32,1,329.25,Mass Regulars,
16863,32,2,502.8,Mass Regulars,-44.783390989702085
13272,32,2,276.56,Mass Regulars,-248.45679042221113
15406,32,2,510.71,Mass Regulars,-67.14783101431327
13110,32,7,1488.67,Mass Regulars,220.39371840207886
16639,32,3,1257.51,Mass Regulars,117.82984524218817
17637,32,2,547.06,Mass Regulars,-210.90085450221937
14524,32,9,1867.68,Mass Regulars,239.69170262364955
17160,32,6,3518.03,Mass Regulars,144.451277877799
12721,32,6,2656.13,Mass Regulars,144.54527061307286
16732,32,1,603.75,Mass Regulars,
13381,32,6,3639.31,Mass Regulars,177.02738806950606
16618,32,5,2647.59,Mass Regulars,100.67795720061282
14360,32,4,2128.23,Mass Regulars,433.8683462089179
17158,33,3,1266.97,Mass Regulars,103.0293446394308
15719,33,13,5045.61,Mass Regulars,508.84220492987896
17043,33,4,1735.18,Mass Regulars,171.86976170032315
14073,33,1,151.04,Mass Regulars,
13717,33,6,1445.01,Mass Regulars,68.42200477188126
18150,33,3,566.58,Mass Regulars,61.41262396863924
14700,33,3,2235.3,Mass Regulars,155.727899768342
14080,33,1,45.6,Mass Regulars,
12484,33,6,4541.72,Mass Regulars,276.4196119321438
13097,33,10,6010.42,Mass Regulars,492.4347343865793
16348,33,7,1469.45,Mass Regulars,203.88141277787918
14623,33,5,889.25,Mass Regulars,174.70167947225957
15493,33,5,2001.8,Mass Regulars,503.36038113760753
14387,33,3,1770.56,Mass Regulars,589.3970510094807
13824,33,5,1698.94,Mass Regulars,42.937669455825386
17164,33,7,2467.35,Mass Regulars,128.55287790960907
17761,33,1,712.78,Mass Regulars,
15870,33,1,354.09,Mass Regulars,
18016,33,5,1483.56,Mass Regulars,126.12712478835482
16053,33,2,1511.95,Mass Regulars,-319.2047888951764
17430,33,2,265.76,Mass Regulars,-22.496049340464058
16362,33,5,734.77,Mass Regulars,222.80372420923177
12408,33,5,2888.55,Mass Regulars,116.39628572523657
15330,33,2,714.96,Mass Regulars,-22.44294991979041
15618,33,4,776.85,Mass Regulars,121.27719057864981
18036,33,3,405.62,Mass Regulars,112.61311689159889
15785,33,5,2328.97,Mass Regulars,99.43357152272137
12472,33,7,6572.11,Mass Regulars,192.80949397032836
14929,33,1,223.88,Mass Regulars,
15522,33,2,398.84,Mass Regulars,-45.374172340305535
17623,33,1,527.05,Mass Regulars,
16637,33,4,1154.47,Mass Regulars,73.03410587106633
16612,33,4,1187.66,Mass Regulars,76.71942638242169
12832,33,2,383.03,Mass Regulars,-95.85701219764546
15513,34,19,14758.22,Loyal High-Value,311.28284021695686
16243,34,2,409.1,Mass Regulars,-939.7345082633537
13532,34,1,210.31,Mass Regulars,
15696,34,8,2736.46,Mass Regulars,201.70840399053768
14174,34,1,134.46,Mass Regulars,
12638,34,1,671.69,Mass Regulars,
12357,34,1,6207.67,Mass Regulars,
12838,34,2,683.13,Mass Regulars,-247.12135210262926
16357,34,3,658.88,Mass Regulars,113.56866008405387
13759,34,2,659.41,Mass Regulars,-30.302456064735196
18170,34,3,980.31,Mass Regulars,117.05247451071651
14039,34,1,152.2,Mass Regulars,
13772,34,3,1132.13,Mass Regulars,344.126656127939
13527,34,7,2287.51,Mass Regulars,220.49393853114708
16488,34,3,498.8,Mass Regulars,152.4329686666981
13155,34,4,971.76,Mass Regulars,41.559161543082794
13523,34,5,3964.88,Mass Regulars,383.709096793474
14936,34,8,8137.02,Mass Regulars,498.9935278908968
15839,34,3,1048.49,Mass Regulars,140.41268899273288
17082,34,2,2003.85,Mass Regulars,-278.8832335117905
17608,34,2,193.42,Mass Regulars,
15952,34,4,806.57,Mass Regulars,164.7806976767807
16445,34,1,230.51,Mass Regulars,
17831,34,1,35.4,Mass Regulars,
16466,34,7,1603.46,Mass Regulars,148.29612047697842
15526,34,2,148.44,Mass Regulars,
17107,34,6,10815.43,Mass Regulars,530.4373084136777
14404,34,6,1474.32,Mass Regulars,74.72223744934126
15025,34,1,377.01,Mass Regulars,
15407,34,4,1056.44,Mass Regulars,297.06991782236423
16771,34,5,2246.81,Mass Regulars,248.67417088229786
13365,34,2,2225.37,Mass Regulars,-624.357705440253
13634,34,5,1575.16,Mass Regulars,188.39985622724055
16372,34,2,367.93,Mass Regulars,
15427,34,3,1483.14,Mass Regulars,-2090.1730739275345
15017,34,1,125.58,Mass Regulars,
16676,34,4,1592.12,Mass Regulars,150.03180709174353
12645,34,4,1775.18,Mass Regulars,73.57165518064613
14517,34,2,330.45,Mass Regulars,-72.04165308501663
15010,36,1,308.94,Mass Regulars,
14971,36,3,1116.57,Mass Regulars,-1127.7382511137282
14150,36,2,658.64,Mass Regulars,-41.52711321896812
17979,36,4,757.71,Mass Regulars,160.92691810025906
14913,36,4,1227.43,Mass Regulars,32.43812716149859
17274,36,1,111.98,Mass Regulars,
12431,36,15,6487.45,Mass Regulars,204.2167601496054
16318,36,1,328.15,Mass Regulars,
12397,36,2,2409.9,Mass Regulars,-658.8012885522219
16555,36,2,285.89,Mass Regulars,-115.64490945709976
15597,36,1,324.57,Mass Regulars,
15722,36,5,2222.56,Mass Regulars,84.21250290966732
17084,36,2,2949.75,Mass Regulars,
18022,36,1,668.11,Mass Regulars,
15707,36,4,945.58,Mass Regulars,522.9105816911548
13592,36,4,247.96,Mass Regulars,43.653897543766135
17233,36,1,190.88,Mass Regulars,
17930,36,5,1740.48,Mass Regulars,25.35551870124353
16887,36,1,194.88,Mass Regulars,
12928,36,5,2062.7,Mass Regulars,46.20695030412961
17703,36,3,798.74,Mass Regulars,105.60016096281588
13938,36,1,71.66,Mass Regulars,
14592,36,3,570.46,Mass Regulars,596.8977474083326
13651,36,2,94.2,Mass Regulars,-121.26220034878197
16012,36,3,1415.29,Mass Regulars,246.06173242006827
12577,36,3,657.8,Mass Regulars,-221.4917194565817
17203,36,6,3563.85,Mass Regulars,674.505634031003
12944,36,2,604.51,Mass Regulars,-75.86392960350815
12576,36,5,1315.83,Mass Regulars,77.32505948838107
18035,36,3,730.4,Mass Regulars,-583.0441427360253
17193,36,7,1699.3,Mass Regulars,36.03542138661237
13721,37,1,524.14,Mass Regulars,
13168,37,4,1319.19,Mass Regulars,91.83855515906075
15612,37,2,195.15,Mass Regulars,-156.09632795973863
12352,37,8,2506.04,Mass Regulars,468.3354502214917
17442,37,6,2248.56,Mass Regulars,106.25746968915898
14856,37,3,1311.38,Mass Regulars,-348.3210222555978
17816,37,4,36.56,Mass Regulars,5.908967780117108
16841,37,6,1869.82,Mass Regulars,42.68410047475585
17078,37,2,378.2,Mass Regulars,
13636,37,5,949.12,Mass Regulars,82.96122124409172
12808,37,3,483.65,Mass Regulars,51.450038386623476
15809,37,5,515.77,Mass Regulars,40.71418280412023
17076,37,3,841.08,Mass Regulars,79.93532155896466
17403,37,1,281.62,Mass Regulars,
17634,37,9,2361.97,Mass Regulars,208.73581930368232
14636,37,2,609.85,Mass Regulars,-67.86920679494091
15605,37,5,1198.23,Mass Regulars,87.69359260057763
18205,37,2,517.36,Mass Regulars,-388.09665158649966
18081,37,3,343.45,Mass Regulars,53.67035439886222
13324,37,10,7121.95,Mass Regulars,61.24335178985942
14815,37,2,778.5,Mass Regulars,-104.65339001297833
17653,37,4,1207.56,Mass Regulars,176.892234933338
12544,37,1,372.7,Mass Regulars,
13728,37,6,1016.14,Mass Regulars,104.71906626973639
16602,37,1,528.08,Mass Regulars,
15651,37,3,646.3,Mass Regulars,-84.13512091498782
15998,37,5,3089.97,Mass Regulars,355.26647280849835
16221,37,3,864.86,Mass Regulars,127.97876934800489
15252,37,2,740.78,Mass Regulars,-114.66115930569325
15551,37,1,436.06,Mass Regulars,
14098,37,1,147.35,Mass Regulars,
16914,37,1,208.46,Mass Regulars,
15227,37,5,1219.4,Mass Regulars,94.95777328613406
16409,37,5,2028.88,Mass Regulars,207.89154276725085
17351,37,3,587.15,Mass Regulars,120.68738187820709
16337,37,1,151.05,Mass Regulars,
15065,38,4,3158.13,Mass Regulars,332.3265057736364
18164,38,1,399.65,Mass Regulars,
12594,38,10,3338.22,Mass Regulars,95.00701164940514
15576,38,1,940.67,Mass Regulars,
14528,38,1,364.22,Mass Regulars,
14974,38,1,114.39,Mass Regulars,
18105,38,1,113.48,Mass Regulars,
16043,38,4,773.99,Mass Regulars,50.008358508768126
13316,38,4,5977.73,Mass Regulars,110.9654465260204
17800,38,9,1199.01,Mass Regulars,58.68258484481347
16706,38,3,531.35,Mass Regulars,295.2467096950352
16014,38,3,662.38,Mass Regulars,196.54175675903647
13904,38,2,332.64,Mass Regulars,-28.42835130806191
17999,38,2,382.06,Mass Regulars,-185.51786322202494
16308,38,4,2560.0,Mass Regulars,0.8859772575572342
12779,38,8,3981.36,Mass Regulars,149.37781672070443
13271,38,1,217.38,Mass Regulars,
16884,38,2,429.84,Mass Regulars,
18104,38,1,754.64,Mass Regulars,
17965,38,14,2622.57,Mass Regulars,286.8184585737945
17719,38,15,5396.04,Mass Regulars,372.3955280639313
17947,38,1,176.68,Mass Regulars,
17966,38,5,1098.43,Mass Regulars,58.057654914938674
16367,38,2,804.49,Mass Regulars,-302.7238246412431
15830,38,1,576.0,Mass Regulars,
15275,38,1,615.14,Mass Regulars,
13477,38,6,1454.58,Mass Regulars,63.601790773604755
12830,38,6,6814.64,Mass Regulars,18.52694113011191
16747,38,2,836.06,Mass Regulars,-267.61376353298533
15018,39,3,496.21,Mass Regulars,115.94921617505219
14383,39,3,1247.69,Mass Regulars,189.44496441320481
18270,39,2,283.15,Mass Regulars,-39.053655280762335
13697,39,1,151.3,Mass Regulars,
14345,39,1,108.98,Mass Regulars,
17696,39,8,2285.71,Mass Regulars,76.95613431079286
16729,39,21,7239.92,Loyal High-Value,480.6245073766566
16960,39,3,507.05,Mass Regulars,87.37671843929353
17733,39,2,692.19,Mass Regulars,-89.86812220360167
16029,39,63,81024.84,Elite,1992.9359981217806
13461,39,3,1445.0,Mass Regulars,32.840065229730094
16971,39,1,357.21,Mass Regulars,
12491,39,1,460.4,Mass Regulars,
16830,39,1,325.91,Mass Regulars,
17166,39,2,206.34,Mass Regulars,-20.03914816224035
16825,39,2,775.18,Mass Regulars,-178.3450173332768
14485,39,1,165.75,Mass Regulars,
12552,39,2,437.82,Mass Regulars,-316.14750210679654
14995,39,2,233.23,Mass Regulars,-120.38674521839536
15423,39,1,43.5,Mass Regulars,
13726,39,2,1079.66,Mass Regulars,-93.81446425275917
15847,39,2,389.27,Mass Regulars,-99.1910702786261
13327,39,8,3627.77,Mass Regulars,71.94948133610808
12674,39,4,1970.6,Mass Regulars,131.4156401532988
13292,39,2,578.94,Mass Regulars,-94.42951268873375
17951,40,3,1008.54,Mass Regulars,15.661998308316296
12909,40,5,2178.67,Mass Regulars,172.4817166847394
16969,40,3,650.41,Mass Regulars,57.452029638352634
13544,40,2,291.41,Mass Regulars,-314.9915340032968
13813,40,4,1366.86,Mass Regulars,226.4850780256452
13982,40,4,1871.81,Mass Regulars,82.40350177231178
15667,40,1,301.32,Mass Regulars,
15329,40,3,1049.7,Mass Regulars,180.58894339963035
17396,40,8,7330.8,Mass Regulars,46.38186031860434
16127,40,1,656.25,Mass Regulars,
13103,40,1,243.94,Mass Regulars,
15360,40,1,427.93,Mass Regulars,
18257,40,8,2337.63,Mass Regulars,122.63868013823402
12522,40,2,192.72,Mass Regulars,-191.6655367676021
14167,40,4,574.84,Mass Regulars,71.74497353931649
15974,40,7,3442.15,Mass Regulars,149.11302741821095
16836,40,2,251.87,Mass Regulars,-86.31739990140048
13145,40,4,618.52,Mass Regulars,6.741559472029842
16018,40,2,408.9,Mass Regulars,-71.41132261642302
12588,40,1,214.9,Mass Regulars,
15752,40,7,2637.38,Mass Regulars,205.97502226524267
14808,40,8,2741.17,Mass Regulars,320.1619937147791
12581,40,1,197.71,Mass Regulars,
12571,40,2,519.61,Mass Regulars,-91.86055311374585
13186,40,3,1575.89,Mass Regulars,97.09730676356153
15865,41,3,895.13,Mass Regulars,163.43631596213459
17372,41,8,1342.68,Mass Regulars,151.61925049353297
15708,41,7,3364.24,Mass Regulars,303.75578028900634
13617,41,3,544.18,Mass Regulars,127.36590099346652
16049,41,3,1111.79,Mass Regulars,912.8212437021542
14582,41,1,114.11,Mass Regulars,
16235,41,5,867.31,Mass Regulars,76.75196469556238
16190,41,1,215.08,Mass Regulars,
13421,41,2,1851.08,Mass Regulars,-134.95340208528782
15385,41,1,316.88,Mass Regulars,
17796,41,4,697.9,Mass Regulars,107.33181246258526
14077,41,5,499.42,Mass Regulars,24.494196492059853
17018,41,2,920.1,Mass Regulars,-98.45585289946993
15059,41,9,1337.72,Mass Regulars,212.3886637832152
17373,41,4,646.92,Mass Regulars,35.05804175142628
14295,41,1,166.2,Mass Regulars,
15478,41,2,1441.42,Mass Regulars,-478.22584623625016
17447,41,2,541.53,Mass Regulars,-97.45061898033897
14179,41,2,719.78,Mass Regulars,-534.2515906045501
16601,41,1,244.8,Mass Regulars,
15521,41,8,3000.2,Mass Regulars,248.43250504723733
14040,41,12,3614.92,Mass Regulars,226.88132961766436
15376,41,3,1233.36,Mass Regulars,190.98830210080965
18067,41,1,396.33,Mass Regulars,
13278,41,1,542.73,Mass Regulars,
14158,41,1,507.66,Mass Regulars,
17609,41,5,1112.22,Mass Regulars,151.70656297207844
13524,41,5,680.18,Mass Regulars,41.453587136441314
15669,41,4,684.34,Mass Regulars,32.696172902229186
14810,41,11,2087.88,Mass Regulars,138.9289154419653
15370,41,7,2386.05,Mass Regulars,108.0890267505577
13566,41,2,874.71,Mass Regulars,-551.5497174497915
15748,41,1,149.31,Mass Regulars,
13607,41,1,678.01,Mass Regulars,
17255,41,2,298.41,Mass Regulars,-148.36981643430738
15860,41,8,977.21,Mass Regulars,129.13964988922652
17213,41,7,2781.23,Mass Regulars,189.48518016423444
14221,43,9,3432.8,Mass Regulars,183.20252044706598
14232,43,5,2048.07,Mass Regulars,49.16066637182107
17669,43,7,3406.72,Mass Regulars,47.20744046626355
14412,43,2,770.03,Mass Regulars,-398.81590233723233
12678,43,12,17628.46,Loyal High-Value,260.3847550878867
17839,43,1,338.8,Mass Regulars,
16102,43,3,1842.14,Mass Regulars,121.51009249914262
18287,43,3,1837.28,Mass Regulars,57.12131646074901
13993,43,9,3466.36,Mass Regulars,184.32687240450028
17418,43,2,463.46,Mass Regulars,-108.54874635822243
14738,43,7,1314.45,Mass Regulars,47.523439327050404
16150,43,5,2053.02,Mass Regulars,99.07480226963341
13812,43,3,539.0,Mass Regulars,148.34663583812576
14218,43,1,169.48,Mass Regulars,
12895,43,2,372.8,Mass Regulars,-48.40107398936312
16843,43,16,10196.57,Loyal High-Value,190.1560150583152
17837,43,8,1593.38,Mass Regulars,345.50647105722464
14498,43,5,1957.32,Mass Regulars,170.76337127584688
16554,43,3,837.1,Mass Regulars,136.277799376586
16648,43,1,290.66,Mass Regulars,
15096,43,1,219.39,Mass Regulars,
17272,43,4,2148.63,Mass Regulars,79.93981490509579
12432,43,5,5059.32,Mass Regulars,798.107547775561
16847,44,1,193.44,Mass Regulars,
12536,44,3,12601.83,Mass Regulars,-1831.2263309909831
12430,44,1,256.4,Mass Regulars,
15659,44,1,306.45,Mass Regulars,
14716,44,2,329.68,Mass Regulars,-149.4060687471106
13654,44,6,2707.33,Mass Regulars,180.39433172487796
14842,44,4,2824.69,Mass Regulars,239.49372922756032
17684,44,1,239.41,Mass Regulars,
16026,44,1,236.09,Mass Regulars,
13416,44,2,712.5,Mass Regulars,-206.20071463139394
18261,44,2,324.24,Mass Regulars,-76.19439346080257
14357,44,1,225.77,Mass Regulars,
15622,44,9,3709.56,Mass Regulars,274.9927614008261
16232,44,4,990.88,Mass Regulars,55.29130151172131
17545,44,3,645.96,Mass Regulars,
16680,44,1,183.7,Mass Regulars,
15288,44,5,2306.52,Mass Regulars,76.72382402748812
18276,44,1,335.86,Mass Regulars,
17414,44,2,778.0,Mass Regulars,-2.1756009974706862
15791,44,2,1612.69,Mass Regulars,-150.3378484816343
14004,44,7,4582.64,Mass Regulars,128.08910428898386
15014,44,2,260.17,Mass Regulars,-155.5923268353282
14239,44,11,2380.85,Mass Regulars,109.02717459380193
17878,44,1,379.45,Mass Regulars,
17459,44,2,657.3,Mass Regulars,-358.51298882313375
14752,44,1,389.64,Mass Regulars,
13538,44,7,1280.85,Mass Regulars,57.1900473163651
12371,45,2,1887.96,Mass Regulars,-250.8695218815266
12812,45,1,229.64,Mass Regulars,
17470,45,5,1125.07,Mass Regulars,24.69663224123775
12448,45,1,449.45,Mass Regulars,
15516,45,3,62.43,Mass Regulars,-24.617761222145745
14690,45,2,371.7,Mass Regulars,-174.06277450087913
16071,45,1,326.24,Mass Regulars,
15835,45,4,954.09,Mass Regulars,49.67537848438403
13107,45,4,1531.62,Mass Regulars,32.51229278825553
15990,45,2,792.11,Mass Regulars,-120.78060069702587
14379,45,2,348.1,Mass Regulars,-122.68391203762681
12879,45,3,573.22,Mass Regulars,21.04111471994239
16225,45,5,1096.32,Mass Regulars,96.34546123647499
16418,45,3,675.27,Mass Regulars,333.77006391757794
16454,45,2,6.9,Mass Regulars,-9.150237660181261
17175,45,4,1443.69,Mass Regulars,105.18502201770278
15821,45,2,570.96,Mass Regulars,-617.7988267087112
16750,45,5,623.93,Mass Regulars,147.95557205135233
16415,45,1,210.35,Mass Regulars,
15320,45,1,267.13,Mass Regulars,
12456,45,3,3181.04,Mass Regulars,273.6532745292123
16208,45,2,664.26,Mass Regulars,-113.02079972343442
16188,45,4,981.86,Mass Regulars,77.89925009858729
14315,45,6,2481.13,Mass Regulars,127.9154344988556
14598,45,1,221.97,Mass Regulars,
17712,45,1,522.91,Mass Regulars,
18226,45,11,5228.05,Mass Regulars,132.91553402941912
15240,45,5,1706.57,Mass Regulars,67.0944541639291
17895,45,1,98.0,Mass Regulars,
16345,45,1,575.41,Mass Regulars,
14754,45,2,638.05,Mass Regulars,-91.32692601122926
18147,46,2,179.34,Mass Regulars,-12.38739634332195
17928,46,2,212.54,Mass Regulars,-45.583548266737395
13601,46,2,693.32,Mass Regulars,-259.8702018689346
16258,46,5,5203.51,Mass Regulars,161.90755120574707
18079,46,4,3651.97,Mass Regulars,75.51112235165768
13481,46,5,1804.56,Mass Regulars,88.56360792644887
15630,46,2,1186.35,Mass Regulars,-250.09967974366342
16708,46,1,656.63,Mass Regulars,
17917,46,3,341.28,Mass Regulars,100.83573283099378
15656,46,4,748.5,Mass Regulars,73.40642125635428
14001,46,3,2043.08,Mass Regulars,68.03960865238504
16110,46,3,1337.48,Mass Regulars,434.0156391430874
13652,46,3,1095.08,Mass Regulars,88.65674739799964
15345,46,1,393.54,Mass Regulars,
13182,46,1,121.18,Mass Regulars,
12398,46,1,1635.66,Mass Regulars,
13340,46,7,10736.48,Mass Regulars,93.63122770407465
17024,46,3,95.85,Mass Regulars,5.021375225639188
15158,46,1,401.4,Mass Regulars,
18045,46,1,189.4,Mass Regulars,
14341,46,8,2182.28,Mass Regulars,102.60494614904815
16056,46,1,664.85,Mass Regulars,
14145,47,4,3742.2,Mass Regulars,24.133443203189913
14997,47,3,546.2,Mass Regulars,15.630301100203148
16728,47,4,1054.67,Mass Regulars,286.81159808315584
14019,47,3,1421.61,Mass Regulars,175.1570141417853
17317,47,3,2600.34,Mass Regulars,5.971941963143519
15806,47,3,784.58,Mass Regulars,31.653233768158653
15277,47,1,255.9,Mass Regulars,
16023,47,3,719.81,Mass Regulars,215.38651984709315
15142,47,1,498.74,Mass Regulars,
15068,47,2,553.36,Mass Regulars,-276.39130908720915
18240,47,1,422.58,Mass Regulars,
13165,47,2,1021.48,Mass Regulars,-36.43383890757406
16491,47,1,731.5,Mass Regulars,
17004,47,2,1412.94,Mass Regulars,-320.96887217299627
14139,47,1,415.82,Mass Regulars,
16444,47,4,654.67,Mass Regulars,90.60932620813355
15592,47,1,388.58,Mass Regulars,
14312,47,6,1611.59,Mass Regulars,67.32622594706561
17186,47,2,144.0,Mass Regulars,-7.809913064334134
15786,47,3,4932.2,Mass Regulars,-1168.0090291256458
15215,47,3,734.94,Mass Regulars,-454.11850735473257
12546,47,2,1161.5,Mass Regulars,-477.542060473662
17344,47,1,160.57,Mass Regulars,
13176,47,1,492.84,Mass Regulars,
15801,47,3,1063.95,Mass Regulars,321.474915245279
14474,47,1,547.66,Mass Regulars,
16742,47,1,464.9,Mass Regulars,
14764,47,1,278.3,Mass Regulars,
15844,47,1,130.74,Mass Regulars,
16325,47,3,594.24,Mass Regulars,50.548341591664766
16019,47,9,3786.24,Mass Regulars,136.584496305728
17423,47,2,698.41,Mass Regulars,-81.92059470570082
14800,48,12,4339.74,Mass Regulars,194.68904026168573
14731,48,3,380.02,Mass Regulars,56.61245211771903
17836,48,1,110.21,Mass Regulars,
16007,48,4,1701.94,Mass Regulars,386.11889906553347
16768,48,3,478.09,Mass Regulars,93.93807187711725
16017,48,1,211.88,Mass Regulars,
16686,48,7,3062.83,Mass Regulars,430.4116894279149
17111,48,1,248.61,Mass Regulars,
15000,48,1,490.52,Mass Regulars,
13598,48,1,180.17,Mass Regulars,
14504,48,4,673.26,Mass Regulars,150.34526244624814
13917,50,2,272.04,Mass Regulars,-53.57977930910451
14967,50,1,463.8,Mass Regulars,
14233,50,4,1462.72,Mass Regulars,39.152557897147986
16153,50,5,1824.23,Mass Regulars,82.75377303771185
12403,50,1,427.7,Mass Regulars,
13918,50,2,1212.84,Mass Regulars,-95.40926949482774
12407,50,5,1708.12,Mass Regulars,103.42704295130035
13974,50,1,413.59,Mass Regulars,
17940,50,10,4106.44,Mass Regulars,618.1171956383646
17832,50,1,155.37,Mass Regulars,
15286,50,1,240.55,Mass Regulars,
15740,50,1,154.88,Mass Regulars,
13157,50,4,1741.22,Mass Regulars,77.04645419225982
15819,50,4,1905.45,Mass Regulars,94.15311746921365
16918,50,6,1068.82,Mass Regulars,70.75665387600421
15677,50,1,657.23,Mass Regulars,
17361,50,3,488.2,Mass Regulars,117.9476423472886
16497,50,6,2965.69,Mass Regulars,164.01364600206884
13725,50,8,1980.56,Mass Regulars,58.86264006874811
15296,51,6,3672.86,Mass Regulars,171.23035243728216
15301,51,12,5070.35,Mass Regulars,172.88504097457388
13245,51,1,430.5,Mass Regulars,
15129,51,11,3447.4,Mass Regulars,58.36856501483355
14484,51,1,321.92,Mass Regulars,
15587,51,4,913.68,Mass Regulars,8.053610085273272
14923,51,1,749.1,Mass Regulars,
15469,51,2,538.55,Mass Regulars,-304.04348737401216
17092,51,4,1777.78,Mass Regulars,144.0977141037746
17007,51,6,889.93,Mass Regulars,48.61462067032106
18252,51,2,526.67,Mass Regulars,-807.4225735884787
15121,51,2,457.72,Mass Regulars,-111.25310302609716
17354,51,1,1393.06,Mass Regulars,
15565,51,2,173.16,Mass Regulars,-88.52178805472019
14638,51,1,443.6,Mass Regulars,
13366,51,1,56.16,Mass Regulars,
14631,51,3,1006.98,Mass Regulars,50.53874143170411
14495,51,2,123.8,Mass Regulars,-33.4755328944983
16177,51,1,331.95,Mass Regulars,
14427,51,2,363.34,Mass Regulars,-15.656699071110394
16099,51,3,731.9,Mass Regulars,41.78021415599691
13573,51,2,294.4,Mass Regulars,-176.46955837469633
13761,51,2,1070.65,Mass Regulars,-267.21660883426415
15836,51,1,137.37,Mass Regulars,
17420,51,3,598.83,Mass Regulars,53.752926251956815
17571,51,4,1498.51,Mass Regulars,375.82623591926983
13897,51,1,311.16,Mass Regulars,
15664,51,1,386.43,Mass Regulars,
13669,51,2,218.55,Mass Regulars,-21.37311344896635
16260,51,1,1035.45,Mass Regulars,
17125,51,1,259.35,Mass Regulars,
14261,51,2,1163.45,Mass Regulars,-409.3465536024617
12556,51,2,603.71,Mass Regulars,-450.35850422237723
15807,51,3,903.9,Mass Regulars,-240.2462021274295
14585,51,1,157.05,Mass Regulars,
16593,51,3,330.03,Mass Regulars,100.61371275924931
18149,51,3,612.08,Mass Regulars,13.577177696370118
17764,51,2,818.82,Mass Regulars,-440.85261792668854
17672,51,2,3178.17,Mass Regulars,-404.56741465241794
16170,51,6,1885.05,Mass Regulars,102.24279384583829
16846,51,1,214.32,Mass Regulars,
17934,52,2,704.25,Mass Regulars,-15.348264209734925
12370,52,4,3545.69,Mass Regulars,118.35327654133212
15853,52,1,110.8,Mass Regulars,
16123,52,1,307.78,Mass Regulars,
17973,52,1,337.04,Mass Regulars,
15610,52,1,112.46,Mass Regulars,
14776,52,11,2538.3,Mass Regulars,30.42042386970228
15468,52,2,467.51,Mass Regulars,
12596,52,2,618.27,Mass Regulars,-120.16205696877736
14799,52,1,157.7,Mass Regulars,
15220,52,6,1778.96,Mass Regulars,105.33788618950915
18019,52,1,38.45,Mass Regulars,
14107,52,7,2703.23,Mass Regulars,87.66399698890892
14273,52,4,559.97,Mass Regulars,37.22215499273448
15803,52,1,415.82,Mass Regulars,
16470,52,4,762.39,Mass Regulars,99.06906129424245
13491,52,10,1215.82,Mass Regulars,69.03354776923337
16131,52,6,3506.54,Mass Regulars,107.17751966377656
12744,52,7,21279.29,Loyal High-Value,539.5053580624962
17148,52,1,124.88,Mass Regulars,
15754,52,3,458.57,Mass Regulars,59.07860214908413
14306,52,2,2093.32,Mass Regulars,-306.3376714134228
15006,52,1,502.09,Mass Regulars,
16621,52,4,813.48,Mass Regulars,59.895943564468084
17824,52,1,298.4,Mass Regulars,
16826,52,1,341.7,Mass Regulars,
14229,52,3,1547.2,Mass Regulars,60.10027636230169
13849,52,2,1537.95,Mass Regulars,-510.05273339927965
13805,53,2,924.6,Mass Regulars,-12.91108350587131
15140,53,7,2354.25,Mass Regulars,74.17064386320092
14639,53,6,2984.49,Mass Regulars,254.9760055147364
17262,53,5,1253.36,Mass Regulars,18.058859286287554
15505,53,5,3610.96,Mass Regulars,124.80559850722432
16515,53,5,1627.13,Mass Regulars,92.44524538455262
16249,53,5,1800.07,Mass Regulars,88.05450974509463
13637,53,3,810.5,Mass Regulars,87.20832296377858
14798,53,3,173.74,Mass Regulars,8.551481491606571
12360,53,3,2662.06,Mass Regulars,349.79005332140065
16940,53,3,3049.88,Mass Regulars,414.23906462126786
16730,53,3,743.11,Mass Regulars,85.8970179362595
16734,53,3,650.51,Mass Regulars,-248.9432621216768
12759,53,3,1531.44,Mass Regulars,207.6700702832469
17679,53,2,1992.11,Mass Regulars,-298.5835942633656
13032,53,2,1010.18,Mass Regulars,-519.1462038256832
14015,53,1,917.34,Mass Regulars,
14861,53,1,125.79,Mass Regulars,
13594,53,1,396.97,Mass Regulars,
15678,53,1,352.7,Mass Regulars,
12611,53,1,1193.32,Mass Regulars,
16848,53,1,281.42,Mass Regulars,
15637,53,1,223.36,Mass Regulars,
15604,53,1,216.39,Mass Regulars,
15327,53,1,208.75,Mass Regulars,
14381,53,1,202.68,Mass Regulars,
12863,53,1,521.2,Mass Regulars,
17201,54,1,342.63,Mass Regulars,
17520,54,1,546.81,Mass Regulars,
16412,54,1,151.83,Mass Regulars,
18042,54,1,165.05,Mass Regulars,
15066,54,1,893.59,Mass Regulars,
12463,54,4,1344.78,Mass Regulars,121.00637144832724
17534,54,1,223.36,Mass Regulars,
15012,54,2,423.04,Mass Regulars,-275.4711941310707
12475,54,1,723.38,Mass Regulars,
17527,54,4,939.37,Mass Regulars,77.69521275456049
15335,54,1,173.97,Mass Regulars,
16363,54,1,109.36,Mass Regulars,
13750,54,5,1647.26,Mass Regulars,45.39573860158246
16737,54,1,417.6,Mass Regulars,
17785,54,1,131.94,Mass Regulars,
17244,54,1,954.9,Mass Regulars,
17205,54,1,384.08,Mass Regulars,
13015,54,5,3346.28,Mass Regulars,436.56936955093283
14443,54,4,1420.2,Mass Regulars,80.22752172998959
16542,54,1,119.62,Mass Regulars,
16389,54,4,1382.07,Mass Regulars,45.343201532847644
15598,54,1,240.68,Mass Regulars,
16932,54,1,161.94,Mass Regulars,
12794,54,2,860.41,Mass Regulars,-240.0686449263087
13265,54,5,2107.66,Mass Regulars,78.03855046304471
14830,54,1,197.13,Mass Regulars,
17206,54,1,204.24,Mass Regulars,
17734,54,3,700.63,Mass Regulars,97.36338862671846
17612,54,6,2048.45,Mass Regulars,117.85806373760383
13923,54,1,351.13,Mass Regulars,
14211,54,9,2241.1,Mass Regulars,102.32567129194737
16563,54,1,1077.74,Mass Regulars,
14841,54,6,3295.76,Mass Regulars,129.05961327527578
13875,54,5,1786.79,Mass Regulars,63.33192236877703
13760,55,2,286.79,Mass Regulars,-133.5219545634611
13034,55,2,642.77,Mass Regulars,-102.81479536649863
12940,55,2,913.54,Mass Regulars,-1290.6752955107982
14780,55,2,447.68,Mass Regulars,-62.52877734642593
15440,55,3,383.68,Mass Regulars,117.72097138169762
15994,55,1,427.07,Mass Regulars,
16052,55,1,362.06,Mass Regulars,
15545,55,2,292.72,Mass Regulars,-184.84650280065733
16206,55,4,537.06,Mass Regulars,51.740586158680586
16934,55,2,950.93,Mass Regulars,
16674,55,2,319.61,Mass Regulars,-538.9439461522644
13878,55,1,1281.53,Mass Regulars,
16394,57,5,1555.34,Mass Regulars,31.790439626467002
17892,57,3,244.1,Mass Regulars,8.30345980723525
15826,57,3,1654.31,Mass Regulars,-352.39137015335046
16239,57,2,414.2,Mass Regulars,-16.78588541969814
17180,57,4,796.03,Mass Regulars,96.13952452495758
16950,57,3,1178.56,Mass Regulars,74.70603300010904
15620,57,3,1553.18,Mass Regulars,223.27569537477174
14937,57,3,1621.88,Mass Regulars,-205.83290606373936
17986,57,1,20.8,Mass Regulars,
16413,57,1,262.2,Mass Regulars,
17771,57,2,245.81,Mass Regulars,-102.38871207584837
13006,57,1,81.57,Mass Regulars,
14567,57,2,1530.36,Mass Regulars,-219.00407938068338
18228,57,2,779.9,Mass Regulars,-216.60007896442417
13213,57,5,1520.58,Mass Regulars,132.32849754190912
16081,57,5,2806.9,Mass Regulars,199.29127037391444
12454,57,1,3528.34,Mass Regulars,
14089,57,1,161.0,Mass Regulars,
13136,57,5,2607.61,Mass Regulars,183.6325338553924
16430,58,1,300.85,Mass Regulars,
12359,58,4,6372.58,Mass Regulars,420.11789345728806
13827,58,3,412.05,Mass Regulars,375.7840909570022
17509,58,8,6115.14,Mass Regulars,684.8192056393676
15272,58,2,721.94,Mass Regulars,-765.8850400185801
12631,58,1,640.5,Mass Regulars,
13858,58,1,216.17,Mass Regulars,
14421,58,2,813.11,Mass Regulars,-81.89733776037367
13853,58,1,1090.14,Mass Regulars,
16121,58,2,867.11,Mass Regulars,-610.4343746700044
13911,58,9,2580.91,Mass Regulars,100.41383856008841
14537,58,1,355.56,Mass Regulars,
12446,58,1,1002.31,Mass Regulars,
17614,58,1,390.07,Mass Regulars,
17279,58,1,187.83,Mass Regulars,
12613,58,5,3344.38,Mass Regulars,296.32434593861916
13487,58,3,575.4,Mass Regulars,82.04004709614213
16773,58,1,171.59,Mass Regulars,
17181,58,2,239.92,Mass Regulars,-100.41383625272968
17169,58,2,835.78,Mass Regulars,-211.2936897438209
16224,58,4,1295.3,Mass Regulars,99.39734444455625
16770,58,5,770.1,Mass Regulars,111.34716392396224
13930,58,2,337.34,Mass Regulars,-60.29402797308894
14975,58,1,279.94,Mass Regulars,
14624,58,2,225.85,Mass Regulars,-7.457535067631488
12876,58,2,2218.02,Mass Regulars,-293.6786238088351
18160,58,2,638.06,Mass Regulars,-165.33497120983395
14976,58,7,790.86,Mass Regulars,79.32583817669739
15367,58,4,1877.59,Mass Regulars,156.33531479359178
16793,58,1,243.84,Mass Regulars,
14555,58,2,324.14,Mass Regulars,-38.795441691636206
16203,59,4,592.9,Mass Regulars,28.711025686179333
13842,59,9,3385.62,Mass Regulars,213.46694769253338
15281,59,9,2332.15,Mass Regulars,109.68944627004228
14541,59,8,1461.65,Mass Regulars,73.86637594077496
16652,59,7,6773.97,Mass Regulars,176.46399594063763
13464,59,1,674.68,Mass Regulars,
14852,59,6,2836.69,Mass Regulars,187.26787012789865
13208,59,6,1223.9,Mass Regulars,114.42480771336575
12667,59,1,620.13,Mass Regulars,
12602,59,1,153.12,Mass Regulars,
15038,59,6,705.49,Mass Regulars,140.38160325477597
13520,59,6,3624.35,Mass Regulars,116.98460761076026
18171,59,5,1231.31,Mass Regulars,81.76481120668261
13865,59,4,501.56,Mass Regulars,41.89181092576836
16753,59,1,223.92,Mass Regulars,
12633,59,4,2163.98,Mass Regulars,128.93311513735097
14642,59,1,96.12,Mass Regulars,
12679,59,4,1113.02,Mass Regulars,31.436780368302056
17190,59,2,444.74,Mass Regulars,-96.69353807961178
15421,59,4,950.36,Mass Regulars,82.23419927791562
18277,59,1,110.38,Mass Regulars,
17913,59,2,411.6,Mass Regulars,-76.1893721134522
17489,59,2,376.64,Mass Regulars,-30.540006680801437
14775,59,3,1011.9,Mass Regulars,28.08734127300984
15831,59,3,801.76,Mass Regulars,122.19195711973565
15840,59,2,355.56,Mass Regulars,-58.230808516448896
14761,59,2,255.9,Mass Regulars,-19.021996823602347
17064,59,3,859.35,Mass Regulars,120.04644048642282
13517,60,3,2128.42,Mass Regulars,270.34022016555394
16171,60,1,73.2,Mass Regulars,
13690,60,1,172.25,Mass Regulars,
16086,60,5,1121.39,Mass Regulars,35.41747744337446
16136,60,3,709.38,Mass Regulars,59.584093942143205
12836,60,4,2612.86,Mass Regulars,265.25834228400134
14857,60,2,1173.12,Mass Regulars,-340.34812552606024
17620,60,1,81.44,Mass Regulars,
12824,60,1,397.12,Mass Regulars,
12772,60,1,892.47,Mass Regulars,
12530,60,4,1662.28,Mass Regulars,79.86054590827645
14175,60,3,3222.3,Mass Regulars,383.4218403830192
13919,60,2,384.81,Mass Regulars,-139.83584104431102
17863,60,6,3160.0,Mass Regulars,63.426208457382685
16861,60,2,173.76,Mass Regulars,-18.433149296458602
14952,60,11,8099.49,Mass Regulars,127.00449901886556
13109,60,2,786.54,Mass Regulars,-205.84733564553525
13627,60,5,1638.47,Mass Regulars,80.37152749414413
16120,60,4,1309.14,Mass Regulars,
15199,60,4,1268.7,Mass Regulars,23.693786862865032
13283,60,2,93.66,Mass Regulars,-21.523233747809613
15553,61,1,437.23,Mass Regulars,
17284,61,6,1652.58,Mass Regulars,82.78756354807656
13666,61,3,84.65,Mass Regulars,-39.01903479591139
17589,61,4,2404.17,Mass Regulars,259.24050016697055
17462,61,2,675.69,Mass Regulars,-122.7626933493407
15304,61,8,694.4,Mass Regulars,39.405223169269604
13373,61,3,3312.25,Mass Regulars,298.68713051658904
17025,61,3,357.77,Mass Regulars,-12.768491297035272
14535,61,3,2864.19,Mass Regulars,541.1470146884865
16982,61,1,384.06,Mass Regulars,
13980,61,1,200.14,Mass Regulars,
18169,61,1,202.65,Mass Regulars,
16385,61,3,555.89,Mass Regulars,73.06107749616898
13224,61,2,2155.95,Mass Regulars,-453.6579365194985
18126,61,1,206.83,Mass Regulars,
16179,61,1,215.83,Mass Regulars,
16776,61,1,388.28,Mass Regulars,
15128,61,4,1471.0,Mass Regulars,77.76682382529754
14529,61,3,620.04,Mass Regulars,687.7874966341935
16395,61,5,1486.9,Mass Regulars,123.52281778874476
17552,61,4,930.41,Mass Regulars,43.47280626468474
14128,61,2,637.5,Mass Regulars,-101.18187453152218
14451,61,2,662.59,Mass Regulars,-255.6403962119298
14665,61,5,1835.7,Mass Regulars,126.9423502198898
17214,61,6,1069.12,Mass Regulars,154.40630042385752
15193,61,1,499.32,Mass Regulars,
14201,61,7,747.44,Mass Regulars,27.693653662778313
14027,61,1,104.82,Mass Regulars,
12607,61,1,1579.51,Mass Regulars,
15211,61,2,894.41,Mass Regulars,-249.18795494186352
15886,61,1,181.09,Mass Regulars,
17648,61,4,1797.5,Mass Regulars,308.766078000998
13352,61,1,397.98,Mass Regulars,
13473,61,2,422.64,Mass Regulars,-72.81111789882863
15756,62,4,532.96,Mass Regulars,220.29618968834586
16104,62,1,302.36,Mass Regulars,
13259,62,1,292.32,Mass Regulars,
18088,62,1,167.67,Mass Regulars,
16921,62,1,169.79,Mass Regulars,
16248,62,1,152.94,Mass Regulars,
16685,62,2,324.24,Mass Regulars,
14801,62,1,193.14,Mass Regulars,
14514,62,3,1055.35,Mass Regulars,114.59931827360649
13193,62,1,117.88,Mass Regulars,
16380,62,1,1780.59,Mass Regulars,
16595,62,1,360.16,Mass Regulars,
15606,62,9,2920.16,Mass Regulars,73.86923809118859
13260,62,1,557.62,Mass Regulars,
16518,62,2,484.32,Mass Regulars,-125.35028343596079
15874,64,7,4405.88,Mass Regulars,179.88036122774784
17030,64,1,146.87,Mass Regulars,
13806,64,1,256.38,Mass Regulars,
16455,64,7,1841.18,Mass Regulars,56.07855362532781
13169,64,2,712.88,Mass Regulars,-29.40554737912891
14067,64,2,374.7,Mass Regulars,-223.42378795401305
16354,64,2,395.8,Mass Regulars,-29.755785791718957
15706,64,4,1060.56,Mass Regulars,170.54488343858293
15815,64,5,2100.6,Mass Regulars,35.67364994548031
13689,64,1,910.0,Mass Regulars,
14029,64,2,467.66,Mass Regulars,-68.34932210457049
18136,64,3,784.33,Mass Regulars,46.739520347162866
12740,64,1,427.6,Mass Regulars,
12492,64,2,263.21,Mass Regulars,-123.9996021766355
14792,64,1,6.2,Mass Regulars,
12781,64,2,826.74,Mass Regulars,-92.95886796287986
13276,64,2,590.93,Mass Regulars,-417.8967629671242
12420,64,1,600.39,Mass Regulars,
12519,64,1,340.84,Mass Regulars,
12394,64,2,1272.48,Mass Regulars,-66.40425556082806
13419,64,1,221.06,Mass Regulars,
13359,64,1,439.56,Mass Regulars,
12885,64,3,1175.22,Mass Regulars,-343.85240541207736
14844,64,4,3189.81,Mass Regulars,186.36947404759934
13587,64,1,712.4,Mass Regulars,
13876,64,1,122.7,Mass Regulars,
13763,64,1,1714.96,Mass Regulars,
16477,64,7,2494.46,Mass Regulars,90.4769992626233
15837,65,1,391.98,Mass Regulars,
15264,65,1,393.74,Mass Regulars,
16432,65,1,287.4,Mass Regulars,
13177,65,1,282.45,Mass Regulars,
15315,65,2,570.5,Mass Regulars,-64.35406707736163
16895,65,1,219.14,Mass Regulars,
15416,65,4,3984.32,Mass Regulars,210.40945306824452
14959,65,4,695.42,Mass Regulars,30.62085636618339
14538,65,2,388.25,Mass Regulars,-105.54753549575061
15518,65,8,1942.45,Mass Regulars,140.6781956267843
13348,65,1,233.76,Mass Regulars,
16184,65,6,1158.79,Mass Regulars,61.50298274218022
13771,65,4,2634.45,Mass Regulars,205.69738288774644
13023,65,2,689.9,Mass Regulars,-359.4606531920287
13602,65,1,428.89,Mass Regulars,
13591,65,3,1117.13,Mass Regulars,102.13730432562977
15937,65,1,145.35,Mass Regulars,
17921,65,4,826.52,Mass Regulars,136.00960937187364
15306,65,3,1174.35,Mass Regulars,175.14809793651074
15300,65,1,496.44,Mass Regulars,
12923,65,1,176.97,Mass Regulars,
13049,65,2,656.68,Mass Regulars,-64.15897227030209
13422,65,1,2626.3,Mass Regulars,
14257,65,5,3099.72,Mass Regulars,90.87811464699911
14518,65,1,174.37,Mass Regulars,
14317,65,1,508.58,Mass Regulars,
14819,65,2,272.07,Mass Regulars,-118.74761186136851
15766,65,1,315.06,Mass Regulars,
13845,65,1,312.98,Mass Regulars,
12939,65,8,11581.8,Mass Regulars,32.24841222737623
16316,65,8,2938.91,Mass Regulars,218.86040343166718
13504,65,1,295.93,Mass Regulars,
13483,66,1,140.34,Mass Regulars,
13989,66,2,1266.08,Mass Regulars,-90.04066443566056
17382,66,1,65.4,Mass Regulars,
15762,66,2,583.75,Mass Regulars,-272.796788097507
13947,66,1,90.6,Mass Regulars,
12789,66,1,91.85,Mass Regulars,
14054,66,1,92.46,Mass Regulars,
14396,66,2,487.99,Mass Regulars,-132.4270418712846
18033,66,1,97.97,Mass Regulars,
16106,66,1,108.38,Mass Regulars,
17483,66,3,414.04,Mass Regulars,53.54583784521678
12843,66,8,1702.26,Mass Regulars,134.9253121530273
15048,66,4,384.05,Mass Regulars,77.48117710133029
15757,66,2,714.42,Mass Regulars,-172.24449621045116
16803,66,1,332.3,Mass Regulars,
15730,66,3,1120.88,Mass Regulars,138.3677400046513
16140,66,2,725.18,Mass Regulars,-75.1715669341432
17222,66,1,354.15,Mass Regulars,
16758,66,1,369.34,Mass Regulars,
17647,66,1,133.06,Mass Regulars,
16040,66,3,1313.55,Mass Regulars,168.6061970904482
15127,66,1,406.53,Mass Regulars,
16160,66,2,1025.44,Mass Regulars,-95.31948382033855
16059,66,6,1459.86,Mass Regulars,165.87713212336254
14389,66,2,1043.46,Mass Regulars,-144.37601682847088
15244,66,2,631.57,Mass Regulars,-112.14840288310803
12413,67,3,758.1,Mass Regulars,45.2430079395136
12457,67,7,2363.23,Mass Regulars,86.1834144454046
14462,67,11,2004.02,Mass Regulars,201.5697600482688
14184,67,1,452.89,Mass Regulars,
15241,67,8,1756.44,Mass Regulars,59.1214426418753
17957,67,1,111.68,Mass Regulars,
15228,67,4,3386.71,Mass Regulars,159.91669712256908
16253,67,2,3683.86,Mass Regulars,-226.41226974931263
13801,67,1,324.8,Mass Regulars,
15739,67,1,449.12,Mass Regulars,
15181,67,3,689.48,Mass Regulars,10.764442236724543
16881,67,1,432.0,Mass Regulars,
15276,67,1,135.31,Mass Regulars,
13317,67,6,2273.68,Mass Regulars,191.4097032935819
16556,67,7,3313.79,Mass Regulars,231.86622092034122
13552,67,12,3740.07,Mass Regulars,128.6079285844926
15255,67,1,890.85,Mass Regulars,
13351,67,1,373.94,Mass Regulars,
16882,67,3,705.12,Mass Regulars,82.60689127954137
15339,67,2,574.07,Mass Regulars,-188.60239850938086
16374,67,2,473.03,Mass Regulars,-369.0102623849756
12512,67,2,138.03,Mass Regulars,
13792,67,2,195.55,Mass Regulars,-64.28710275978415
17667,67,5,2055.51,Mass Regulars,120.16920203370475
13431,68,2,1269.1,Mass Regulars,-277.6611043275617
14193,68,2,853.39,Mass Regulars,-101.77901092484936
18116,68,8,1418.03,Mass Regulars,234.52114741537181
14644,68,2,830.76,Mass Regulars,-162.40548764638953
14651,68,2,654.6,Mass Regulars,-205.26489128916054
15930,68,1,426.63,Mass Regulars,
15091,68,1,480.71,Mass Regulars,
13344,68,3,2543.72,Mass Regulars,-382.81048360932596
12886,68,2,1378.4,Mass Regulars,-288.7724202201439
16441,68,2,381.2,Mass Regulars,-87.00833608789831
14333,68,1,415.2,Mass Regulars,
15299,68,7,4507.01,Mass Regulars,260.2216289114194
16183,68,1,338.71,Mass Regulars,
16774,68,4,661.52,Mass Regulars,66.83259044477609
13635,68,1,1071.03,Mass Regulars,
14488,68,1,1064.28,Mass Regulars,
12637,68,8,6021.9,Mass Regulars,276.3595818794378
16875,68,5,2095.53,Mass Regulars,125.54170520070222
15579,69,2,348.6,Mass Regulars,-154.95003778699393
14970,69,4,1592.06,Mass Regulars,87.25751409494575
16693,69,2,482.01,Mass Regulars,-335.87080098569277
15774,69,1,270.8,Mass Regulars,
16591,69,1,213.5,Mass Regulars,
16667,69,2,570.13,Mass Regulars,-219.43431435569627
15164,69,3,843.05,Mass Regulars,169.34479843516002
13095,71,1,74.4,Mass Regulars,
17376,71,2,203.2,Mass Regulars,-55.31308867785317
13972,71,2,190.25,Mass Regulars,-6.009177994972321
12842,71,2,1118.99,Mass Regulars,-74.48544153228032
15321,71,3,2748.31,Mass Regulars,-383.67661403551097
15593,71,1,199.8,Mass Regulars,
13764,71,3,1521.76,Mass Regulars,242.32519802194872
14916,71,4,1268.98,Mass Regulars,52.6185457760744
15834,71,4,2233.75,Mass Regulars,284.53667879048265
18008,71,9,2116.19,Mass Regulars,31.70939120312287
13347,71,1,341.36,Mass Regulars,
12694,71,2,869.67,Mass Regulars,-225.29211357957317
18053,71,1,300.02,Mass Regulars,
14164,71,2,1631.77,Mass Regulars,-11.924167878545816
16613,71,1,618.59,Mass Regulars,
16101,71,1,1290.7,Mass Regulars,
16404,71,1,443.05,Mass Regulars,
15185,71,1,310.62,Mass Regulars,
12822,71,2,948.88,Mass Regulars,-110.82794028459095
13092,71,5,477.83,Mass Regulars,28.480282974882083
18192,72,1,957.97,Mass Regulars,
17894,72,8,1119.81,Mass Regulars,145.6244268521003
14409,72,6,2059.45,Mass Regulars,52.61758663167162
15062,72,4,987.86,Mass Regulars,43.650619960629065
13354,72,1,743.53,Mass Regulars,
12728,72,4,836.33,Mass Regulars,75.32987518610626
16650,72,1,518.42,Mass Regulars,
17572,72,4,226.75,Mass Regulars,11.334568697806207
17819,72,7,3704.87,Mass Regulars,54.96114768587267
17905,72,4,800.24,Mass Regulars,8.353755312786438
16233,72,3,536.68,Mass Regulars,38.2011729189964
12458,72,2,947.4,Mass Regulars,-169.58131973679815
13886,72,1,243.56,Mass Regulars,
13364,72,1,134.96,Mass Regulars,
15030,72,2,518.28,Mass Regulars,-36.447539193573164
18235,72,3,1796.48,Mass Regulars,173.00359070905853
12718,72,1,238.25,Mass Regulars,
14305,72,3,1858.96,Mass Regulars,147.90919604756843
13741,72,3,668.43,Mass Regulars,172.7036145102191
18204,72,3,1993.7,Mass Regulars,373.98691540868504
15175,72,1,224.14,Mass Regulars,
14475,72,3,925.85,Mass Regulars,61.47129644901296
13503,72,1,216.85,Mass Regulars,
14681,72,3,498.95,Mass Regulars,-19.394962865278256
12372,72,3,1298.04,Mass Regulars,78.61766618357055
17724,72,3,1033.0,Mass Regulars,183.8838230359986
16268,72,2,667.65,Mass Regulars,
16574,72,1,451.44,Mass Regulars,
17427,72,1,100.8,Mass Regulars,
12703,72,1,283.55,Mass Regulars,
16589,72,3,459.24,Mass Regulars,63.32832990947985
17783,73,2,283.47,Mass Regulars,-109.09256837561826
13321,73,2,567.36,Mass Regulars,-14.829480647955531
13505,73,4,4393.63,Mass Regulars,326.7257433242082
16321,73,5,373.65,Mass Regulars,20.05269570251182
14609,73,4,601.56,Mass Regulars,0.515751096115947
12393,73,4,1582.6,Mass Regulars,49.600430243372905
16909,73,1,379.14,Mass Regulars,
16690,73,2,225.58,Mass Regulars,-74.61495558769303
15036,73,3,465.55,Mass Regulars,327.5953343738396
13901,73,5,2867.2,Mass Regulars,176.18037601205953
17513,73,1,513.2,Mass Regulars,
16681,73,6,1770.34,Mass Regulars,26.87053410850318
17370,73,4,446.18,Mass Regulars,29.691111407132386
18242,73,4,2232.49,Mass Regulars,258.566375658935
13061,73,1,248.61,Mass Regulars,
14947,73,2,290.82,Mass Regulars,-72.58632071843637
16182,73,4,6617.65,Mass Regulars,28.067868016130678
15841,73,4,1224.06,Mass Regulars,25.377092523924354
13515,73,4,891.12,Mass Regulars,58.611089299827285
15348,73,1,158.04,Mass Regulars,
18265,73,2,801.51,Mass Regulars,-340.1941775035232
16281,73,1,2062.06,Mass Regulars,
17950,73,3,482.2,Mass Regulars,-111.85210293251879
14978,73,5,1931.42,Mass Regulars,311.6584579594139
14109,73,1,144.2,Mass Regulars,
13397,73,5,1544.13,Mass Regulars,47.56826711473326
16266,74,7,861.89,Mass Regulars,80.19347919478156
13035,74,2,921.88,Mass Regulars,-51.38675059719129
17788,74,2,1117.9,Mass Regulars,-39.33948297596571
12987,74,2,558.7,Mass Regulars,-155.63500123894192
14272,74,2,437.96,Mass Regulars,-89.25206707367452
16629,74,2,417.73,Mass Regulars,-149.1216470528617
14818,74,3,657.8,Mass Regulars,118.93934583139955
13016,74,3,789.89,Mass Regulars,-222.31383847922905
16462,74,3,136.0,Mass Regulars,15.49262918880318
16181,74,1,305.54,Mass Regulars,
13555,74,4,4149.28,Mass Regulars,-457.02631917112353
16122,74,4,684.42,Mass Regulars,18.59094900456303
17656,74,5,1674.69,Mass Regulars,128.03269328858124
18278,74,1,173.9,Mass Regulars,
15674,74,5,2446.6,Mass Regulars,296.8570687765966
14101,74,6,5976.79,Mass Regulars,20.194387998768622
13514,74,1,152.2,Mass Regulars,
12455,74,6,2466.86,Mass Regulars,75.01449931459815
17805,74,1,512.31,Mass Regulars,
17591,74,7,2225.97,Mass Regulars,86.87630188136347
13979,74,1,869.87,Mass Regulars,
17061,74,11,5232.23,Mass Regulars,127.83192201842135
15827,74,14,1836.09,Mass Regulars,115.10082837666057
13390,75,1,544.08,Mass Regulars,
15243,75,1,316.68,Mass Regulars,
16468,75,1,74.9,Mass Regulars,
13927,75,1,348.99,Mass Regulars,
13434,75,2,534.24,Mass Regulars,-49.261360098751815
17674,75,2,551.04,Mass Regulars,-20.38106171534296
12823,75,5,1759.5,Mass Regulars,13.461169803463008
16383,75,2,668.36,Mass Regulars,-289.8386055391353
13405,75,3,572.45,Mass Regulars,90.6500958521339
12612,75,1,704.04,Mass Regulars,
16603,75,2,482.47,Mass Regulars,-100.69215275639291
14473,75,2,234.34,Mass Regulars,-38.97334499974562
13233,75,2,605.12,Mass Regulars,-25.747531922393893
16778,75,2,245.94,Mass Regulars,-57.130026414858904
12412,75,3,1226.88,Mass Regulars,131.9211613111386
14908,75,1,277.8,Mass Regulars,
13866,75,1,145.67,Mass Regulars,
15626,75,2,675.8,Mass Regulars,-64.70140643270712
15958,75,1,104.35,Mass Regulars,
17997,75,8,1970.67,Mass Regulars,122.75390523651876
13639,75,1,1033.34,Mass Regulars,
14561,76,3,1080.76,Mass Regulars,133.2888206608377
13787,76,2,309.04,Mass Regulars,-89.48236788996697
12545,76,2,1000.39,Mass Regulars,-174.57808631379356
14806,76,1,193.39,Mass Regulars,
14757,76,1,420.5,Mass Regulars,
14235,76,5,3144.86,Mass Regulars,64.43470181184621
16689,76,2,422.6,Mass Regulars,-78.90958538960703
13670,76,1,349.7,Mass Regulars,
17154,76,1,329.34,Mass Regulars,
15312,76,4,924.85,Mass Regulars,33.886374740027065
14152,76,2,621.29,Mass Regulars,-54.31765861106064
16594,76,1,181.09,Mass Regulars,
18066,76,1,318.0,Mass Regulars,
15799,76,3,884.14,Mass Regulars,94.18144791032398
18155,76,3,371.62,Mass Regulars,39.7323777420829
16480,76,1,769.29,Mass Regulars,
16198,76,1,400.68,Mass Regulars,
16342,76,4,322.41,Mass Regulars,22.819612612765702
17506,76,1,302.2,Mass Regulars,
12348,76,4,1797.24,Mass Regulars,57.22603559067521
15366,76,2,602.51,Mass Regulars,-130.25236339529212
15154,76,1,296.42,Mass Regulars,
17498,76,1,272.22,Mass Regulars,
12516,78,2,1312.06,Mass Regulars,-94.10071691255573
13127,78,1,259.17,Mass Regulars,
15978,78,1,1098.78,Mass Regulars,
17480,78,1,511.82,Mass Regulars,
17388,78,4,1259.56,Mass Regulars,37.62689055681187
16485,78,1,363.65,Mass Regulars,
14652,78,1,114.18,Mass Regulars,
15475,78,1,454.11,Mass Regulars,
16978,78,1,344.33,Mass Regulars,
18189,78,2,1090.24,Mass Regulars,-199.1828457582556
15744,78,1,34.8,Mass Regulars,
16872,78,3,680.02,Mass Regulars,83.43740936973805
14880,78,3,706.19,Mass Regulars,129.4695895010525
13336,78,1,795.12,Mass Regulars,
14014,78,1,505.18,Mass Regulars,
15549,78,3,1693.26,Mass Regulars,143.1267929151684
15075,78,1,773.03,Mass Regulars,
13486,79,3,1122.41,Mass Regulars,247.30969173661086
12930,79,2,415.8,Mass Regulars,-76.06629079975646
14854,79,7,2759.83,Mass Regulars,129.0800838315722
13529,79,2,307.76,Mass Regulars,-76.26586549760748
17603,79,1,394.72,Mass Regulars,
12579,79,1,440.42,Mass Regulars,
12739,79,2,1013.04,Mass Regulars,-166.60424797689413
12609,79,3,1126.85,Mass Regulars,131.29406931154935
15603,79,1,48.48,Mass Regulars,
16213,79,1,159.0,Mass Regulars,
17172,79,1,317.76,Mass Regulars,
12425,79,1,777.2,Mass Regulars,
15810,79,4,1391.98,Mass Regulars,100.08813821220205
13519,79,1,122.75,Mass Regulars,
14038,79,3,1560.38,Mass Regulars,115.28761716325441
13055,79,3,1214.41,Mass Regulars,-309.48436769257916
14147,79,2,483.4,Mass Regulars,-23.857521176510417
15067,79,3,1744.76,Mass Regulars,-223.20408669685864
12854,79,3,1324.5,Mass Regulars,158.8330627354877
16735,79,5,2300.56,Mass Regulars,84.50904141520837
13220,79,4,819.29,Mass Regulars,56.633651277529104
13279,79,1,137.75,Mass Regulars,
17027,79,6,890.29,Mass Regulars,123.4545641079855
13320,79,4,1548.7,Mass Regulars,152.95033762108952
16236,79,1,432.2,Mass Regulars,
16715,79,1,301.72,Mass Regulars,
17311,79,2,1384.85,Mass Regulars,-142.35946489965295
12409,79,3,11072.67,Mass Regulars,196.6161183269952
17079,79,1,118.8,Mass Regulars,
12550,80,1,964.83,Mass Regulars,
16627,80,1,322.8,Mass Regulars,
14356,80,2,701.23,Mass Regulars,-264.42303840142864
14951,80,1,311.69,Mass Regulars,
17731,80,4,1240.11,Mass Regulars,141.00772778610187
12604,80,2,254.18,Mass Regulars,-17.47335381932403
16493,80,4,1351.63,Mass Regulars,42.810312055489376
13946,80,3,561.57,Mass Regulars,7.175566850167734
13959,80,3,598.2,Mass Regulars,116.13151478093145
17415,80,1,507.84,Mass Regulars,
12435,80,2,7829.89,Mass Regulars,-148.5742450578089
12701,80,2,797.71,Mass Regulars,-173.08633405876844
13908,80,4,2369.55,Mass Regulars,131.00265363365943
12390,80,1,549.84,Mass Regulars,
12520,80,5,2634.26,Mass Regulars,145.20692174625427
14887,80,1,1862.0,Mass Regulars,
17475,80,1,194.37,Mass Regulars,
13356,81,1,768.24,Mass Regulars,
13038,81,3,908.46,Mass Regulars,38.117630652218615
16624,81,2,810.57,Mass Regulars,-148.54277683579676
16928,81,17,2847.6,Mass Regulars,94.92034355570797
15888,81,1,168.31,Mass Regulars,
14236,81,2,490.86,Mass Regulars,-21.76098905763718
15341,81,1,2020.52,Mass Regulars,
17873,81,5,1859.16,Mass Regulars,66.27713136344057
16584,81,2,936.08,Mass Regulars,-95.24660473866602
15026,81,3,469.0,Mass Regulars,79.0001261915861
16777,81,2,226.35,Mass Regulars,-76.21273364433848
16215,81,1,242.35,Mass Regulars,
13562,82,3,1799.33,Mass Regulars,213.60852302079815
13325,82,1,675.3,Mass Regulars,
15675,82,3,323.69,Mass Regulars,51.01327269637098
14934,82,2,1890.94,Mass Regulars,-323.64590031944897
12752,82,1,4366.78,Mass Regulars,
15504,82,1,52.83,Mass Regulars,
12497,82,1,1043.1,Mass Regulars,
12379,82,2,852.24,Mass Regulars,-147.9192297456685
13228,82,1,358.0,Mass Regulars,
17628,82,1,75.75,Mass Regulars,
18232,82,4,592.97,Mass Regulars,86.6804892868386
16906,82,4,579.77,Mass Regulars,142.90531737280025
16527,82,1,228.06,Mass Regulars,
16080,82,2,217.16,Mass Regulars,-13.132991377086006
12527,82,3,348.71,Mass Regulars,18.646797982355267
13774,82,1,345.0,Mass Regulars,
18094,82,7,3017.3,Mass Regulars,49.08096979728231
18017,82,3,523.0,Mass Regulars,3.3663410552522985
17848,82,9,901.2,Mass Regulars,51.83557710704862
17058,82,3,1179.89,Mass Regulars,121.26163165386407
16370,83,4,1320.56,Mass Regulars,329.37823071564753
13067,83,1,115.46,Mass Regulars,
15947,83,1,1708.24,Mass Regulars,
13334,83,3,3536.82,Mass Regulars,310.47180437355615
18194,83,1,973.84,Mass Regulars,
17802,83,3,1285.04,Mass Regulars,203.72482510028914
15523,85,1,412.01,Mass Regulars,
13563,85,2,777.53,Mass Regulars,-971.2261430700681
16878,85,1,13.3,Mass Regulars,
12434,85,2,806.14,Mass Regulars,-198.11071441366258
15099,85,1,410.48,Mass Regulars,
12871,85,2,380.64,Mass Regulars,-43.741060513959056
15410,85,8,3450.84,Mass Regulars,168.0017847479572
16108,85,1,842.5,Mass Regulars,
16709,85,5,3029.87,Mass Regulars,153.20992962832247
14124,85,1,419.58,Mass Regulars,
13141,85,5,2388.75,Mass Regulars,103.91792898136269
16573,85,2,663.61,Mass Regulars,-158.45515557294144
15975,85,1,371.01,Mass Regulars,
14894,86,1,655.75,Mass Regulars,
17333,86,1,494.25,Mass Regulars,
13539,86,3,631.34,Mass Regulars,99.93280364701029
12722,86,4,997.63,Mass Regulars,110.45899659390194
17594,86,2,993.18,Mass Regulars,-162.80832890270375
17786,86,2,278.74,Mass Regulars,-119.60308069819511
15322,86,1,679.68,Mass Regulars,
15417,86,1,508.8,Mass Regulars,
17898,86,2,152.06,Mass Regulars,-36.93847790625588
14557,86,1,788.38,Mass Regulars,
17047,86,3,1100.9,Mass Regulars,-183.74045275536298
13662,86,3,897.76,Mass Regulars,119.92152917090552
13518,86,1,659.44,Mass Regulars,
17002,86,3,1493.73,Mass Regulars,99.27257818673267
12995,86,1,211.32,Mass Regulars,
15466,86,1,334.53,Mass Regulars,
13134,86,4,1793.58,Mass Regulars,133.3191040665828
15205,86,2,653.24,Mass Regulars,-60.49632763797211
17846,86,1,2033.1,Mass Regulars,
17640,87,1,621.66,Mass Regulars,
17033,87,3,1030.14,Mass Regulars,26.360345985916695
18173,87,4,2106.84,Mass Regulars,25.307783278153533
13877,87,1,117.24,Mass Regulars,
14177,87,4,559.41,Mass Regulars,124.33641467477854
14660,87,2,285.74,Mass Regulars,-137.27608982086463
16745,87,17,7194.3,Loyal High-Value,175.80683125052502
12756,87,1,112.08,Mass Regulars,
17347,87,1,228.96,Mass Regulars,
12566,87,1,351.65,Mass Regulars,
16959,88,1,117.35,Mass Regulars,
16036,88,2,758.92,Mass Regulars,-173.61127549662947
16098,88,7,2005.63,Mass Regulars,66.67281951699931
16229,88,2,1010.6,Mass Regulars,-243.89057125402087
14753,88,1,563.15,Mass Regulars,
15201,88,5,1236.54,Mass Regulars,50.01251831674672
14163,88,4,2445.91,Mass Regulars,103.32824170142639
16451,88,1,266.97,Mass Regulars,
18251,88,1,4314.72,Mass Regulars,
15216,88,1,96.6,Mass Regulars,
15343,88,1,364.5,Mass Regulars,
17037,88,1,1267.32,Mass Regulars,
16475,89,4,544.3,Mass Regulars,57.55310834791699
15980,89,3,2398.86,Mass Regulars,-126.43051814025993
14307,89,6,2995.72,Mass Regulars,116.8305125689383
16209,89,5,2262.62,Mass Regulars,38.75566961005764
16211,89,1,547.02,Mass Regulars,
16141,89,1,620.4,Mass Regulars,
12924,89,4,933.7,Mass Regulars,42.55177984048782
13375,89,1,778.65,Mass Regulars,
14500,89,3,356.85,Mass Regulars,19.228464101440245
16984,89,2,4481.35,Mass Regulars,-1056.678566271604
15996,89,6,1060.68,Mass Regulars,128.44264659151165
17919,89,1,1304.04,Mass Regulars,
12884,89,1,309.05,Mass Regulars,
15673,89,4,2881.02,Mass Regulars,134.1142365452727
15764,89,6,3279.97,Mass Regulars,175.67854143665667
17433,89,1,303.16,Mass Regulars,
12965,90,1,771.91,Mass Regulars,
16384,90,2,584.5,Mass Regulars,-93.21391266422874
18215,90,1,299.34,Mass Regulars,
15939,90,15,6115.01,Mass Regulars,33.0930438213663
13372,90,1,378.64,Mass Regulars,
15035,90,1,252.73,Mass Regulars,
12635,90,2,1689.18,Mass Regulars,-512.6767429763681
13124,90,3,3866.33,Mass Regulars,422.0419528122299
13611,90,3,1171.8,Mass Regulars,100.74892643818565
16796,90,1,305.62,Mass Regulars,
14212,90,1,1070.48,Mass Regulars,
15636,90,2,724.76,Mass Regulars,-84.36135589247398
14837,90,4,1649.5,Mass Regulars,93.53052741257896
18255,90,1,103.3,Mass Regulars,
16027,92,6,934.62,Mass Regulars,19.151317302691393
15652,92,1,337.74,Mass Regulars,
12535,92,2,716.35,Mass Regulars,-218.151110638527
14628,92,2,671.96,Mass Regulars,-103.78379160588855
13441,92,1,296.64,Mass Regulars,
14414,92,7,1496.98,Mass Regulars,20.203630460395527
14915,92,2,307.48,Mass Regulars,-35.50087233344375
16723,92,2,589.15,Mass Regulars,-684.7623733098625
15198,93,2,193.64,Mass Regulars,-30.671061736088696
14223,93,3,991.13,Mass Regulars,139.43495749072142
15488,93,1,91.32,Mass Regulars,
18222,93,1,443.0,Mass Regulars,
13925,93,4,678.25,Mass Regulars,209.2362634371968
12592,93,2,437.6,Mass Regulars,-73.45807419267956
15653,93,2,877.44,Mass Regulars,-7.822063809905065
15885,93,3,379.35,Mass Regulars,71.76089208211276
13330,93,3,1140.93,Mass Regulars,65.67777758488636
16031,93,2,548.94,Mass Regulars,-300.0155532819899
13848,93,3,1255.0,Mass Regulars,1.7847722002042938
13814,93,2,1579.12,Mass Regulars,-205.5769121777344
13244,93,1,121.74,Mass Regulars,
13249,93,3,711.41,Mass Regulars,72.91175431559878
15400,93,5,716.2,Mass Regulars,6.259131817980468
13889,93,1,416.9,Mass Regulars,
14410,93,9,1105.07,Mass Regulars,153.92264836902604
16828,94,2,128.5,Mass Regulars,-62.19355209746046
18093,94,4,2106.52,Mass Regulars,13.476270530760683
13210,94,1,353.48,Mass Regulars,
15071,94,2,982.07,Mass Regulars,-144.02824469031597
17460,95,6,622.43,Mass Regulars,36.55405038729546
13158,95,4,1201.06,Mass Regulars,57.40380739108788
16175,95,4,1037.59,Mass Regulars,90.72702651208007
17560,95,4,854.95,Mass Regulars,42.762974862609084
17339,95,2,243.36,Mass Regulars,-18.034195798757104
13130,95,1,64.0,Mass Regulars,
16400,95,1,303.93,Mass Regulars,
14208,95,1,151.74,Mass Regulars,
15462,95,3,234.6,Mass Regulars,11.151399126321817
13122,95,2,922.39,Mass Regulars,-2.039023027385982
12461,95,2,826.88,Mass Regulars,-126.65203543462458
12616,96,2,713.3,Mass Regulars,-138.86010632263103
13744,96,2,1156.36,Mass Regulars,-86.43577139598787
13931,96,2,1237.53,Mass Regulars,-142.29046636202733
13851,96,3,2651.46,Mass Regulars,123.80404095670377
12422,96,3,803.56,Mass Regulars,71.29024408669235
15307,96,1,205.3,Mass Regulars,
12816,96,2,572.2,Mass Regulars,-353.5862725728878
12502,96,5,3723.87,Mass Regulars,324.3764303809947
13748,96,5,948.25,Mass Regulars,46.734385288804155
16172,96,5,1140.21,Mass Regulars,68.68080517696514
14565,96,4,3099.12,Mass Regulars,155.0689105514286
17309,96,1,82.75,Mass Regulars,
15491,96,6,3100.09,Mass Regulars,180.733612142933
16820,96,1,497.61,Mass Regulars,
18196,96,2,689.13,Mass Regulars,-216.8623127649992
16551,96,3,922.12,Mass Regulars,25.88407885191083
15364,96,2,913.19,Mass Regulars,-98.67498758101128
13192,96,2,911.94,Mass Regulars,-166.02650745582628
13240,97,4,663.65,Mass Regulars,71.23657479062908
17050,97,6,3228.84,Mass Regulars,318.9240662518979
17722,97,4,2424.04,Mass Regulars,99.6978606138873
13548,97,2,682.41,Mass Regulars,-388.06408580708535
12710,97,3,1149.02,Mass Regulars,94.93698206895299
16761,97,1,316.62,Mass Regulars,
12851,97,1,135.18,Mass Regulars,
17229,97,2,318.76,Mass Regulars,-105.88666656453151
14965,97,2,599.0,Mass Regulars,
17774,97,4,1225.41,Mass Regulars,225.48214978395418
18027,99,1,115.31,Mass Regulars,
18087,99,2,4055.72,Mass Regulars,-541.0085116230455
14463,99,3,529.62,Mass Regulars,39.297999108139905
14436,99,1,89.06,Mass Regulars,
14171,99,1,363.79,Mass Regulars,
14276,99,3,1119.74,Mass Regulars,71.07532815385304
12436,100,1,509.01,Mass Regulars,
13376,100,3,1019.76,Mass Regulars,188.78652934248427
13099,100,1,207.36,Mass Regulars,
16456,100,5,2158.37,Mass Regulars,72.09468485031536
15829,100,2,636.14,Mass Regulars,-54.45763178832639
13631,100,11,3070.42,Mass Regulars,25.648203856415716
14420,100,1,387.52,Mass Regulars,
13470,100,2,165.0,Mass Regulars,-21.580152118586867
13045,100,1,305.28,Mass Regulars,
16808,100,2,288.42,Mass Regulars,-14.01677461359178
15596,101,5,1406.59,Mass Regulars,81.98732714493637
16180,101,8,10254.18,Mass Regulars,152.52714305889148
14513,101,3,455.59,Mass Regulars,9.624120906485656
17588,101,3,1240.2,Mass Regulars,47.76853464871579
16780,101,2,425.19,Mass Regulars,-208.44594517967906
16278,101,1,566.38,Mass Regulars,
16083,101,2,1317.62,Mass Regulars,-47.85325281386321
15260,101,7,1810.77,Mass Regulars,68.22633602032785
16842,101,3,1264.19,Mass Regulars,93.38459506641091
17320,101,3,1200.62,Mass Regulars,131.71690266111864
14078,102,6,1049.37,Mass Regulars,40.91718094958706
15866,102,1,230.53,Mass Regulars,
17298,102,2,498.42,Mass Regulars,-221.0884295811729
12814,102,1,125.92,Mass Regulars,
15095,104,4,1370.6,Mass Regulars,54.35458748293528
15325,104,1,162.29,Mass Regulars,
16806,104,4,801.49,Mass Regulars,147.71483381154303
15625,104,4,1534.26,Mass Regulars,27.70207629981354
14472,104,8,1936.84,Mass Regulars,184.2744329862363
13301,104,4,618.09,Mass Regulars,85.86813657004595
15569,104,5,1375.71,Mass Regulars,25.1416334903945
16816,104,4,417.06,Mass Regulars,24.271508333156312
13778,104,1,178.7,Mass Regulars,
15074,106,1,748.87,Mass Regulars,
16641,106,1,231.1,Mass Regulars,
15641,106,4,1887.2,Mass Regulars,82.33305978236419
13003,106,3,149.05,Mass Regulars,3.4352625905621585
14210,106,6,1905.84,Mass Regulars,102.40782223333908
17146,106,3,749.78,Mass Regulars,112.51250340524957
13489,106,4,449.52,Mass Regulars,6.030766852642911
14687,107,1,628.38,Mass Regulars,
14314,107,1,120.0,Mass Regulars,
12624,107,2,641.13,Mass Regulars,-213.12264824345448
16093,107,1,17.0,Mass Regulars,
16503,107,4,1431.93,Mass Regulars,112.63158155100376
16429,107,1,284.55,Mass Regulars,
17189,107,2,384.4,Mass Regulars,-72.35662042779218
15263,107,1,156.51,Mass Regulars,
14055,107,1,725.64,Mass Regulars,
18200,107,1,163.8,Mass Regulars,
15663,107,1,138.14,Mass Regulars,
13000,107,3,534.85,Mass Regulars,33.92404252461933
12715,107,1,353.86,Mass Regulars,
17844,107,1,51.56,Mass Regulars,
16309,107,2,706.57,Mass Regulars,-144.33721222984965
17134,107,2,425.0,Mass Regulars,-43.5799746441383
14196,107,1,335.52,Mass Regulars,
17869,108,5,428.18,Mass Regulars,68.51466321183604
15812,108,5,1801.14,Mass Regulars,80.96372365327242
16340,108,1,549.07,Mass Regulars,
15800,108,2,699.08,Mass Regulars,-543.5589617489928
17268,108,4,763.64,Mass Regulars,3.6290198436296173
12649,108,3,623.51,Mass Regulars,-89.4350259663311
14973,108,3,1314.45,Mass Regulars,254.77691385411617
13411,108,1,213.55,Mass Regulars,
14875,108,2,1465.32,Mass Regulars,-388.03268857250765
14407,108,6,2157.73,Mass Regulars,68.68600598881547
17256,108,2,240.0,Mass Regulars,-25.390161251340675
14930,109,3,2372.86,Mass Regulars,-568.7648224266164
13140,109,3,423.72,Mass Regulars,71.29424403811437
13593,109,5,2037.08,Mass Regulars,146.8744158857799
17242,109,2,1135.04,Mass Regulars,-77.98437138626701
14364,109,8,3717.35,Mass Regulars,87.13200377708958
14523,109,1,241.09,Mass Regulars,
12593,109,3,418.1,Mass Regulars,19.539095615792853
13425,109,3,1624.21,Mass Regulars,112.8882496760918
16550,109,5,2298.97,Mass Regulars,182.52523637206332
18018,109,2,122.14,Mass Regulars,-195.75601155717604
13933,110,2,608.79,Mass Regulars,-105.43426974686308
17083,110,3,1405.78,Mass Regulars,59.91545308284876
12363,110,2,552.0,Mass Regulars,-36.87911284030797
16952,110,2,167.61,Mass Regulars,
14265,110,2,530.18,Mass Regulars,-420.3613257330845
17585,110,4,1133.07,Mass Regulars,114.99893921466864
14045,110,4,1659.75,Mass Regulars,16.130640085079015
14566,111,1,1432.0,Mass Regulars,
14224,111,4,1050.12,Mass Regulars,150.91490222202225
14460,111,3,434.34,Mass Regulars,8.087505031838605
14013,111,3,473.02,Mass Regulars,33.24774873941163
15313,111,1,52.0,Mass Regulars,
17029,111,2,716.0,Mass Regulars,-5.131802454067038
16536,111,1,548.97,Mass Regulars,
14246,111,3,1474.06,Mass Regulars,156.18859542073008
16419,113,6,972.23,Mass Regulars,62.4882265632482
12418,113,1,668.58,Mass Regulars,
14772,113,1,139.26,Mass Regulars,
15396,113,1,288.18,Mass Regulars,
14745,113,5,1220.26,Mass Regulars,57.14559085190555
15938,113,5,404.58,Mass Regulars,10.163509068130079
17747,113,1,71.4,Mass Regulars,
12513,113,1,612.29,Mass Regulars,
13242,113,3,270.4,Mass Regulars,-41.07073822956235
12968,113,1,135.95,Mass Regulars,
12688,114,1,4873.81,Mass Regulars,
17742,114,2,355.11,Mass Regulars,-24.292604940742912
15472,114,1,371.56,Mass Regulars,
16582,114,1,313.62,Mass Regulars,
17045,114,3,339.44,Mass Regulars,69.48730435103622
15797,114,4,2207.4,Mass Regulars,9.500341332020708
15232,114,2,612.06,Mass Regulars,-59.17386576861635
13027,114,6,6912.0,Mass Regulars,2.8361663303671687
13273,114,1,138.98,Mass Regulars,
12729,114,1,453.01,Mass Regulars,
15734,115,2,1339.45,Mass Regulars,-181.98545353797587
15541,115,1,85.13,Mass Regulars,
13655,115,2,932.97,Mass Regulars,-162.36227089787067
14323,115,2,605.06,Mass Regulars,-145.8832161166716
17398,115,3,653.38,Mass Regulars,108.14906106769713
17070,115,1,312.14,Mass Regulars,
16755,115,3,1496.83,Mass Regulars,338.54614678556675
16092,115,3,817.86,Mass Regulars,55.936068122410724
18073,115,12,3877.52,Mass Regulars,122.38135506064718
15122,115,3,1633.78,Mass Regulars,174.81450182555588
14006,116,3,962.19,Mass Regulars,49.61709705081903
15002,116,4,1641.76,Mass Regulars,85.72049088093674
16927,116,3,543.05,Mass Regulars,11.305787467428873
15768,116,3,621.83,Mass Regulars,68.12876659930848
12641,116,1,185.9,Mass Regulars,
14918,116,2,1610.15,Mass Regulars,-273.2421152913276
13621,117,1,213.85,Mass Regulars,
15480,117,1,905.5,Mass Regulars,
12758,117,2,2791.59,Mass Regulars,-99.48996357664612
18143,117,2,1000.16,Mass Regulars,-352.86412722178494
17958,117,1,508.46,Mass Regulars,
16272,117,1,411.7,Mass Regulars,
17252,117,2,353.86,Mass Regulars,-17.412312652997034
16902,117,1,1706.88,Mass Regulars,
16961,117,1,234.17,Mass Regulars,
15624,117,4,588.13,Mass Regulars,38.98031076760085
13720,117,4,799.9,Mass Regulars,65.1308010981119
13799,117,2,688.86,Mass Regulars,-85.3732131015844
15683,118,1,193.75,Mass Regulars,
17048,118,3,925.35,Mass Regulars,77.71365903146179
14301,118,1,640.14,Mass Regulars,
13888,120,2,605.63,Mass Regulars,-181.12573311127022
15689,120,2,254.1,Mass Regulars,-24.043587542092848
16317,120,3,1341.65,Mass Regulars,101.33232816449298
17642,120,2,712.29,Mass Regulars,-96.33702822510664
16045,120,4,1340.7,Mass Regulars,72.2655461078411
17122,120,1,138.32,Mass Regulars,
14855,120,2,645.65,Mass Regulars,-154.63896810401673
12399,120,4,1108.65,Mass Regulars,53.90715479870751
14406,120,1,156.75,Mass Regulars,
13873,120,3,389.6,Mass Regulars,56.96063833909356
15192,120,3,1044.32,Mass Regulars,55.84653014023084
15581,121,13,3679.97,Mass Regulars,848.6058286815845
13307,121,1,15.0,Mass Regulars,
13645,121,1,252.1,Mass Regulars,
17248,121,1,318.65,Mass Regulars,
14346,121,2,1021.58,Mass Regulars,-357.8174283026148
17994,122,4,678.49,Mass Regulars,47.73218789392141
14024,122,2,327.7,Mass Regulars,-28.153880354599043
16292,122,1,302.25,Mass Regulars,
13217,123,3,533.98,Mass Regulars,13.475020189797979
18248,123,2,804.02,Mass Regulars,-177.14686549952032
15247,123,1,356.0,Mass Regulars,
13280,123,3,814.86,Mass Regulars,69.63373239530996
14127,123,3,709.71,Mass Regulars,84.68432058300613
13355,123,1,674.7,Mass Regulars,
13162,123,4,1688.29,Mass Regulars,34.80214790836492
13869,124,4,3104.95,Mass Regulars,361.4469716008804
17085,124,5,1566.65,Mass Regulars,135.38345868305623
17331,124,1,175.2,Mass Regulars,
15985,124,2,1142.42,Mass Regulars,-52.71765892840115
16788,124,2,597.48,Mass Regulars,-441.6159180414025
13752,125,6,1186.28,Mass Regulars,88.68074871913711
14079,125,1,375.1,Mass Regulars,
14053,125,2,260.25,Mass Regulars,-4.9172077766664435
14331,125,2,462.66,Mass Regulars,-70.38278897126499
13248,125,2,465.68,Mass Regulars,-32.368512891281135
17457,127,5,1737.7,Mass Regulars,21.21876740938944
13082,127,9,3613.63,Mass Regulars,67.71331840459638
16174,127,3,1009.55,Mass Regulars,29.664190272725904
17400,127,5,2129.96,Mass Regulars,225.0588257982488
16302,127,1,233.22,Mass Regulars,
13513,127,1,205.1,Mass Regulars,
14344,128,8,889.93,Mass Regulars,68.96008758975398
17723,128,6,3276.4,Mass Regulars,13.541732146528085
15133,128,3,982.42,Mass Regulars,23.527174820775954
18099,128,1,168.31,Mass Regulars,
14778,128,2,730.86,Mass Regulars,-108.02465550743152
17267,128,2,317.62,Mass Regulars,
15254,128,1,300.36,Mass Regulars,
13791,128,2,1516.0,Mass Regulars,-14.248820578559272
17692,128,4,740.94,Mass Regulars,15.066907457780971
12693,128,4,855.91,Mass Regulars,80.52187811912549
13218,128,1,62.64,Mass Regulars,
13402,128,2,621.23,Mass Regulars,-45.79435044929487
16572,128,3,1009.6,Mass Regulars,139.34742056684942
12750,129,1,275.88,Mass Regulars,
17429,129,3,524.92,Mass Regulars,58.084783804636025
12643,129,6,3344.64,Mass Regulars,41.19098340187301
16835,129,2,180.85,Mass Regulars,-24.537175719286964
16324,129,3,428.68,Mass Regulars,-418.7004202500052
12917,129,1,594.0,Mass Regulars,
15374,129,1,168.0,Mass Regulars,
17514,129,1,208.65,Mass Regulars,
14972,129,1,114.77,Mass Regulars,
18178,129,4,1590.81,Mass Regulars,80.61741839395728
12378,130,1,4008.62,Mass Regulars,
17353,130,2,1740.0,Mass Regulars,-19.848014740625654
12644,130,1,477.91,Mass Regulars,
14133,130,3,605.64,Mass Regulars,-42.307423970916524
15342,130,1,406.09,Mass Regulars,
13850,130,1,1595.48,Mass Regulars,
13075,130,1,919.61,Mass Regulars,
17887,130,1,111.35,Mass Regulars,
17553,130,1,1487.6,Mass Regulars,
14076,130,1,122.47,Mass Regulars,
17053,131,1,498.48,Mass Regulars,
17941,131,1,304.56,Mass Regulars,
17615,131,3,329.6,Mass Regulars,37.435418919237385
14403,131,4,1475.81,Mass Regulars,25.09996815036068
17282,131,3,1703.41,Mass Regulars,8.822318646291983
12534,131,1,1089.18,Mass Regulars,
12942,132,3,683.9,Mass Regulars,156.9817386143313
15438,132,1,156.58,Mass Regulars,
17695,132,2,765.34,Mass Regulars,-64.27577411731528
14885,132,1,765.32,Mass Regulars,
13722,132,3,2375.41,Mass Regulars,-197.97187428266375
13388,132,2,677.1,Mass Regulars,
15120,134,1,358.82,Mass Regulars,
13106,134,1,76.5,Mass Regulars,
15942,134,1,337.44,Mass Regulars,
13414,134,3,1390.5,Mass Regulars,37.38171193691068
18064,134,2,814.0,Mass Regulars,-24.562132829814548
15149,134,1,520.8,Mass Regulars,
17926,134,2,397.29,Mass Regulars,-62.253874431235445
14143,134,1,115.8,Mass Regulars,
16147,134,1,375.0,Mass Regulars,
15776,134,1,241.62,Mass Regulars,
16951,135,3,1277.75,Mass Regulars,16.296897059115192
12507,135,3,1304.81,Mass Regulars,42.32717195606468
15245,135,3,2515.84,Mass Regulars,63.90148199499786
15118,135,1,244.8,Mass Regulars,
17931,135,2,408.36,Mass Regulars,-74.81004322186259
15639,135,1,425.32,Mass Regulars,
14002,135,2,529.73,Mass Regulars,-50.89029350593153
15746,135,1,196.88,Mass Regulars,
18268,135,1,25.5,Mass Regulars,
12853,135,6,1957.1,Mass Regulars,192.1052907232441
12743,135,2,546.43,Mass Regulars,
12453,135,1,707.09,Mass Regulars,
18151,135,2,653.35,Mass Regulars,-77.73364170065796
13730,136,2,752.6,Mass Regulars,-210.41438804120173
13194,136,1,60.7,Mass Regulars,
16447,136,1,259.01,Mass Regulars,
15261,136,1,254.82,Mass Regulars,
16696,136,4,657.9,Mass Regulars,20.75236434757501
13492,137,3,1269.84,Mass Regulars,196.3914355596533
15855,137,5,712.24,Mass Regulars,68.57892078196436
13296,138,1,87.4,Mass Regulars,
17040,138,1,449.73,Mass Regulars,
14692,138,4,591.55,Mass Regulars,62.751785752634255
17693,138,1,200.47,Mass Regulars,
15372,138,1,2007.4,Mass Regulars,
14100,138,1,194.9,Mass Regulars,
12916,139,4,3006.15,Mass Regulars,143.77742809268514
13116,139,1,501.14,Mass Regulars,
12763,139,2,494.08,Mass Regulars,-5.088911463034123
13037,139,3,881.07,Mass Regulars,135.66683998826264
12864,139,1,147.12,Mass Regulars,
16305,139,1,361.22,Mass Regulars,
17265,139,2,562.9,Mass Regulars,-210.68295014381792
16948,139,3,435.02,Mass Regulars,14.089583872234064
13802,139,3,4599.42,Mass Regulars,97.29827846070437
17935,139,2,145.79,Mass Regulars,-18.54368204117208
17312,139,3,644.3,Mass Regulars,20.93610829100939
16178,139,1,197.9,Mass Regulars,
17649,139,1,868.49,Mass Regulars,
18262,141,1,149.48,Mass Regulars,
18146,141,2,160.35,Mass Regulars,-14.535535727436537
15704,141,4,2293.62,Mass Regulars,231.3255192017552
16866,141,3,207.74,Mass Regulars,15.371723630250628
14259,142,1,120.0,Dormant,
15108,142,4,1300.25,Mass Regulars,133.5435464773182
17660,142,1,196.0,Dormant,
16654,142,4,601.27,Mass Regulars,31.288349185745638
15623,142,1,301.03,Dormant,
17694,142,1,283.12,Dormant,
16807,143,3,1121.59,Mass Regulars,93.54418885733828
15802,143,1,451.42,Dormant,
12521,143,1,599.68,Dormant,
12510,143,2,982.57,Mass Regulars,-75.37158784795947
17962,143,1,102.83,Dormant,
17866,143,1,329.65,Dormant,
12947,144,6,1603.99,Mass Regulars,84.55797163894287
15713,144,2,356.7,Mass Regulars,-67.3341392273851
16112,144,4,195.74,Mass Regulars,4.041877736801473
12875,144,2,343.23,Mass Regulars,-1.0872487784883673
14117,144,1,90.0,Dormant,
12840,144,4,2726.77,Mass Regulars,82.39776709549656
16859,145,2,747.81,Dormant,-243.65939006521901
14758,145,4,1484.06,Mass Regulars,158.002140451937
13821,145,2,385.64,Dormant,-122.22623800496545
13564,145,3,1749.02,Mass Regulars,412.68315994805386
16054,146,1,783.9,Dormant,
12833,146,1,417.38,Dormant,
17984,146,1,152.68,Dormant,
13967,146,1,80.7,Dormant,
15716,146,4,1118.81,Mass Regulars,75.41424759307081
17948,148,1,358.56,Dormant,
15004,148,1,1246.32,Dormant,
14722,148,1,187.92,Dormant,
12815,148,2,1063.46,Dormant,-275.31121775414664
14958,148,3,499.68,Dormant,130.7520479953861
17444,148,3,2940.04,Dormant,798.107547775561
14891,149,2,554.38,Dormant,-26.927488799877874
17259,149,2,603.37,Dormant,-143.82851410755393
14847,149,1,309.4,Dormant,
12915,149,2,363.65,Dormant,-72.95614209495828
12405,149,1,1710.39,Dormant,
15256,149,1,98.45,Dormant,
12653,149,2,2209.85,Dormant,-116.95039470943448
15402,149,2,626.77,Dormant,-98.47461052921902
14461,149,3,2103.06,Dormant,407.7224833012935
13667,150,1,305.02,Dormant,
15895,150,1,179.17,Dormant,
16450,150,1,311.92,Dormant,
15795,150,1,610.01,Dormant,
18121,150,2,673.1,Dormant,-10.791533453381042
16998,150,4,295.0,Mass Regulars,10.10964433739652
14400,150,1,574.7,Dormant,
13420,150,2,159.85,Dormant,-72.51198262111747
12669,151,3,2744.03,Dormant,569.9696672088986
14548,151,2,652.8,Dormant,-9.549232404151837
13675,152,2,486.82,Dormant,-30.72639559064078
17337,152,4,2027.87,Dormant,345.0724516766893
15045,152,2,735.66,Dormant,-85.92586997205602
12717,152,2,1030.98,Dormant,-202.4735035797639
14552,152,1,165.07,Dormant,
13754,152,2,282.6,Dormant,-8.198464091266134
15577,152,3,258.88,Dormant,-172.51098271096288
13678,152,1,232.6,Dormant,
15265,152,2,1506.12,Dormant,-321.51012629535444
18024,153,2,389.78,Dormant,
17787,153,4,1865.19,Dormant,116.80140370979898
17126,153,5,1004.75,Mass Regulars,229.68145161762158
16398,155,2,1705.8,Dormant,-325.20025358842435
12648,155,1,318.05,Dormant,
13955,155,2,322.96,Dormant,-124.13864141648038
14104,155,2,216.21,Dormant,-311.6199134337254
18037,155,6,70.02,Mass Regulars,12.223293388190731
16091,155,2,315.06,Dormant,-56.15578152424498
15920,155,4,167.5,Dormant,
15182,155,2,622.85,Dormant,-78.8785441936491
14264,155,2,333.97,Dormant,-165.31952029169392
14021,156,3,631.9,Dormant,78.77748373187553
13302,156,1,63.75,Dormant,
13291,156,1,361.11,Dormant,
13583,156,1,781.03,Dormant,
15512,156,2,121.0,Dormant,-3.3299274990059167
18013,156,2,187.29,Dormant,
13699,156,1,308.58,Dormant,
14459,156,1,1837.92,Dormant,
15889,157,2,446.87,Dormant,-110.04556826945358
17341,157,3,781.36,Dormant,-66.35496200103226
16919,157,11,2596.45,Mass Regulars,222.06405772644334
16829,157,1,197.22,Dormant,
14645,157,2,597.09,Dormant,-149.69702048915835
17440,157,3,186.42,Dormant,-4.323659283659714
15334,157,3,351.67,Dormant,132.60122001662555
13253,157,2,1030.4,Dormant,-19.151197685578488
12977,157,1,39.24,Dormant,
12450,157,2,197.88,Dormant,-9.819147626994498
13085,158,2,416.08,Dormant,-86.28676752004328
13338,158,1,487.02,Dormant,
18203,158,1,160.42,Dormant,
16146,158,3,734.13,Dormant,17.066956557283355
17046,158,1,642.02,Dormant,
15646,158,3,447.64,Dormant,54.51275824344383
14352,158,4,1078.96,Dormant,135.8170739562776
14905,158,2,616.15,Dormant,-40.00690017080243
18142,158,2,1019.52,Dormant,-15.2968672112771
12980,158,9,7374.9,Mass Regulars,78.16372958972366
16338,158,1,214.8,Dormant,
17464,159,1,289.96,Dormant,
16344,159,1,101.1,Dormant,
17765,159,3,371.88,Dormant,133.4217146481986
15349,159,2,473.81,Dormant,-104.20130549187995
17105,160,2,665.78,Dormant,-160.54382002524966
15007,160,1,156.91,Dormant,
17939,160,1,99.14,Dormant,
13833,160,1,384.8,Dormant,
17899,160,1,155.8,Dormant,
17781,160,2,188.02,Dormant,-85.97455225959546
14338,162,2,588.22,Dormant,-22.560515333144387
15483,162,4,233.81,Dormant,-142.02369170931533
17123,162,1,345.3,Dormant,
14016,162,4,4341.21,Dormant,186.40360921205863
12922,162,1,405.38,Dormant,
17505,162,2,1145.84,Dormant,-211.4462474081801
16498,162,2,100.97,Dormant,-11.408846326734587
13745,163,1,300.04,Dormant,
15578,163,1,127.1,Dormant,
14267,163,3,1516.24,Dormant,-212.2721718411188
12424,163,2,1760.96,Dormant,
14803,163,3,845.55,Dormant,68.25713586640092
17891,163,1,203.86,Dormant,
14327,164,1,311.65,Dormant,
17408,164,1,32.65,Dormant,
16801,164,4,1619.73,Dormant,98.75978546588148
17391,164,2,508.8,Dormant,-4.795411452341458
16553,164,12,5719.82,Mass Regulars,47.17121946722407
15537,164,1,110.92,Dormant,
14351,165,1,51.0,Dormant,
16545,165,1,339.3,Dormant,
13656,165,2,379.65,Dormant,-51.73237531668608
15146,165,2,1327.16,Dormant,-90.76155510246701
16473,165,3,316.11,Dormant,13.879525259766408
14481,165,2,636.51,Dormant,-77.16090672738676
17980,166,3,811.45,Dormant,24.483864434128204
17110,166,1,163.3,Dormant,
13453,166,2,356.98,Dormant,-86.60584143035054
15976,166,2,430.94,Dormant,-306.9385033031174
12493,166,2,433.74,Dormant,-87.51903304615689
18193,166,1,243.76,Dormant,
17969,167,2,228.2,Dormant,-70.83711119293557
14795,167,1,131.45,Dormant,
15644,167,4,813.0,Dormant,282.147142252666
12548,167,1,95.2,Dormant,
15665,169,2,2242.01,Dormant,-251.74449456031385
13856,169,3,388.5,Dormant,10.516436899157194
17704,169,2,885.19,Dormant,-142.52126473782144
15258,169,2,623.16,Dormant,-234.99163131018386
14656,170,2,291.05,Dormant,-222.24701477169484
13937,170,1,158.85,Dormant,
14584,170,4,1042.26,Dormant,202.97658979486528
15384,170,2,642.41,Dormant,-58.52712551820393
13300,170,1,371.89,Dormant,
16647,170,2,214.06,Dormant,-26.24869705323394
13929,170,2,842.65,Dormant,-54.84420470934207
15379,170,7,3703.29,Dormant,99.02457033827747
16287,170,1,142.5,Dormant,
15130,170,1,330.11,Dormant,
17709,170,1,137.45,Dormant,
17630,170,2,503.6,Dormant,-119.68574868824236
16247,171,1,114.56,Dormant,
15041,171,1,180.35,Dormant,
16114,171,1,135.75,Dormant,
16214,171,3,1062.75,Dormant,63.204437042796854
14643,171,2,693.81,Dormant,-37.37884501620465
17877,171,1,237.61,Dormant,
14998,171,2,429.87,Dormant,-180.06695881478637
15507,172,1,492.36,Dormant,
16526,172,1,290.36,Dormant,
15412,172,1,190.53,Dormant,
17960,172,1,73.78,Dormant,
15076,173,1,880.85,Dormant,
15016,173,1,170.04,Dormant,
15280,173,1,113.12,Dormant,
16320,173,2,1038.46,Dormant,-101.88058878361477
15700,173,2,696.68,Dormant,-7.119694880057677
15825,173,1,532.94,Dormant,
18260,173,6,2643.2,Dormant,134.3920370097376
15921,173,1,336.03,Dormant,
17897,173,3,566.6,Dormant,177.04706428556077
15389,173,1,500.0,Dormant,
12837,174,1,134.1,Dormant,
14162,174,2,289.36,Dormant,-91.35829020134732
16050,174,1,137.9,Dormant,
13005,174,2,513.7,Dormant,-109.35023714460829
16484,174,2,404.3,Dormant,-57.022950281018666
17616,174,3,571.2,Dormant,3.9554749201150496
15535,174,4,536.4,Dormant,146.96045796159768
13618,174,1,177.34,Dormant,
17879,174,1,178.52,Dormant,
18062,174,3,720.52,Dormant,88.1477198964425
15909,174,1,191.94,Dormant,
13568,174,1,192.85,Dormant,
16805,174,2,460.59,Dormant,-146.49464658984633
14491,176,2,340.93,Dormant,-89.4315668439901
17204,176,4,1564.56,Dormant,137.74316617247442
18168,177,6,1169.94,Dormant,97.80637279560123
14037,177,2,147.2,Dormant,-9.625184624431906
15219,177,1,305.75,Dormant,
17446,177,2,120.9,Dormant,-4.746323158993483
15585,177,1,455.3,Dormant,
13951,177,3,674.45,Dormant,87.98221119568244
16739,177,1,323.0,Dormant,
12908,177,2,750.0,Dormant,-2.184556262019193
16276,177,1,810.6,Dormant,
16257,177,1,46.95,Dormant,
13826,177,1,189.5,Dormant,
12809,178,1,489.31,Dormant,
18165,178,1,302.46,Dormant,
17536,178,1,76.5,Dormant,
16644,178,2,833.78,Dormant,-31.403288719364237
16461,178,1,151.42,Dormant,
14222,178,1,683.17,Dormant,
13343,178,1,353.43,Dormant,
15574,178,4,702.25,Dormant,117.18762955214373
15912,179,2,264.62,Dormant,-33.92365921578344
17179,179,3,711.79,Dormant,100.20824878089425
13476,179,2,1238.47,Dormant,-246.43438009923838
17749,179,2,674.52,Dormant,-196.2197232353123
14573,180,9,1653.42,Dormant,208.9455166912969
15069,180,1,1109.53,Dormant,
13080,180,1,58.08,Dormant,
12732,180,1,236.26,Dormant,
17795,180,2,350.39,Dormant,-133.87376482618055
17349,180,1,110.75,Dormant,
13936,180,1,376.58,Dormant,
13663,180,1,189.47,Dormant,
18281,181,1,80.82,Dormant,
14823,181,3,321.43,Dormant,-235.76813933196553
14450,181,3,483.25,Dormant,64.21417528420149
17234,183,1,149.89,Dormant,
15098,183,3,39916.5,Loyal High-Value,
13533,183,3,270.79,Dormant,-127.74119000609276
16581,183,1,105.84,Dormant,
13686,183,1,72.0,Dormant,
16614,183,1,506.19,Dormant,
16113,184,1,161.38,Dormant,
15780,184,3,475.28,Dormant,43.331487247082
14231,184,3,925.71,Dormant,90.09750291448185
14501,184,2,251.21,Dormant,-18.192922010662063
14241,184,1,213.7,Dormant,
13811,184,3,814.5,Dormant,288.98057692256924
13900,184,3,740.95,Dormant,74.859362442399
17409,185,2,771.85,Dormant,-143.3370762389605
16955,185,4,518.67,Dormant,27.83747418605402
14622,185,1,320.58,Dormant,
13466,185,1,307.9,Dormant,
16832,185,3,199.15,Dormant,74.05588601040203
12383,185,5,1850.56,Dormant,95.14043546570774
15609,185,1,298.48,Dormant,
17707,186,2,152.4,Dormant,-6.980485088514325
18072,186,1,247.44,Dormant,
13395,186,1,307.72,Dormant,
17987,186,1,198.57,Dormant,
17026,186,2,154.83,Dormant,-3.3069898306593295
17874,186,6,683.46,Dormant,174.57257000898358
17854,186,2,311.26,Dormant,-62.67554085244934
14542,186,1,103.25,Dormant,
17124,186,1,298.89,Dormant,
14867,186,3,710.28,Dormant,48.772256110876405
12891,186,3,331.0,Dormant,1.0606416177820674
14375,186,1,257.68,Dormant,
12868,186,6,1607.06,Dormant,76.49882685395643
16849,187,1,124.57,Dormant,
16520,187,3,1046.57,Dormant,203.56058541104153
15386,187,1,394.14,Dormant,
15852,187,2,160.71,Dormant,-16.086557051981373
12802,187,1,427.58,Dormant,
16611,187,1,129.49,Dormant,
14682,188,2,52.0,Dormant,-3.0241368487551674
14512,188,2,275.28,Dormant,-110.76020407418689
13682,188,1,59.5,Dormant,
16963,188,1,110.55,Dormant,
16883,188,2,276.73,Dormant,-114.75360885736525
12468,188,2,729.54,Dormant,-152.56965333901985
17708,188,2,267.08,Dormant,-43.78855171563848
13885,190,2,506.8,Dormant,-77.34687015564278
13294,190,2,873.74,Dormant,-192.65304871468445
16230,190,2,542.03,Dormant,-64.26077019701863
15508,190,6,1000.27,Dormant,152.51820138819127
16117,190,1,232.21,Dormant,
15405,190,1,349.1,Dormant,
12601,190,5,577.06,Dormant,59.65398904393547
16967,190,1,319.02,Dormant,
16659,190,1,39.12,Dormant,
14453,191,1,119.93,Dormant,
15918,191,2,334.23,Dormant,-86.70627763970732
17900,191,2,112.2,Dormant,
16529,191,1,455.25,Dormant,
15658,191,5,1024.1,Dormant,70.25041398487487
17531,191,1,296.7,Dormant,
15643,192,3,664.0,Dormant,-141.71921364643728
14377,192,2,617.05,Dormant,-171.4527752365154
16424,192,1,133.56,Dormant,
13062,192,1,346.98,Dormant,
17472,192,3,710.29,Dormant,195.27849006358193
13475,192,4,1431.78,Dormant,78.44053096204357
18231,193,5,2083.27,Dormant,198.68165269355873
12790,193,1,324.92,Dormant,
18190,193,2,284.46,Dormant,-41.5432761150574
16810,193,1,309.54,Dormant,
13070,193,1,228.8,Dormant,
13398,193,1,457.34,Dormant,
17454,193,4,517.53,Dormant,53.15944777614606
16483,193,1,139.35,Dormant,
15925,195,1,207.15,Dormant,
16567,195,2,865.6,Dormant,-21.596665030199254
15897,195,2,222.05,Dormant,
16889,195,3,1578.67,Dormant,214.0564031401304
12426,195,1,582.73,Dormant,
17152,195,3,1689.5,Dormant,-48.00657710778767
17051,195,1,247.14,Dormant,
13135,197,1,3096.0,Dormant,
14828,197,3,2139.76,Dormant,31.814404064938643
16275,197,1,559.87,Dormant,
14280,197,1,134.04,Dormant,
16034,197,3,437.7,Dormant,32.15847197726956
16323,197,1,207.5,Dormant,
12999,197,3,455.88,Dormant,30.837770210121175
14625,197,2,899.63,Dormant,-189.5108950894147
15104,197,2,1027.44,Dormant,-437.81838333053753
14740,198,3,1448.21,Dormant,152.19915848324544
16838,198,2,588.85,Dormant,-121.69705820318569
16449,198,2,707.69,Dormant,-118.06819297274454
12974,198,1,144.8,Dormant,
12547,198,2,207.8,Dormant,-55.42958250752246
14816,198,1,271.85,Dormant,
17550,198,3,267.16,Dormant,-94.81696512084608
16356,198,3,211.77,Dormant,32.308120893250056
14009,199,2,695.61,Dormant,-161.73371287876674
16448,199,1,188.89,Dormant,
17770,199,5,1143.27,Dormant,53.69431648602496
14985,199,2,296.75,Dormant,-118.08314748948452
14705,199,1,179.0,Dormant,
16763,199,1,611.85,Dormant,
17955,199,4,557.3,Dormant,47.02233257272711
15882,199,4,516.36,Dormant,-17.531820108523448
17375,200,3,400.1,Dormant,91.61829603879627
15314,200,1,327.97,Dormant,
18202,200,3,1396.99,Dormant,-326.6093655010607
15042,200,1,135.93,Dormant,
13339,201,1,860.12,Dormant,
13737,201,1,339.6,Dormant,
13223,201,2,163.2,Dormant,-18.32975080673792
14817,201,2,1110.34,Dormant,-203.72272118797449
13479,201,2,300.95,Dormant,-95.33318324601713
17715,201,1,326.4,Dormant,
17176,202,1,306.13,Dormant,
13227,202,1,257.7,Dormant,
14195,202,2,1012.0,Dormant,-32.774901954327625
15292,202,1,180.94,Dormant,
15705,202,1,143.1,Dormant,
15724,202,2,218.25,Dormant,-34.54262557320093
14647,202,1,243.22,Dormant,
13391,204,1,59.8,Dormant,
17455,204,1,131.7,Dormant,
16226,204,3,255.12,Dormant,9.594436657327758
18048,204,2,172.29,Dormant,
13243,204,1,600.07,Dormant,
17245,205,1,171.45,Dormant,
12353,205,1,89.0,Dormant,
17871,205,1,155.9,Dormant,
13887,205,1,349.55,Dormant,
14896,205,2,468.77,Dormant,-42.871847178756724
15648,205,2,657.35,Dormant,-121.66815791903379
14442,205,2,1589.82,Dormant,-364.81627381196785
12897,205,2,216.5,Dormant,-12.298756774722783
13531,206,2,483.8,Dormant,-41.2820906037473
17556,206,1,157.9,Dormant,
12690,206,1,389.01,Dormant,
14620,206,2,412.78,Dormant,-34.426196021736594
13659,206,2,1573.2,Dormant,-284.3064807014534
13572,206,1,1384.25,Dormant,
13976,207,1,357.98,Dormant,
17504,207,9,2997.03,Dormant,125.04794108588301
14320,207,2,477.79,Dormant,-19.51365291254864
14888,208,1,369.2,Dormant,
15813,208,2,1303.91,Dormant,-104.93000587076052
14489,208,1,463.38,Dormant,
14689,209,1,112.8,Dormant,
17263,209,1,63.44,Dormant,
15333,209,1,1028.56,Dormant,
12857,211,2,1106.4,Dormant,-108.96210763934938
14873,211,1,519.68,Dormant,
12770,211,1,1351.45,Dormant,
13837,212,2,271.24,Dormant,-30.671871895858946
12590,212,2,9864.26,Dormant,
18218,212,2,662.08,Dormant,-28.196848449976457
16244,212,2,1522.75,Dormant,-99.82555707950492
16943,212,3,816.73,Dormant,69.82665405586499
12976,212,1,738.6,Dormant,
17970,212,1,582.59,Dormant,
16006,212,1,101.4,Dormant,
16116,212,1,612.78,Dormant,
14988,212,1,334.54,Dormant,
12625,212,2,2683.82,Dormant,-92.21992482719871
14000,212,1,635.66,Dormant,
17889,213,2,203.87,Dormant,-76.13312546959686
15079,213,4,895.61,Dormant,141.01968020549938
13235,213,1,1031.07,Dormant,
14920,213,2,977.77,Dormant,
15732,213,2,294.12,Dormant,-26.029688282122965
15729,213,1,85.0,Dormant,
13052,213,1,348.15,Dormant,
18133,213,1,931.5,Dormant,
17597,214,1,2044.37,Dormant,
16306,214,6,632.27,Dormant,20.23487458375808
15063,214,1,370.8,Dormant,
15381,214,2,596.85,Dormant,-69.5539096645492
14288,214,1,426.6,Dormant,
16431,214,3,642.81,Dormant,-125.20770485467453
13990,214,1,311.3,Dormant,
15433,214,2,533.3,Dormant,-36.842247003365706
16756,215,1,239.4,Dormant,
14699,215,1,109.13,Dormant,
12821,215,1,92.72,Dormant,
12888,215,2,354.12,Dormant,-8.072328927350819
18120,215,1,111.15,Dormant,
12355,215,1,459.4,Dormant,
14353,216,1,90.6,Dormant,
15092,216,2,457.81,Dormant,-96.74057980900778
13561,216,1,141.86,Dormant,
13642,216,1,354.8,Dormant,
14161,216,3,1110.52,Dormant,187.72373271957923
15552,218,1,90.12,Dormant,
18227,218,1,93.75,Dormant,
15235,218,12,2247.51,Dormant,110.39960780794377
13952,218,2,3251.07,Dormant,-327.6573528303019
17174,218,1,59.9,Dormant,
18078,218,2,336.13,Dormant,-54.08278390168042
15668,218,1,76.32,Dormant,
17604,218,2,309.36,Dormant,-140.69889806524571
12414,218,3,562.41,Dormant,88.20077375177387
13723,218,1,199.85,Dormant,
16319,218,1,404.4,Dormant,
13762,219,1,306.72,Dormant,
14423,219,1,265.2,Dormant,
17374,219,2,495.77,Dormant,-212.98657517030014
17849,219,4,605.8,Dormant,85.66966415934237
16457,219,1,208.36,Dormant,
14393,219,1,67.95,Dormant,
14199,219,1,185.4,Dormant,
16990,219,1,179.0,Dormant,
16109,219,2,611.88,Dormant,-22.392251227572686
18239,219,5,1561.61,Dormant,55.03930212080568
15759,219,3,253.04,Dormant,13.737629791614983
14697,219,2,188.61,Dormant,
16714,219,3,1161.53,Dormant,-26.264990275061898
17578,219,1,143.46,Dormant,
13711,219,2,252.06,Dormant,
14340,219,1,134.7,Dormant,
14245,220,2,1693.45,Dormant,-280.75465224039795
17646,220,3,1008.39,Dormant,150.3045235159648
17443,220,1,534.24,Dormant,
17394,220,1,203.87,Dormant,
16610,220,1,75.66,Dormant,
13731,220,2,610.59,Dormant,-206.31950846335968
14149,221,1,446.62,Dormant,
17501,221,2,288.6,Dormant,
16055,221,1,134.8,Dormant,
16634,223,2,217.9,Dormant,-5.124757144975974
14304,223,1,383.45,Dormant,
17991,226,2,93.35,Dormant,-43.61150913349863
15223,226,2,755.75,Dormant,-86.48410757252724
14271,226,1,112.32,Dormant,
15210,226,1,331.18,Dormant,
14022,226,1,440.0,Dormant,
13229,226,1,160.95,Dormant,
17893,226,1,112.25,Dormant,
16227,226,1,314.22,Dormant,
15143,226,1,259.45,Dormant,
17187,227,1,203.95,Dormant,
18220,227,1,305.28,Dormant,
16965,227,1,201.19,Dormant,
15891,227,1,524.52,Dormant,
16698,227,2,1998.0,Dormant,-6.397450370508983
12573,228,1,160.54,Dormant,
16823,228,1,358.38,Dormant,
17277,228,2,1065.35,Dormant,-159.15005307395822
16834,228,1,413.46,Dormant,
18183,228,2,632.07,Dormant,-67.65857452982536
17670,228,1,205.7,Dormant,
16163,233,2,856.6,Dormant,-6.998544705711655
13482,233,1,184.64,Dormant,
12354,233,1,1079.4,Dormant,
12506,233,1,73.5,Dormant,
14770,233,2,876.42,Dormant,-226.5856296631349
17718,233,1,139.35,Dormant,
12622,233,1,180.1,Dormant,
16587,233,1,225.15,Dormant,
17946,234,2,149.58,Dormant,-116.2478645262659
13485,234,1,454.24,Dormant,
17548,234,1,103.3,Dormant,
14148,234,1,157.2,Dormant,
17120,234,1,307.46,Dormant,
15517,234,1,267.03,Dormant,
14242,235,2,280.55,Dormant,-45.385160570756376
12733,235,1,383.95,Dormant,
12585,235,2,2040.1,Dormant,-182.1039515926416
13101,235,1,101.19,Dormant,
15225,235,1,409.4,Dormant,
17217,235,1,113.5,Dormant,
15717,235,1,150.3,Dormant,
14672,235,2,765.55,Dormant,-111.04063460463576
16947,236,1,406.48,Dormant,
18009,236,1,257.34,Dormant,
16217,236,2,304.25,Dormant,-31.855126201372297
16617,236,1,151.85,Dormant,
12754,236,3,3010.74,Dormant,21.176176566640965
15749,236,3,44534.3,Loyal High-Value,-24.61660168695686
17990,237,3,630.84,Dormant,30.743217721862173
16193,237,1,314.45,Dormant,
13474,237,1,229.59,Dormant,
17697,237,1,338.95,Dormant,
18213,237,1,232.48,Dormant,
14532,237,4,932.85,Dormant,111.65353356481513
12878,237,2,854.99,Dormant,-123.3305483508441
17582,237,1,175.27,Dormant,
15246,239,2,514.15,Dormant,-105.88365990379491
12582,239,2,511.36,Dormant,-112.50343567558606
13120,239,1,30.6,Dormant,
12639,239,1,486.1,Dormant,
12769,239,1,1143.6,Dormant,
17367,239,1,168.4,Dormant,
17362,240,2,312.23,Dormant,-123.06983335509995
14154,240,2,1345.62,Dormant,
17142,240,1,579.0,Dormant,
15139,240,2,178.96,Dormant,-6.836246470413581
16957,240,2,416.64,Dormant,-87.48214311746646
14105,240,1,1266.23,Dormant,
17601,240,1,116.01,Dormant,
15935,240,2,416.86,Dormant,-41.41604719077196
15230,240,2,429.6,Dormant,-11.872024126008514
14206,240,1,328.16,Dormant,
15135,240,1,139.05,Dormant,
16097,241,1,185.05,Dormant,
13740,241,1,350.75,Dormant,
13221,241,2,847.41,Dormant,-235.86473161866525
15147,241,1,623.5,Dormant,
17746,241,1,110.25,Dormant,
16697,242,1,112.75,Dormant,
15777,242,4,1047.11,Dormant,43.337082320607486
15212,242,1,101.8,Dormant,
13484,242,1,313.8,Dormant,
17972,242,1,136.04,Dormant,
14669,242,3,1269.99,Dormant,-236.75347218331822
17278,242,1,246.04,Dormant,
14616,243,3,406.08,Dormant,4.728243830629708
14326,243,1,183.85,Dormant,
14311,243,1,310.26,Dormant,
17574,243,1,185.65,Dormant,
14339,243,1,309.52,Dormant,
16552,243,2,379.73,Dormant,-68.88484526839382
12982,243,1,390.54,Dormant,
15655,244,1,560.67,Dormant,
12447,244,1,476.49,Dormant,
13508,244,1,110.97,Dormant,
13570,244,1,239.49,Dormant,
18129,244,1,112.55,Dormant,
15775,246,1,104.9,Dormant,
16010,246,3,407.5,Dormant,89.86667438633938
17035,246,2,433.53,Dormant,-63.53991296932653
15109,246,1,484.95,Dormant,
14619,246,1,394.44,Dormant,
15119,246,1,266.4,Dormant,
16643,246,1,487.51,Dormant,
16623,246,1,129.45,Dormant,
14924,246,1,310.05,Dormant,
13718,247,2,306.55,Dormant,-57.25185450684381
16144,247,1,175.2,Dormant,
14465,247,3,1058.62,Dormant,-521.9063353872875
13712,247,1,228.84,Dormant,
14981,247,1,102.12,Dormant,
12580,247,1,415.7,Dormant,
17140,248,1,465.32,Dormant,
17906,248,1,72.9,Dormant,
13863,248,1,305.78,Dormant,
14964,248,1,206.21,Dormant,
15917,248,1,123.1,Dormant,
16378,248,3,362.95,Dormant,23.610366589338764
14220,248,2,632.4,Dormant,-48.86694808586885
16586,249,1,463.95,Dormant,
15442,249,1,594.0,Dormant,
16105,249,1,336.96,Dormant,
17492,249,1,374.57,Dormant,
14747,250,1,328.2,Dormant,
18185,250,1,304.25,Dormant,
16142,250,1,535.34,Dormant,
13059,250,1,183.4,Dormant,
17956,250,1,12.75,Dormant,
13781,251,1,127.84,Dormant,
17701,253,1,417.95,Dormant,
17580,253,3,215.72,Dormant,60.5821983552831
13841,253,1,85.0,Dormant,
16162,253,1,37.4,Dormant,
13626,253,1,257.23,Dormant,
14886,253,1,364.8,Dormant,
13462,253,1,151.5,Dormant,
15691,253,1,136.8,Dormant,
17438,254,1,388.45,Dormant,
17212,254,1,226.85,Dormant,
13060,254,1,307.53,Dormant,
15894,254,2,263.55,Dormant,-10.567215985050126
14957,254,1,58.49,Dormant,
14890,254,1,125.65,Dormant,
14479,254,2,316.25,Dormant,-55.558384079779366
15424,255,2,383.34,Dormant,
15832,255,1,836.79,Dormant,
17775,255,1,56.4,Dormant,
18108,255,1,271.0,Dormant,
15353,255,2,777.02,Dormant,-236.44306449118912
15528,255,1,229.33,Dormant,
13803,256,1,277.07,Dormant,
16980,256,2,1078.96,Dormant,-17.06363799256076
15589,256,3,478.53,Dormant,-145.96894563625605
13439,256,1,283.71,Dormant,
13649,257,2,346.6,Dormant,-31.38646621144302
12792,257,1,400.54,Dormant,
18010,257,1,174.8,Dormant,
15083,257,1,88.2,Dormant,
15032,257,3,4959.1,Dormant,-58.684740393362326
16692,257,2,1276.0,Dormant,-289.6398996907624
13368,257,2,623.4,Dormant,-224.1172267173379
13357,258,1,609.95,Dormant,
18071,258,2,453.0,Dormant,-56.30202633645047
14476,258,1,215.7,Dormant,
14536,260,1,171.8,Dormant,
13452,260,2,590.0,Dormant,-575.2193330951895
16769,261,1,380.39,Dormant,
13341,261,1,775.85,Dormant,
12811,261,3,514.85,Dormant,63.52273358600317
13512,261,1,251.21,Dormant,
14256,261,2,969.06,Dormant,-174.22998357614563
16063,261,1,335.32,Dormant,
17698,261,1,154.95,Dormant,
14348,261,1,409.57,Dormant,
16022,261,1,628.28,Dormant,
15178,261,1,40.5,Dormant,
18191,262,1,207.8,Dormant,
12818,262,1,1542.08,Dormant,
17507,262,2,605.58,Dormant,-175.75562267205183
16250,262,2,389.44,Dormant,-39.966256409548485
13132,262,1,77.3,Dormant,
17486,262,1,396.87,Dormant,
17102,262,1,25.5,Dormant,
14870,262,1,327.25,Dormant,
12564,262,1,456.9,Dormant,
13239,262,1,329.56,Dormant,
16721,263,1,292.47,Dormant,
15437,263,1,200.16,Dormant,
14632,263,1,114.56,Dormant,
15457,263,1,237.07,Dormant,
12831,263,1,215.05,Dormant,
16135,263,1,517.55,Dormant,
17763,264,1,15.0,Dormant,
13934,264,1,922.1,Dormant,
14762,264,1,300.52,Dormant,
16427,264,2,241.06,Dormant,-15.926869552671883
16619,264,1,226.21,Dormant,
18224,264,1,158.95,Dormant,
17678,264,1,298.11,Dormant,
13262,264,1,200.29,Dormant,
15445,265,1,113.5,Dormant,
16096,265,1,320.62,Dormant,
12902,265,1,138.68,Dormant,
14693,265,1,172.9,Dormant,
15703,265,1,211.5,Dormant,
15408,265,1,267.18,Dormant,
16402,265,2,299.6,Dormant,-16.060247132215444
17230,265,8,3638.41,Dormant,85.25614388861572
15019,267,1,266.0,Dormant,
13072,267,1,177.15,Dormant,
17060,267,1,234.24,Dormant,
14155,267,1,118.75,Dormant,
14041,267,1,141.41,Dormant,
14066,267,1,152.55,Dormant,
14059,267,1,183.6,Dormant,
16256,267,1,752.43,Dormant,
14633,267,1,344.9,Dormant,
15695,267,2,409.98,Dormant,
16716,267,2,901.2,Dormant,-12.890842297832469
13185,268,1,71.4,Dormant,
13216,268,1,333.74,Dormant,
12845,268,4,354.09,Dormant,5.757977934962821
14840,268,1,62.85,Dormant,
16216,268,1,914.93,Dormant,
16976,268,1,251.52,Dormant,
13707,268,2,806.41,Dormant,-133.3897790394056
16377,268,1,676.2,Dormant,
12514,268,1,1017.68,Dormant,
13358,269,1,439.03,Dormant,
13261,269,2,944.1,Dormant,-10.217319548499132
13299,269,1,142.5,Dormant,
16297,269,1,301.9,Dormant,
16152,269,1,1829.04,Dormant,
16037,270,3,855.02,Dormant,60.00996358889228
17542,270,1,170.75,Dormant,
15047,270,1,343.62,Dormant,
13716,270,1,138.28,Dormant,
16392,270,1,221.19,Dormant,
13121,270,1,283.73,Dormant,
15388,271,1,140.54,Dormant,
14962,271,1,126.7,Dormant,
13708,272,1,296.88,Dormant,
13133,274,2,109.8,Dormant,-41.72327772052875
13226,274,1,108.21,Dormant,
17194,274,2,262.62,Dormant,-15.896453179263183
16766,274,2,1145.6,Dormant,
14114,274,2,386.53,Dormant,-108.07940081079039
13043,274,1,516.42,Dormant,
15049,274,1,121.17,Dormant,
15308,275,1,310.47,Dormant,
14350,275,1,282.93,Dormant,
14727,275,1,268.58,Dormant,
16471,275,1,223.95,Dormant,
16625,275,1,333.08,Dormant,
14603,275,1,660.0,Dormant,
18086,275,1,101.34,Dormant,
13093,276,8,7832.47,Dormant,134.2345132693901
17138,276,1,380.5,Dormant,
13493,276,2,618.63,Dormant,-81.84564339312536
15057,276,2,1489.5,Dormant,-36.856746116154014
14165,276,1,122.54,Dormant,
12881,276,1,298.0,Dormant,
15944,277,1,325.1,Dormant,
16917,277,1,391.52,Dormant,
12623,277,1,305.1,Dormant,
14586,277,1,237.36,Dormant,
15234,277,1,197.0,Dormant,
17639,277,1,108.5,Dormant,
16517,278,1,162.7,Dormant,
12614,278,1,315.6,Dormant,
18280,278,1,180.6,Dormant,
15869,278,2,149.64,Dormant,
17654,278,1,117.55,Dormant,
15554,278,1,217.2,Dormant,
14012,278,1,328.8,Dormant,
14247,279,1,136.77,Dormant,
12755,281,2,3811.95,Dormant,-26.928157189120274
17508,281,1,387.31,Dormant,
14670,281,2,411.53,Dormant,
17535,281,1,164.4,Dormant,
13382,281,1,222.99,Dormant,
14570,281,2,218.06,Dormant,
14779,281,3,386.15,Dormant,51.67488769702758
17325,281,1,96.8,Dormant,
13715,282,5,1079.34,Dormant,81.2689454417989
17995,282,1,76.1,Dormant,
15087,282,1,306.94,Dormant,
16159,282,1,348.2,Dormant,
17789,282,1,225.9,Dormant,
14483,282,1,137.1,Dormant,
12817,282,1,166.04,Dormant,
12834,283,1,312.38,Dormant,
15733,283,1,162.3,Dormant,
16792,283,2,110.38,Dormant,
12873,283,1,374.0,Dormant,
13497,283,2,348.05,Dormant,-32.19138961418944
17923,283,1,207.5,Dormant,
15319,284,1,204.5,Dormant,
15257,284,1,317.15,Dormant,
16078,284,1,79.2,Dormant,
13166,284,1,417.2,Dormant,
15709,284,1,133.25,Dormant,
12866,284,1,559.12,Dormant,
15456,284,3,447.22,Dormant,-96.81489744013393
14036,285,1,626.65,Dormant,
14046,285,1,154.99,Dormant,
12509,285,1,176.5,Dormant,
17165,285,1,158.68,Dormant,
16339,285,1,109.95,Dormant,
16598,286,1,145.05,Dormant,
13684,286,1,67.23,Dormant,
12361,288,1,189.9,Dormant,
13345,288,1,389.5,Dormant,
13753,288,1,741.26,Dormant,
13973,288,1,264.7,Dormant,
13501,289,1,1340.32,Dormant,
13751,289,1,296.25,Dormant,
18056,289,1,363.65,Dormant,
16997,289,3,702.0,Dormant,12.606928596680932
17117,289,1,116.2,Dormant,
15543,289,1,127.86,Dormant,
12565,289,1,145.92,Dormant,
12945,289,1,462.95,Dormant,
16072,289,1,584.32,Dormant,
17171,290,1,224.91,Dormant,
15397,290,1,94.0,Dormant,
18068,290,1,101.7,Dormant,
17499,290,1,622.88,Dormant,
15303,291,1,574.02,Dormant,
16349,291,1,53.5,Dormant,
18114,291,1,220.1,Dormant,
16913,291,1,113.44,Dormant,
16546,291,2,787.15,Dormant,-53.65928257861396
12365,292,2,641.38,Dormant,
13044,292,1,560.47,Dormant,
12707,292,1,603.42,Dormant,
12988,293,1,535.32,Dormant,
12852,295,1,311.55,Dormant,
16765,295,1,34.0,Dormant,
13932,295,1,307.4,Dormant,
14371,296,1,100.5,Dormant,
13151,296,1,1257.87,Dormant,
18138,296,1,152.65,Dormant,
14386,297,1,142.4,Dormant,
16509,297,1,363.7,Dormant,
16494,297,1,826.53,Dormant,
15670,297,1,173.05,Dormant,
16148,297,1,76.32,Dormant,
13893,298,1,821.1,Dormant,
14935,298,1,1784.71,Dormant,
14760,298,1,89.2,Dormant,
16073,298,1,122.4,Dormant,
14176,298,4,576.9,Dormant,54.27677438487948
16738,298,1,3.75,Dormant,
17829,299,1,889.24,Dormant,
15236,299,1,321.05,Dormant,
16897,300,2,289.78,Dormant,-65.41481935569195
16084,300,1,436.18,Dormant,
13819,302,3,1140.35,Dormant,37.630542184592855
18159,302,1,530.15,Dormant,
13672,302,2,186.39,Dormant,-22.591622010844773
16405,303,2,167.25,Dormant,-9.224659763527098
12561,303,1,238.85,Dormant,
14081,303,2,934.52,Dormant,-375.7580641943915
16725,303,7,781.02,Dormant,149.2803842806568
14431,303,1,470.36,Dormant,
17334,303,2,307.02,Dormant,-1.6901021054105343
13706,303,1,330.79,Dormant,
16425,303,1,302.7,Dormant,
15843,304,1,118.95,Dormant,
12401,304,1,84.3,Dormant,
15970,304,1,314.1,Dormant,
17843,304,1,205.48,Dormant,
17358,304,2,365.85,Dormant,-103.56567468462755
17859,305,1,148.21,Dormant,
15753,305,1,79.2,Dormant,
17881,305,1,133.35,Dormant,
13809,306,1,155.05,Dormant,
14600,306,1,393.33,Dormant,
14048,306,1,409.93,Dormant,
15808,307,4,3734.97,Dormant,234.8217224553046
17392,307,2,457.91,Dormant,-46.38467021086254
13584,307,1,142.4,Dormant,
12956,307,1,108.07,Dormant,
14438,307,1,131.9,Dormant,
17517,309,1,153.94,Dormant,
13963,309,4,664.54,Dormant,39.65090632279776
17226,309,1,393.49,Dormant,
15090,309,1,381.32,Dormant,
12410,309,2,693.33,Dormant,
17291,309,1,550.8,Dormant,
13800,310,1,558.32,Dormant,
16030,310,1,331.24,Dormant,
13581,310,1,118.0,Dormant,
14497,310,1,475.37,Dormant,
14411,311,1,1063.0,Dormant,
17912,311,5,311.01,Dormant,41.620683201323395
18250,311,1,349.27,Dormant,
12559,311,2,561.71,Dormant,-4.458721894469593
15226,311,1,154.41,Dormant,
12350,311,1,334.4,Dormant,
17223,311,2,426.79,Dormant,-90.13581087223663
14457,311,1,113.64,Dormant,
12373,312,1,364.6,Dormant,
15107,312,6,319.5,Dormant,18.035672528071427
17356,312,1,178.22,Dormant,
13494,312,1,316.26,Dormant,
14850,312,1,325.75,Dormant,
14549,312,1,289.24,Dormant,
14496,312,2,538.81,Dormant,-118.40956929319529
12929,312,1,117.85,Dormant,
15940,312,1,35.8,Dormant,
17239,313,1,382.5,Dormant,
15448,313,1,494.64,Dormant,
13600,313,1,219.52,Dormant,
17619,313,1,218.52,Dormant,
15881,313,5,501.39,Dormant,60.41752019217498
18095,313,2,580.05,Dormant,-25.523792574405533
16403,313,1,177.5,Dormant,
17431,314,1,403.3,Dormant,
13161,314,1,112.75,Dormant,
17062,314,4,538.37,Dormant,41.63736541042577
15415,314,1,572.81,Dormant,
12377,316,2,1628.12,Dormant,-182.46819715166342
12735,316,2,779.57,Dormant,-222.02335411559636
12574,316,1,218.45,Dormant,
13328,317,1,1308.48,Dormant,
13506,317,2,458.52,Dormant,-39.40194784819229
12764,317,1,1693.88,Dormant,
16124,318,1,249.0,Dormant,
17118,318,1,157.02,Dormant,
15661,318,2,309.8,Dormant,-5.8274548003904485
12591,318,1,452.85,Dormant,
13615,319,1,417.69,Dormant,
13002,319,1,120.95,Dormant,
14248,319,1,302.58,Dormant,
16757,319,1,106.83,Dormant,
15222,319,1,585.0,Dormant,
16222,319,1,846.72,Dormant,
15213,319,2,328.35,Dormant,-6.705370194408653
13703,319,1,99.5,Dormant,
14368,320,1,155.0,Dormant,
15820,320,1,206.98,Dormant,
14439,320,1,2661.24,Dormant,
15052,320,1,215.78,Dormant,
14130,320,1,483.86,Dormant,
13551,320,1,91.8,Dormant,
14782,320,1,200.1,Dormant,
17714,321,1,153.0,Dormant,
15167,321,1,163.0,Dormant,
14068,321,1,265.85,Dormant,
16387,323,1,94.36,Dormant,
17890,323,2,602.09,Dormant,-131.43585094579234
17094,323,1,302.0,Dormant,
15174,323,1,135.75,Dormant,
15262,324,1,178.95,Dormant,
12402,324,1,225.6,Dormant,
15422,324,2,97.7,Dormant,
13008,324,1,229.47,Dormant,
17862,324,1,330.9,Dormant,
14090,325,1,76.32,Dormant,
12665,325,1,63.0,Dormant,
18233,326,1,440.0,Dormant,
12346,326,1,77183.6,Loyal High-Value,
13898,326,1,155.93,Dormant,
15395,326,1,107.45,Dormant,
13859,327,1,201.16,Dormant,
14238,327,1,146.85,Dormant,
15316,327,1,165.0,Dormant,
18212,327,1,248.42,Dormant,
12872,327,2,599.97,Dormant,-98.28806814519521
18106,330,1,430.7,Dormant,
13385,330,1,534.57,Dormant,
12672,330,1,225.9,Dormant,
15447,331,1,155.17,Dormant,
16315,331,1,226.37,Dormant,
13284,331,1,201.19,Dormant,
18085,331,2,689.95,Dormant,-70.66400201036262
15510,331,1,250.0,Dormant,
14185,332,1,197.65,Dormant,
12652,332,1,919.98,Dormant,
15171,332,1,1289.5,Dormant,
14270,332,1,492.65,Dormant,
16351,333,1,153.9,Dormant,
15346,333,1,252.42,Dormant,
17569,333,1,344.14,Dormant,
13144,333,1,110.95,Dormant,
12736,333,1,234.0,Dormant,
16850,334,1,332.41,Dormant,
15100,334,3,876.0,Dormant,15.475919955778151
17406,334,3,2200.42,Dormant,-439.1998349415323
15326,334,1,311.71,Dormant,
17128,335,1,157.09,Dormant,
12651,335,1,114.0,Dormant,
18032,335,1,73.5,Dormant,
12793,335,2,545.48,Dormant,-82.05922322972012
14889,337,1,135.9,Dormant,
12829,337,2,293.0,Dormant,-102.94183575178816
15649,337,2,816.0,Dormant,-7.111965941314053
12489,337,1,334.93,Dormant,
12501,337,1,2169.39,Dormant,
15607,337,1,104.76,Dormant,
13187,338,1,236.02,Dormant,
12386,338,2,401.9,Dormant,-3.939831842946723
15266,339,1,119.3,Dormant,
15464,339,1,1048.85,Dormant,
16282,340,1,168.3,Dormant,
13304,352,1,300.42,Dormant,
15562,352,1,134.55,Dormant,
13922,352,1,172.25,Dormant,
12734,353,1,110.4,Dormant,
16270,354,1,1141.24,Dormant,
12515,354,1,383.7,Dormant,
15279,355,1,290.51,Dormant,
15460,355,1,216.76,Dormant,
17343,356,1,193.64,Dormant,
12551,358,1,168.0,Dormant,
13033,358,1,190.55,Dormant,
15160,358,1,158.16,Dormant,
15204,358,1,316.58,Dormant,
17691,359,2,290.4,Dormant,-44.518419344265226
13874,359,1,540.45,Dormant,
17496,359,1,271.05,Dormant,
12967,359,2,1660.9,Dormant,-22.796069759032534
14373,359,1,76.55,Dormant,
15789,359,1,351.3,Dormant,
15224,359,2,322.08,Dormant,-50.865525204033844
18176,359,1,476.35,Dormant,
18050,360,1,74.4,Dormant,
13295,360,1,201.2,Dormant,
17525,360,1,422.7,Dormant,
17551,360,1,306.84,Dormant,
17752,360,1,80.64,Dormant,
13948,361,1,102.0,Dormant,
16499,361,2,365.45,Dormant,-53.75835533133331
16202,361,1,365.27,Dormant,
16812,361,1,479.35,Dormant,
17303,362,1,250.04,Dormant,
17524,362,1,145.0,Dormant,
15361,362,1,418.92,Dormant,
16665,363,1,135.4,Dormant,
18004,363,1,169.47,Dormant,
14413,363,1,122.7,Dormant,
15503,363,1,147.09,Dormant,
15454,363,1,179.1,Dormant,
17251,363,1,283.28,Dormant,
12785,365,1,311.95,Dormant,
14082,365,1,182.25,Dormant,
16727,365,1,272.82,Dormant,
15723,365,1,203.1,Dormant,
17880,365,1,458.92,Dormant,
16565,365,1,173.7,Dormant,
12797,366,1,254.03,Dormant,
14437,366,1,63.0,Dormant,
15945,366,1,181.0,Dormant,
16065,366,1,372.09,Dormant,
17978,366,1,300.92,Dormant,
13369,366,1,308.28,Dormant,
14355,366,1,174.4,Dormant,
17456,366,1,249.86,Dormant,
16795,366,1,414.88,Dormant,
14932,366,1,363.53,Dormant,
16893,367,1,145.93,Dormant,
15221,367,1,403.25,Dormant,
15332,367,4,1661.06,Dormant,-3.9107814559241256
13270,367,1,590.0,Dormant,
15973,367,1,307.82,Dormant,
16679,367,1,129.75,Dormant,
15347,367,1,201.6,Dormant,
18269,367,1,168.6,Dormant,
14821,367,1,48.8,Dormant,
12441,367,1,173.55,Dormant,
15180,368,1,87.5,Dormant,
13807,368,1,112.6,Dormant,
16125,368,1,289.35,Dormant,
18119,368,1,181.12,Dormant,
13786,368,1,230.4,Dormant,
15899,369,1,56.25,Dormant,
17860,369,1,252.8,Dormant,
18113,369,1,76.32,Dormant,
16858,369,1,375.69,Dormant,
16658,369,1,123.24,Dormant,
16718,370,1,623.75,Dormant,
15880,370,1,343.28,Dormant,
14813,370,2,155.43,Dormant,
17967,372,1,123.07,Dormant,
13370,372,1,754.87,Dormant,
16926,372,1,230.25,Dormant,
12686,372,1,89.14,Dormant,
14589,372,1,39.75,Dormant,
12725,372,1,427.8,Dormant,
17976,373,1,353.19,Dormant,
14576,373,1,35.4,Dormant,
15070,373,1,106.2,Dormant,
16752,373,1,207.5,Dormant,
16754,373,1,2002.4,Dormant,
16781,373,1,311.25,Dormant,
17855,373,1,208.97,Dormant,
13011,373,1,50.55,Dormant,
17850,373,34,5391.21,Loyal High-Value,-431.71703155119803
16510,373,1,248.1,Dormant,
15823,373,1,15.0,Dormant,
12738,373,1,155.35,Dormant,
15363,373,1,326.0,Dormant,
17732,373,1,303.97,Dormant,
12855,373,1,38.1,Dormant,
17925,373,1,244.08,Dormant,
15923,373,1,127.08,Dormant,
13108,373,1,350.06,Dormant,
14142,374,1,311.81,Dormant,
13747,374,1,79.6,Dormant,
18011,374,1,102.79,Dormant,
15922,374,1,369.5,Dormant,
18074,374,1,489.6,Dormant,
12791,374,1,192.6,Dormant,
15350,374,1,115.65,Dormant,
17908,374,1,243.28,Dormant,
15165,374,1,487.75,Dormant,
16048,374,2,256.44,Dormant,
17643,374,1,101.55,Dormant,
16274,374,1,357.95,Dormant,
17968,374,1,277.35,Dormant,
14729,374,1,313.49,Dormant,
16583,374,1,233.45,Dormant,
14237,374,1,161.0,Dormant,
13065,374,1,205.86,Dormant,
