customer_id,recency,frequency,monetary,r_score,f_score,m_score,rfm_total,cluster,avg_order_value,purchase_frequency,cltv,cltv_scaled
12636.0,739,1,1410.0,1,1,1,3,2,1410.0,1,423.0,0.00022675059093947016
13526.0,739,2,11820.0,1,2,3,6,2,5910.0,2,3546.0,0.0019366192267090353
17056.0,739,1,1286.0,1,1,1,3,2,1286.0,1,385.8,0.0002063832796200248
14654.0,739,1,2468.6,1,1,1,3,2,2468.6,1,740.5799999999999,0.00040062829870370276
17592.0,739,1,1483.0,1,1,1,3,2,1483.0,1,444.9,0.0002387410242162404
14980.0,738,1,1506.8,1,1,1,3,2,1506.8,1,452.03999999999996,0.00024265023396948876
17909.0,738,1,1325.5,1,1,1,3,2,1325.5,1,397.65,0.000212871253790332
17606.0,738,1,873.0,1,1,1,3,2,873.0,1,261.9,0.00013854699272542056
15833.0,738,1,804.0,1,1,1,3,2,804.0,1,241.2,0.00012721356949121307
17087.0,738,1,2215.3,1,1,1,3,2,2215.3,1,664.59,0.00035902313775841647
17818.0,738,1,1301.8,1,1,1,3,2,1301.8,1,390.53999999999996,0.00020897846928814767
14106.0,738,1,2148.0,1,1,1,3,2,2148.0,1,644.4,0.0003479689437922981
12934.0,737,1,1816.5,1,1,1,3,2,1816.5,1,544.9499999999999,0.00029351923651490993
14750.0,737,1,1120.3,1,2,1,4,2,1120.3,1,336.09,0.00017916663860686276
16301.0,737,1,1073.3,1,1,1,3,2,1073.3,1,321.98999999999995,0.00017144677060675038
14347.0,737,1,826.0,1,1,1,3,2,826.0,1,247.79999999999998,0.0001308271247253082
15794.0,737,2,7770.0,1,2,2,5,2,3885.0,2,2331.0,0.0012713965586142477
17271.0,737,1,2103.9,1,1,1,3,2,2103.9,1,631.17,0.00034072540807304373
16541.0,736,1,4240.3,1,1,2,4,2,4240.3,1,1272.09,0.0006916344718058102
16192.0,736,1,3513.0,1,2,2,5,2,3513.0,1,1053.8999999999999,0.0005721736208168376
17151.0,736,1,2319.0,1,1,1,3,2,2319.0,1,695.6999999999999,0.00037605612311185577
15999.0,736,1,204.0,1,1,1,3,2,204.0,1,61.199999999999996,2.86620631068001e-05
16645.0,736,1,1603.9,1,1,1,3,2,1603.9,1,481.17,0.00025859915275269963
14979.0,736,1,4394.6,1,1,2,4,2,4394.6,1,1318.38,0.0007169786341976685
16410.0,735,1,1303.2,1,1,1,3,2,1303.2,1,390.96,0.00020920842280304464
16277.0,734,1,1886.9,1,1,1,3,2,1886.9,1,566.07,0.0003050826132640144
16964.0,734,2,2078.5,1,2,1,4,2,1039.25,2,623.55,0.00033655339430277025
14717.0,734,1,813.0,1,1,1,3,2,813.0,1,243.89999999999998,0.00012869184208697925
14123.0,734,1,4361.8,1,1,2,4,2,4361.8,1,1308.54,0.0007115911518486539
15479.0,734,1,1474.0,1,1,1,3,2,1474.0,1,442.2,0.0002372627516204742
14468.0,734,1,2042.4,1,1,1,3,2,2042.4,1,612.72,0.0003306238786686414
13905.0,733,1,3126.5,1,1,1,3,2,3126.5,1,937.9499999999999,0.0005086900254542116
14574.0,733,1,1437.0,1,1,1,3,2,1437.0,1,431.09999999999997,0.00023118540872676873
14003.0,733,1,2094.1,1,1,1,3,2,2094.1,1,628.2299999999999,0.00033911573346876497
18162.0,733,1,3791.6,1,2,2,5,2,3791.6,1,1137.48,0.0006179343702813335
17441.0,733,1,2933.5,1,1,1,3,2,2933.5,1,880.05,0.0004769892909005587
14955.0,733,1,1637.7,1,1,1,3,2,1637.7,1,491.31,0.00026415088761235487
12443.0,733,1,4853.1,1,1,2,4,2,4853.1,1,1455.93,0.0007922884103264241
17178.0,732,1,4367.1,1,1,2,4,2,4367.1,1,1310.13,0.0007124616901550496
15924.0,732,1,1028.2,1,1,1,3,2,1028.2,1,308.46,0.00016403898237685538
15162.0,732,1,3129.0,1,1,1,3,2,3129.0,1,938.6999999999999,0.0005091006567308132
13204.0,732,1,9666.6,1,2,3,6,2,9666.6,1,2899.98,0.001582917870295377
13025.0,732,1,3233.9,1,1,1,3,2,3233.9,1,970.17,0.0005263307450970215
15209.0,731,1,1789.8,1,1,1,3,2,1789.8,1,536.9399999999999,0.00028913369448080355
15302.0,731,1,3080.0,1,1,1,3,2,3080.0,1,924.0,0.0005010522837094196
13114.0,731,1,2343.8,1,1,1,3,2,2343.8,1,703.14,0.0003801295853757449
12487.0,731,1,2853.0,1,1,1,3,2,2853.0,1,855.9,0.0004637669637939833
13498.0,731,1,3273.8,1,1,1,3,2,3273.8,1,982.14,0.000532884420271585
17296.0,731,1,3381.3,1,1,1,3,2,3381.3,1,1014.39,0.000550541565165459
15642.0,730,1,1057.8,1,1,1,3,2,1057.8,1,317.34,0.00016890085669181974
12979.0,730,1,5177.0,1,1,2,4,2,5177.0,1,1553.1,0.0008454897985229429
16901.0,730,1,2042.6,1,1,1,3,2,2042.6,1,612.78,0.0003306567291707696
15085.0,730,1,3475.4,1,1,1,3,2,3475.4,1,1042.62,0.0005659977264167478
16459.0,730,1,717.9,1,1,1,3,2,717.9,1,215.36999999999998,0.0001130714283250498
16663.0,730,1,1650.0,1,1,1,3,2,1650.0,1,495.0,0.0002661711934932354
17487.0,729,1,1605.5,1,1,1,3,2,1605.5,1,481.65,0.0002588619567697247
13087.0,727,1,3136.4,1,1,1,3,2,3136.4,1,940.92,0.0005103161253095544
13768.0,727,2,8759.7,1,2,2,5,2,4379.85,2,2627.9100000000003,0.001433957268395337
17910.0,727,1,2617.0,1,1,1,3,2,2617.0,1,785.1,0.0004250033712827809
17066.0,727,1,2283.4,1,1,1,3,2,2283.4,1,685.02,0.0003702087337330473
17318.0,726,1,1642.8,1,1,1,3,2,1642.8,1,492.84,0.00026498857541662235
15188.0,726,1,3104.3,1,1,1,3,2,3104.3,1,931.29,0.0005050436197179883
14977.0,726,1,319.3,1,1,1,3,2,319.3,1,95.79,4.7600377583671474e-05
14042.0,726,1,4319.8,1,1,2,4,2,4319.8,1,1295.94,0.0007046925464017451
15534.0,726,1,1622.5,1,1,1,3,2,1622.5,1,486.75,0.0002616542494506164
12992.0,726,1,933.5,1,1,1,3,2,933.5,1,280.05,0.0001484842696191822
17012.0,726,1,3841.6,1,1,2,4,2,3841.6,1,1152.48,0.0006261469958133679
16280.0,726,1,2380.5,1,1,1,3,2,2380.5,1,714.15,0.00038615765251625813
16064.0,726,1,1110.0,1,2,1,4,2,1110.0,1,333.0,0.00017747483774726368
15672.0,726,1,453.0,1,1,1,3,2,453.0,1,135.9,6.956093825633149e-05
17067.0,725,3,4545.4,1,2,2,5,2,1515.1333333333332,3,1363.62,0.0007417479128022842
12941.0,725,1,3774.9,1,2,2,5,2,3774.9,1,1132.47,0.000615191353353634
16605.0,725,1,604.8,1,1,1,3,2,604.8,1,181.43999999999997,9.449446937158795e-05
18012.0,724,1,1153.0,1,1,1,3,2,1153.0,1,345.9,0.00018453769570481326
13289.0,724,1,3079.5,1,1,1,3,2,3079.5,1,923.8499999999999,0.0005009701574540992
17833.0,724,1,3423.6,1,1,1,3,2,3423.6,1,1027.08,0.0005574894463655601
16694.0,724,1,983.0,1,1,1,3,2,983.0,1,294.9,0.00015661476889589624
16195.0,724,1,3232.5,1,1,1,3,2,3232.5,1,969.75,0.0005261007915821245
15499.0,724,1,1616.0,1,1,1,3,2,1616.0,1,484.79999999999995,0.0002605866081314519
17103.0,723,1,4243.0,1,1,2,4,2,4243.0,1,1272.8999999999999,0.00069207795358454
18186.0,723,1,3295.8,1,1,1,3,2,3295.8,1,988.74,0.0005364979755056802
14095.0,723,1,29.5,1,1,1,3,2,29.5,1,8.85,0.0
16439.0,723,1,3107.0,1,1,1,3,2,3107.0,1,932.0999999999999,0.0005054871014967181
18201.0,723,1,4475.3,1,1,2,4,2,4475.3,1,1342.59,0.000730233811806372
16908.0,723,1,2525.9,1,1,1,3,2,2525.9,1,757.77,0.0004100399675634142
17927.0,722,1,2940.0,1,1,1,3,2,2940.0,1,882.0,0.0004780569322197232
15409.0,722,1,1312.5,1,1,1,3,2,1312.5,1,393.75,0.00021073597115200306
13847.0,720,1,3107.2,1,1,1,3,2,3107.2,1,932.1599999999999,0.0005055199519988462
13111.0,719,1,3218.8,1,1,1,3,2,3218.8,1,965.64,0.0005238505321863471
14969.0,704,1,9062.3,1,2,3,6,2,9062.3,1,2718.6899999999996,0.0014836600781152089
15324.0,702,1,1402.2,1,1,1,3,2,1402.2,1,420.66,0.0002254694213564728
18115.0,698,1,97.0,1,1,1,3,2,97.0,1,29.099999999999998,1.1087044468246458e-05
13622.0,697,1,6589.5,1,1,2,4,2,6589.5,1,1976.85,0.0010774964698029152
17352.0,697,1,362.5,1,1,1,3,2,362.5,1,108.75,5.46960860433492e-05
17945.0,697,3,3603.5,1,2,2,5,2,1201.1666666666667,3,1081.05,0.00058703847302982
14137.0,696,1,3327.0,1,1,1,3,2,3327.0,1,998.0999999999999,0.0005416226538376695
16304.0,695,1,3816.6,1,2,2,5,2,3816.6,1,1144.98,0.0006220406830473507
12860.0,694,1,554.7,1,1,1,3,2,554.7,1,166.41,8.626541858848949e-05
13907.0,692,1,1368.0,1,1,1,3,2,1368.0,1,410.4,0.00021985198549256125
15413.0,692,5,67987.2,1,3,4,8,2,13597.439999999999,5,20396.16,0.011162222842366704
15375.0,691,1,609.6,1,1,1,3,2,609.6,1,182.88,9.528288142266328e-05
14892.0,691,1,2023.5,1,1,1,3,2,2023.5,1,607.05,0.0003275195062175324
15697.0,690,1,2467.5,1,1,1,3,2,2467.5,1,740.25,0.000400447620941998
13315.0,690,1,3102.6,1,1,1,3,2,3102.6,1,930.78,0.0005047643904498992
16867.0,690,1,767.4,1,1,1,3,2,767.4,1,230.22,0.00012120192760176388
14983.0,690,1,1832.0,1,1,1,3,2,1832.0,1,549.6,0.00029606515042984065
12470.0,690,1,2119.5,1,1,1,3,2,2119.5,1,635.85,0.0003432877472390385
17875.0,689,1,1671.0,1,1,1,3,2,1671.0,1,501.29999999999995,0.0002696204962166898
13457.0,689,2,1482.2,1,2,1,4,2,741.1,2,444.66,0.00023860962220772786
14207.0,688,1,1578.0,1,1,1,3,2,1578.0,1,473.4,0.0002543450127271058
16822.0,687,1,1813.9,1,1,1,3,2,1813.9,1,544.17,0.00029309217998724414
14274.0,687,1,2566.0,1,1,1,3,2,2566.0,1,769.8,0.0004166264932401058
17794.0,687,2,1473.0,1,2,1,4,2,736.5,2,441.9,0.0002370984991098335
14751.0,685,2,1264.5,1,2,1,4,2,632.25,2,379.34999999999997,0.00020285185064125
14070.0,685,1,3265.5,1,1,1,3,2,3265.5,1,979.65,0.0005315211244332673
14879.0,685,1,1850.6,1,1,1,3,2,1850.6,1,555.18,0.0002991202471277574
13036.0,685,1,3071.0,1,1,1,3,2,3071.0,1,921.3,0.0004995740111136534
14519.0,684,2,2060.9,1,2,1,4,2,1030.45,2,618.27,0.00033366255011549415
14376.0,684,1,2154.6,1,1,1,3,2,2154.6,1,646.38,0.00034905301036252664
18199.0,684,1,3447.5,1,1,1,3,2,3447.5,1,1034.25,0.0005614150813698726
16291.0,683,1,1177.2,1,1,1,3,2,1177.2,1,353.16,0.00018851260646231795
12846.0,683,1,155.8,1,1,1,3,2,155.8,1,46.74,2.074509209391893e-05
16047.0,683,1,1071.4,1,1,1,3,2,1071.4,1,321.42,0.0001711346908365331
12404.0,683,1,632.4,1,1,1,3,2,632.4,1,189.72,9.902783866527096e-05
15959.0,683,3,5794.9,1,2,2,5,2,1931.6333333333332,3,1738.4699999999998,0.0009469814248478242
12466.0,683,1,567.3,1,1,1,3,2,567.3,1,170.18999999999997,8.833500022256215e-05
16481.0,683,1,4533.8,1,1,2,4,2,4533.8,1,1360.14,0.0007398425836788523
14380.0,683,1,489.6,1,1,1,3,2,489.6,1,146.88,7.557258014578069e-05
12606.0,683,1,210.0,1,1,1,3,2,210.0,1,63.0,2.9647578170644234e-05
12555.0,683,1,1292.3,1,1,1,3,2,1292.3,1,387.69,0.00020741807043706114
12439.0,683,2,11581.8,1,2,3,6,2,5790.9,2,3474.5399999999995,0.001897494278674423
12570.0,683,1,775.2,1,1,1,3,2,775.2,1,232.56,0.00012248309718476127
16051.0,682,1,1884.4,1,1,1,3,2,1884.4,1,565.32,0.00030467198198741273
12869.0,682,1,3376.7,1,1,1,3,2,3376.7,1,1013.0099999999999,0.0005497860036165117
16137.0,681,1,4227.0,1,1,2,4,2,4227.0,1,1268.1,0.000689449913414289
14613.0,681,1,763.2,1,1,1,3,2,763.2,1,228.96,0.000120512067057073
17982.0,681,1,1381.8,1,1,1,3,2,1381.8,1,414.53999999999996,0.00022211867013940273
14831.0,681,3,16765.7,1,3,3,7,2,5588.566666666667,3,5029.71,0.002748962868584687
16673.0,680,1,1888.3,1,1,1,3,2,1888.3,1,566.49,0.00030531256677891137
16802.0,680,2,5826.1,1,2,2,5,2,2913.05,2,1747.8300000000002,0.0009521061031798138
15487.0,680,1,2313.2,1,1,1,3,2,2313.2,1,693.9599999999999,0.00037510345855013976
15317.0,678,1,1297.5,1,1,1,3,2,1297.5,1,389.25,0.00020827218349239274
15588.0,678,1,5796.0,1,1,2,4,2,5796.0,1,1738.8,0.000947162102609529
15338.0,678,1,2834.3,1,1,1,3,2,2834.3,1,850.2900000000001,0.00046069544184500254
14637.0,678,1,1066.8,1,1,1,3,2,1066.8,1,320.03999999999996,0.00017037912928758592
13392.0,678,1,911.4,1,1,1,3,2,911.4,1,273.41999999999996,0.00014485428913402296
13511.0,677,1,2827.6,1,1,1,3,2,2827.6,1,848.28,0.00045959495002370984
13628.0,677,1,3101.4,1,1,1,3,2,3101.4,1,930.42,0.0005045672874371303
12848.0,676,1,2080.0,1,1,1,3,2,2080.0,1,624.0,0.0003367997730687313
18175.0,676,1,1761.0,1,1,1,3,2,1761.0,1,528.3,0.00028440322217435175
12396.0,675,1,9314.3,1,2,3,6,2,9314.3,1,2794.2899999999995,0.0015250517107966623
14545.0,675,1,3492.5,1,2,2,5,2,3492.5,1,1047.75,0.0005688064443487036
13757.0,675,1,1955.5,1,1,1,3,2,1955.5,1,586.65,0.00031635033549396564
13553.0,675,1,5178.0,1,1,2,4,2,5178.0,1,1553.3999999999999,0.0008456540510335837
14151.0,674,2,6794.5,1,2,2,5,2,3397.25,2,2038.35,0.0011111682344842563
17328.0,674,1,1047.0,1,1,1,3,2,1047.0,1,314.09999999999997,0.0001671269295769003
13009.0,673,1,2340.0,1,1,1,3,2,2340.0,1,702.0,0.00037950542583531024
18267.0,673,1,2693.7,1,1,1,3,2,2693.7,1,808.1099999999999,0.0004376015388489217
13234.0,673,2,3569.5,1,2,2,5,2,1784.75,2,1070.85,0.0005814538876680365
16082.0,671,1,1067.5,1,1,1,3,2,1067.5,1,320.25,0.00017049410604503442
17319.0,670,1,291.0,1,1,1,3,2,291.0,1,87.3,4.2952031532539985e-05
14884.0,670,1,1206.0,1,1,1,3,2,1206.0,1,361.8,0.00019324307876876975
15892.0,670,1,1282.0,1,1,1,3,2,1282.0,1,384.59999999999997,0.00020572626957746204
17294.0,670,2,4677.9,1,2,2,5,2,2338.95,2,1403.37,0.0007635113704621754
18070.0,670,1,3141.0,1,1,1,3,2,3141.0,1,942.3,0.0005110716868585016
16436.0,669,3,3293.4,1,2,1,4,2,1097.8,3,988.0199999999999,0.0005361037694801424
16530.0,669,1,483.5,1,1,1,3,2,483.5,1,145.04999999999998,7.457063983087247e-05
15082.0,669,1,933.5,1,1,1,3,2,933.5,1,280.05,0.0001484842696191822
13119.0,669,1,1349.0,1,1,1,3,2,1349.0,1,404.7,0.00021673118779038818
17810.0,669,2,3748.1,1,2,2,5,2,1874.05,2,1124.4299999999998,0.0006107893860684634
17575.0,668,1,1717.0,1,1,1,3,2,1717.0,1,515.1,0.0002771761117061615
12776.0,668,1,555.0,1,1,1,3,2,555.0,1,166.5,8.63146943416817e-05
17780.0,668,3,3529.1,1,2,2,5,2,1176.3666666666666,3,1058.7299999999998,0.0005748180862381526
15176.0,668,1,9880.4,1,2,3,6,2,9880.4,1,2964.12,0.0016180350570703561
13442.0,668,3,4198.7,1,3,2,6,2,1399.5666666666666,3,1259.61,0.0006848015673631576
16577.0,667,1,3800.0,1,2,2,5,2,3800.0,1,1140.0,0.0006193140913707152
15765.0,667,1,3706.3,1,2,2,5,2,3706.3,1,1111.89,0.0006039236311236827
14190.0,667,1,799.0,1,1,1,3,2,799.0,1,239.7,0.00012639230693800964
14072.0,667,1,3908.5,1,1,2,4,2,3908.5,1,1172.55,0.0006371354887752299
15293.0,666,1,2475.0,1,1,1,3,2,2475.0,1,742.5,0.0004016795147718032
15964.0,664,1,2729.6,1,1,1,3,2,2729.6,1,818.88,0.0004434982039809224
14943.0,664,1,1076.2,1,1,1,3,2,1076.2,1,322.86,0.0001719231028876084
17108.0,664,1,1749.5,1,1,1,3,2,1749.5,1,524.85,0.0002825143183019838
15359.0,663,8,1813.5,1,4,1,6,2,226.6875,8,544.05,0.00029302647898298787
17136.0,663,1,2316.8,1,1,1,3,2,2316.8,1,695.0400000000001,0.00037569476758844635
15371.0,663,1,594.0,1,1,1,3,2,594.0,1,178.2,9.272054225666853e-05
15662.0,662,2,2837.3,1,2,1,4,2,1418.65,2,851.19,0.0004611881993769246
17662.0,662,2,4129.2,1,2,2,5,2,2064.6,2,1238.76,0.0006733860178736298
17778.0,662,1,1977.0,1,1,1,3,2,1977.0,1,593.1,0.0003198817644727404
14989.0,662,1,3424.0,1,1,1,3,2,3424.0,1,1027.2,0.0005575551473698164
14244.0,661,1,3664.2,1,2,2,5,2,3664.2,1,1099.26,0.0005970086004257097
18285.0,661,1,4270.0,1,1,2,4,2,4270.0,1,1281.0,0.0006965127713718387
18153.0,660,1,2462.2,1,1,1,3,2,2462.2,1,738.66,0.0003995770826356024
17721.0,660,1,3072.1,1,1,1,3,2,3072.1,1,921.6299999999999,0.0004997546888753581
15693.0,660,1,375.0,1,1,1,3,2,375.0,1,112.5,5.6749242426357805e-05
14783.0,660,1,3073.0,1,1,1,3,2,3073.0,1,921.9,0.0004999025161349348
13604.0,659,1,7176.2,1,1,2,4,2,7176.2,1,2152.8599999999997,0.0011738634177958069
13191.0,659,1,1646.9,1,1,1,3,2,1646.9,1,494.07,0.0002656620107102492
14602.0,657,1,2053.6,1,1,1,3,2,2053.6,1,616.0799999999999,0.0003324635067878171
15928.0,657,1,2935.3,1,1,1,3,2,2935.3,1,880.59,0.000477284945419712
12416.0,657,1,2025.6,1,1,1,3,2,2025.6,1,607.68,0.00032786443648987786
17195.0,656,1,5629.8,1,1,2,4,2,5629.8,1,1688.94,0.0009198633353410466
17439.0,656,1,3257.4,1,1,1,3,2,3257.4,1,977.22,0.0005301906790970777
14558.0,655,3,6555.0,1,3,2,6,2,2185.0,3,1966.5,0.0010718297581858115
13490.0,655,1,1542.5,1,1,1,3,2,1542.5,1,462.75,0.0002485140485993614
15295.0,655,1,2172.4,1,1,1,3,2,2172.4,1,651.72,0.00035197670505193095
14726.0,655,1,1247.5,1,1,1,3,2,1247.5,1,374.25,0.00020005955796035833
14091.0,655,2,95300.8,1,2,4,7,2,47650.4,2,28590.24,0.01564855021700221
16388.0,654,1,1860.5,1,1,1,3,2,1860.5,1,558.15,0.0003007463469831002
13765.0,654,1,3528.2,1,2,2,5,2,3528.2,1,1058.4599999999998,0.000574670258978576
13944.0,654,1,2004.3,1,1,1,3,2,2004.3,1,601.29,0.00032436585801323117
13469.0,654,1,824.0,1,1,1,3,2,824.0,1,247.2,0.00013049861970402683
14402.0,653,1,2856.0,1,1,1,3,2,2856.0,1,856.8,0.0004642597213259054
16118.0,653,1,43762.5,1,1,4,6,2,43762.5,1,13128.75,0.007183255047849221
17207.0,653,1,3032.2,1,1,1,3,2,3032.2,1,909.66,0.0004932010137007947
17209.0,650,3,6116.0,1,2,2,5,2,2038.6666666666667,3,1834.8,0.0009997229060145492
15477.0,650,1,3684.0,1,2,2,5,2,3684.0,1,1105.2,0.0006002608001363954
15943.0,650,2,2712.9,1,2,1,4,2,1356.45,2,813.87,0.00044075518705322293
18046.0,650,1,1896.3,1,1,1,3,2,1896.3,1,568.89,0.00030662658686403686
16731.0,649,1,1740.5,1,1,1,3,2,1740.5,1,522.15,0.00028103604570621764
17305.0,649,1,21354.6,1,1,3,5,2,21354.6,1,6406.379999999999,0.003502701214663741
14131.0,649,1,1878.7,1,1,1,3,2,1878.7,1,563.61,0.00030373574267676077
17116.0,649,1,3897.8,1,1,2,4,2,3897.8,1,1169.34,0.0006353779869113745
16273.0,649,2,3360.4,1,2,1,4,2,1680.2,2,1008.12,0.0005471086876930685
15927.0,648,1,1233.9,1,1,1,3,2,1233.9,1,370.17,0.00019782572381564498
17638.0,648,2,8424.0,1,2,2,5,2,4212.0,2,2527.2,0.0013788177005732577
18148.0,647,1,1141.0,1,1,1,3,2,1141.0,1,342.3,0.00018256666557712502
15875.0,647,1,1117.2,1,2,1,4,2,1117.2,1,335.16,0.00017865745582387664
18152.0,647,1,4266.9,1,1,2,4,2,4266.9,1,1280.07,0.0006960035885888525
16285.0,647,1,1769.0,1,1,1,3,2,1769.0,1,530.6999999999999,0.00028571724225947724
13793.0,647,1,960.0,1,1,1,3,2,960.0,1,288.0,0.00015283696115116042
13879.0,646,1,3955.0,1,1,2,4,2,3955.0,1,1186.5,0.0006447732305200219
14018.0,646,1,3671.5,1,2,2,5,2,3671.5,1,1101.45,0.0005982076437533868
17577.0,646,2,3487.5,1,2,1,4,2,1743.75,2,1046.25,0.0005679851817955001
15929.0,645,1,5940.0,1,1,2,4,2,5940.0,1,1782.0,0.0009708144641417881
12568.0,645,1,700.0,1,1,1,3,2,700.0,1,210.0,0.0001101313083845815
14369.0,643,2,4691.3,1,2,2,5,2,2345.65,2,1407.39,0.0007657123541047607
18253.0,643,1,3178.8,1,1,1,3,2,3178.8,1,953.64,0.0005172804317607196
16534.0,643,1,6359.0,1,1,2,4,2,6359.0,1,1907.6999999999998,0.0010396362661002365
18029.0,643,1,4337.7,1,1,2,4,2,4337.7,1,1301.31,0.0007076326663422133
15631.0,643,1,5966.7,1,1,2,4,2,5966.7,1,1790.01,0.0009752000061758945
13454.0,642,1,2198.7,1,1,1,3,2,2198.7,1,659.6099999999999,0.00035629654608178096
17488.0,642,1,3365.0,1,1,1,3,2,3365.0,1,1009.5,0.0005478642492420157
16537.0,642,1,233.5,1,1,1,3,2,233.5,1,70.05,3.3507512170700405e-05
12495.0,641,1,3574.0,1,2,2,5,2,3574.0,1,1072.2,0.0005821930239659197
13641.0,641,5,10164.7,1,3,3,7,2,2032.94,5,3049.4100000000003,0.0016647320458455042
17907.0,641,1,2917.6,1,1,1,3,2,2917.6,1,875.28,0.0004743776759813718
15250.0,641,1,600.0,1,1,1,3,2,600.0,1,180.0,9.370605732051266e-05
13413.0,640,6,4294.4,1,3,2,6,2,715.7333333333332,6,1288.32,0.0007005205326314714
15558.0,640,1,2141.3,1,1,1,3,2,2141.3,1,642.39,0.0003468684519710055
12954.0,639,1,1624.5,1,1,1,3,2,1624.5,1,487.34999999999997,0.0002619827544718978
13724.0,638,1,2130.1,1,1,1,3,2,2130.1,1,639.03,0.0003450288238518298
12692.0,638,1,1109.5,1,2,1,4,2,1109.5,1,332.84999999999997,0.0001773927114919433
17065.0,638,2,1947.0,1,2,1,4,2,973.5,2,584.1,0.00031495418915351977
15941.0,638,1,4050.0,1,1,2,4,2,4050.0,1,1215.0,0.0006603772190308873
13688.0,636,1,3755.0,1,2,2,5,2,3755.0,1,1126.5,0.0006119227283918842
16911.0,636,2,2552.5,1,2,1,4,2,1276.25,2,765.75,0.00041440908434645655
13530.0,635,1,4029.8,1,1,2,4,2,4029.8,1,1208.94,0.0006570593183159454
18051.0,635,7,22822.8,1,4,3,8,2,3260.4,7,6846.839999999999,0.0037438567507863995
13543.0,635,2,14396.1,1,2,3,6,2,7198.05,2,4318.83,0.002359750119370512
17568.0,634,1,3827.9,1,2,2,5,2,3827.9,1,1148.37,0.0006238967364175904
14604.0,634,1,1438.6,1,1,1,3,2,1438.6,1,431.58,0.00023144821274379384
12366.0,634,1,5002.4,1,1,2,4,2,5002.4,1,1500.7199999999998,0.0008168113101650787
17933.0,633,1,1146.9,1,1,1,3,2,1146.9,1,344.07,0.00018353575538990508
13902.0,633,5,340952.6,1,3,4,8,2,68190.51999999999,5,102285.77999999998,0.055997475110406425
13612.0,633,1,8182.9,1,1,2,4,2,8182.9,1,2454.87,0.0013392164202577878
17479.0,633,1,3892.6,1,1,2,4,2,3892.6,1,1167.78,0.000634523873856043
18131.0,632,1,2229.6,1,1,1,3,2,2229.6,1,668.88,0.0003613719486605783
18187.0,632,1,7248.9,1,1,2,4,2,7248.9,1,2174.6699999999996,0.0011858045753193847
15496.0,632,1,1461.4,1,1,1,3,2,1461.4,1,438.42,0.00023519316998640155
13128.0,632,1,2635.0,1,1,1,3,2,2635.0,1,790.5,0.0004279599164743133
16508.0,631,1,2488.0,1,1,1,3,2,2488.0,1,746.4,0.0004038147974101321
14832.0,631,1,3226.9,1,1,1,3,2,3226.9,1,968.0699999999999,0.0005251809775225366
15760.0,631,2,139163.4,1,2,4,7,2,69581.7,2,41749.02,0.022853092390230458
16452.0,631,2,3321.7,1,2,1,4,2,1660.85,2,996.5099999999999,0.0005407521155312739
17285.0,629,2,4283.4,1,2,2,5,2,2141.7,2,1285.0199999999998,0.0006987137550144238
17916.0,629,2,438.7,1,2,1,4,2,219.35,2,131.60999999999999,6.721212735416964e-05
16397.0,629,1,1278.8,1,1,1,3,2,1278.8,1,383.64,0.00020520066154341185
12796.0,629,1,3810.0,1,2,2,5,2,3810.0,1,1143.0,0.0006209566164771222
12368.0,629,1,9177.0,1,2,3,6,2,9177.0,1,2753.1,0.0015024998410856961
17587.0,629,1,1816.6,1,1,1,3,2,1816.6,1,544.9799999999999,0.000293535661765974
14928.0,628,1,2239.1,1,1,1,3,2,2239.1,1,671.7299999999999,0.0003629323475116648
12533.0,628,2,13678.9,1,2,3,6,2,6839.45,2,4103.67,0.0022419482187390105
16296.0,627,4,13136.7,1,3,3,7,2,3284.175,4,3941.01,0.0021528905074696294
12918.0,627,1,109535.0,1,1,4,6,2,109535.0,1,32860.5,0.01798655330396389
16970.0,627,1,714.0,1,1,1,3,2,714.0,1,214.2,0.00011243084353355112
14596.0,627,1,2294.7,1,1,1,3,2,2294.7,1,688.41,0.0003720647871032871
16615.0,627,1,2915.0,1,1,1,3,2,2915.0,1,874.5,0.00047395061945370605
13445.0,627,1,2419.0,1,1,1,3,2,2419.0,1,725.6999999999999,0.0003924813741759246
16578.0,627,1,1566.0,1,1,1,3,2,1566.0,1,469.79999999999995,0.0002523739825994175
16002.0,626,1,1692.1,1,1,1,3,2,1692.1,1,507.62999999999994,0.0002730862241912083
13896.0,626,1,3885.5,1,1,2,4,2,3885.5,1,1165.6499999999999,0.000633357681030494
16077.0,626,1,23004.0,1,1,3,5,2,23004.0,1,6901.2,0.0037736193057144925
12742.0,626,1,12015.2,1,1,3,5,2,12015.2,1,3604.56,0.0019686813167860977
17072.0,626,1,2820.5,1,1,1,3,2,2820.5,1,846.15,0.000458428757198161
16741.0,626,1,1730.6,1,1,1,3,2,1730.6,1,519.18,0.0002794099458508748
12663.0,625,2,2394.0,1,2,1,4,2,1197.0,2,718.1999999999999,0.00038837506140990737
13459.0,625,2,11604.1,1,2,3,6,2,5802.05,2,3481.23,0.0019011571096617106
16090.0,625,1,2059.1,1,1,1,3,2,2059.1,1,617.7299999999999,0.0003333668955963409
15698.0,625,1,462.0,1,1,1,3,2,462.0,1,138.6,7.103921085209769e-05
14330.0,624,1,2006.3,1,1,1,3,2,2006.3,1,601.89,0.0003246943630345126
15911.0,624,8,17023.4,1,4,3,8,2,2127.925,8,5107.02,0.0027912907405767927
14074.0,624,1,2194.0,1,1,1,3,2,2194.0,1,658.1999999999999,0.00035552455928176973
18166.0,624,1,1755.0,1,1,1,3,2,1755.0,1,526.5,0.0002834177071105076
14378.0,622,1,1312.5,1,1,1,3,2,1312.5,1,393.75,0.00021073597115200306
15848.0,622,1,1399.4,1,1,1,3,2,1399.4,1,419.82,0.00022500951432667888
15231.0,622,1,2502.6,1,1,1,3,2,2502.6,1,750.78,0.00040621288406548616
14771.0,622,2,5946.2,1,2,2,5,2,2973.1,2,1783.86,0.0009718328297077603
13053.0,622,1,1276.5,1,1,1,3,2,1276.5,1,382.95,0.00020482288076893826
14809.0,622,2,6867.6,1,2,2,5,2,3433.8,2,2060.28,0.0011231750930120908
13825.0,622,2,2555.9,1,2,1,4,2,1277.95,2,766.77,0.00041496754288263487
13412.0,621,1,4873.5,1,1,2,4,2,4873.5,1,1462.05,0.0007956391615434941
16502.0,621,2,2665.0,1,2,1,4,2,1332.5,2,799.5,0.000432887491793534
12496.0,621,2,540.9,1,2,1,4,2,270.45,2,162.26999999999998,8.399873394164798e-05
15575.0,620,1,301.0,1,1,1,3,2,301.0,1,90.3,4.459455663894687e-05
12861.0,620,1,682.5,1,1,1,3,2,682.5,1,204.75,0.00010725688944836945
17586.0,620,1,1674.0,1,1,1,3,2,1674.0,1,502.2,0.00027011325374861185
15029.0,620,1,3651.0,1,2,2,5,2,3651.0,1,1095.3,0.0005948404672852526
15742.0,620,1,1568.7,1,1,1,3,2,1568.7,1,470.61,0.0002528174643781474
16845.0,619,1,2538.8,1,1,1,3,2,2538.8,1,761.64,0.0004121588249506791
14706.0,619,1,3906.9,1,1,2,4,2,3906.9,1,1172.07,0.0006368726847582048
13179.0,619,1,5723.1,1,1,2,4,2,5723.1,1,1716.93,0.0009351880945838229
16704.0,619,2,6956.6,1,2,2,5,2,3478.3,2,2086.98,0.0011377935664591118
13219.0,619,1,762.3,1,1,1,3,2,762.3,1,228.68999999999997,0.00012036423979749636
17993.0,618,1,2351.9,1,1,1,3,2,2351.9,1,705.57,0.0003814600307119345
14200.0,618,1,3792.0,1,2,2,5,2,3792.0,1,1137.6,0.0006180000712855897
14694.0,618,1,2443.1,1,1,1,3,2,2443.1,1,732.93,0.0003964398596823652
17539.0,618,4,12265.7,1,3,3,7,2,3066.425,4,3679.71,0.00200982657070159
14990.0,613,2,3054.2,1,2,1,4,2,1527.1,2,916.2599999999999,0.0004968145689348898
15770.0,613,1,3214.5,1,1,1,3,2,3214.5,1,964.3499999999999,0.0005231442463905921
17477.0,613,2,11443.0,1,2,3,6,2,5721.5,2,3432.9,0.001874696030197496
13071.0,613,1,1292.2,1,1,1,3,2,1292.2,1,387.66,0.0002074016451859971
12711.0,612,2,13390.5,1,2,3,6,2,6695.25,2,4017.1499999999996,0.002194577794670236
15112.0,612,1,2094.0,1,1,1,3,2,2094.0,1,628.1999999999999,0.0003390993082177009
16941.0,612,1,330.0,1,1,1,3,2,330.0,1,99.0,4.9357879447526835e-05
13640.0,612,1,4050.0,1,1,2,4,2,4050.0,1,1215.0,0.0006603772190308873
15613.0,611,1,4337.2,1,1,2,4,2,4337.2,1,1301.1599999999999,0.0007075505400868929
17529.0,611,2,12402.5,1,2,3,6,2,6201.25,2,3720.75,0.002032296314157236
13163.0,611,1,176.5,1,2,1,4,2,176.5,1,52.949999999999996,2.4145119064181176e-05
14160.0,611,7,84214.7,1,4,4,9,2,12030.671428571428,7,25264.41,0.013827630458788471
13852.0,611,1,1873.5,1,1,1,3,2,1873.5,1,562.05,0.0003028816296214292
15309.0,611,4,7979.6,1,3,2,6,2,1994.9,4,2393.88,0.001305823884844536
13197.0,610,1,3730.1,1,2,2,5,2,3730.1,1,1119.03,0.0006078328408769311
18271.0,610,2,6808.5,1,2,2,5,2,3404.25,2,2042.55,0.001113467769633226
16944.0,610,1,1013.6,1,1,1,3,2,1013.6,1,304.08,0.00016164089572150132
12786.0,610,1,7285.0,1,1,2,4,2,7285.0,1,2185.5,0.0011917340909535139
13180.0,608,1,861.0,1,1,1,3,2,861.0,1,258.3,0.00013657596259773232
15546.0,607,2,10791.0,1,2,3,6,2,5395.5,2,3237.2999999999997,0.001767603393259767
12671.0,607,1,26224.8,1,1,4,6,2,26224.8,1,7867.44,0.004302643791986021
14791.0,607,1,3036.3,1,1,1,3,2,3036.3,1,910.89,0.0004938744489944216
15982.0,606,1,3245.1,1,1,1,3,2,3245.1,1,973.53,0.0005281703732161972
12459.0,606,1,4543.6,1,1,2,4,2,4543.6,1,1363.0800000000002,0.0007414522582831311
14172.0,606,3,4027.2,1,2,2,5,2,1342.3999999999999,3,1208.1599999999999,0.0006566322617882795
15771.0,605,3,10065.4,1,2,3,6,2,3355.133333333333,3,3019.62,0.0016484217715388835
17039.0,605,1,19549.9,1,1,3,5,2,19549.9,1,5864.97,0.0032062747087104916
15354.0,604,3,2844.0,1,2,1,4,2,948.0,3,853.1999999999999,0.00046228869119821714
16840.0,604,2,1398.5,1,2,1,4,2,699.25,2,419.55,0.00022486168706710224
13661.0,604,1,3252.4,1,1,1,3,2,3252.4,1,975.72,0.0005293694165438743
13287.0,604,3,7815.9,1,3,2,6,2,2605.2999999999997,3,2344.77,0.0012789357488526554
17626.0,603,1,2540.0,1,1,1,3,2,2540.0,1,762.0,0.00041235592796344794
15979.0,603,1,3292.2,1,1,1,3,2,3292.2,1,987.6599999999999,0.0005359066664673735
12969.0,603,1,1224.5,1,1,1,3,2,1224.5,1,367.34999999999997,0.00019628175021562248
17842.0,603,1,4306.9,1,1,2,4,2,4306.9,1,1292.07,0.0007025736890144801
13286.0,601,1,7349.1,1,1,2,4,2,7349.1,1,2204.73,0.001202262676885582
14845.0,600,1,1500.0,1,1,1,3,2,1500.0,1,450.0,0.00024153331689713212
17474.0,600,1,10470.0,1,1,3,5,2,10470.0,1,3141.0,0.001714878337344106
15682.0,600,2,3182.4,1,2,1,4,2,1591.2,2,954.72,0.0005178717407990261
15273.0,600,1,2289.6,1,1,1,3,2,2289.6,1,686.88,0.0003712270992990196
16548.0,600,1,301.5,1,1,1,3,2,301.5,1,90.45,4.467668289426722e-05
17825.0,599,4,7319.6,1,3,2,6,2,1829.9,4,2195.88,0.0011974172278216818
18134.0,599,2,4450.0,1,2,2,5,2,2225.0,2,1335.0,0.0007260782232871626
14812.0,599,1,1858.0,1,1,1,3,2,1858.0,1,557.4,0.0003003357157064985
13042.0,599,3,15565.4,1,3,3,7,2,5188.466666666666,3,4669.619999999999,0.0025518105800626683
12983.0,599,1,4900.8,1,1,2,4,2,4900.8,1,1470.24,0.0008001232550839849
12780.0,599,1,3374.0,1,1,1,3,2,3374.0,1,1012.1999999999999,0.0005493425218377819
17622.0,598,2,11302.1,1,2,3,6,2,5651.05,2,3390.63,0.001851552851448223
15455.0,598,1,382.5,1,1,1,3,2,382.5,1,114.75,5.798113625616297e-05
17681.0,598,5,7312.0,1,3,2,6,2,1462.4,5,2193.6,0.0011961689087408125
14917.0,597,2,11237.5,1,2,3,6,2,5618.75,2,3371.25,0.0018409421392608343
13698.0,597,2,4655.3,1,2,2,5,2,2327.65,2,1396.59,0.0007597992637216959
13935.0,597,3,61169.2,1,2,4,7,2,20389.733333333334,3,18350.76,0.01004234922481849
17729.0,597,1,4386.5,1,1,2,4,2,4386.5,1,1315.95,0.0007156481888614789
13625.0,597,1,3012.6,1,1,1,3,2,3012.6,1,903.78,0.0004899816644922372
14556.0,597,3,8353.4,1,3,2,6,2,2784.4666666666667,3,2506.02,0.0013672214733220253
17057.0,597,1,2947.4,1,1,1,3,2,2947.4,1,884.22,0.00047927240079846434
17240.0,597,1,1306.0,1,1,1,3,2,1306.0,1,391.8,0.0002096683298328386
15474.0,596,1,1631.0,1,1,1,3,2,1631.0,1,489.29999999999995,0.0002630503957910623
16028.0,596,1,822.0,1,1,1,3,2,822.0,1,246.6,0.00013017011468274546
15548.0,596,1,1580.9,1,1,1,3,2,1580.9,1,474.27,0.0002548213450079638
18091.0,594,1,3608.5,1,2,2,5,2,3608.5,1,1082.55,0.0005878597355830233
16585.0,594,2,3415.9,1,2,1,4,2,1707.95,2,1024.77,0.0005562247020336268
13609.0,594,1,1673.5,1,1,1,3,2,1673.5,1,502.04999999999995,0.0002700311274932915
16068.0,594,1,1229.3,1,1,1,3,2,1229.3,1,368.78999999999996,0.00019707016226669778
14743.0,593,1,504.8,1,1,1,3,2,504.8,1,151.44,7.806921830751914e-05
15586.0,593,3,11391.0,1,2,3,6,2,3797.0,3,3417.2999999999997,0.0018661548996441798
17093.0,593,1,2358.8,1,1,1,3,2,2358.8,1,707.64,0.0003825933730353552
14999.0,593,1,1294.8,1,1,1,3,2,1294.8,1,388.44,0.00020782870171366286
17959.0,593,1,1407.5,1,1,1,3,2,1407.5,1,422.25,0.00022633995966286845
14773.0,593,1,1405.5,1,1,1,3,2,1405.5,1,421.65,0.00022601145464158705
14677.0,593,1,1849.1,1,1,1,3,2,1849.1,1,554.7299999999999,0.0002988738683617963
16267.0,592,1,1866.6,1,1,1,3,2,1866.6,1,559.9799999999999,0.00030174828729800837
12392.0,592,1,2347.5,1,1,1,3,2,2347.5,1,704.25,0.0003807373196651154
16408.0,592,1,2319.3,1,1,1,3,2,2319.3,1,695.7900000000001,0.00037610539886504804
16543.0,592,1,2922.1,1,1,1,3,2,2922.1,1,876.63,0.0004751168122792549
16749.0,592,2,43870.8,1,2,4,7,2,21935.4,2,13161.24,0.007201043594751607
17185.0,592,3,2294.6,1,3,1,5,2,764.8666666666667,3,688.38,0.00037204836185222303
14471.0,592,2,4009.5,1,2,2,5,2,2004.75,2,1202.85,0.0006537249923499394
17605.0,591,1,1607.5,1,1,1,3,2,1607.5,1,482.25,0.0002591904617910061
12698.0,591,1,3397.5,1,1,1,3,2,3397.5,1,1019.25,0.0005532024558378381
13775.0,591,1,10496.6,1,1,3,5,2,10496.6,1,3148.98,0.0017192474541271483
14724.0,591,1,3452.5,1,1,1,3,2,3452.5,1,1035.75,0.000562236343923076
15954.0,590,1,1907.5,1,1,1,3,2,1907.5,1,572.25,0.00030846621498321257
14650.0,590,1,625.0,1,1,1,3,2,625.0,1,187.5,9.781237008652988e-05
18111.0,590,1,4058.5,1,1,2,4,2,4058.5,1,1217.55,0.0006617733653713331
14683.0,589,1,1465.6,1,1,1,3,2,1465.6,1,439.67999999999995,0.0002358830305310924
15818.0,589,1,3405.0,1,1,1,3,2,3405.0,1,1021.5,0.0005544343496676433
17565.0,587,1,1318.3,1,1,1,3,2,1318.3,1,395.48999999999995,0.00021168863571371902
15229.0,587,1,1605.0,1,1,1,3,2,1605.0,1,481.5,0.00025877983051440437
16651.0,587,1,1362.0,1,1,1,3,2,1362.0,1,408.59999999999997,0.0002188664704287171
12503.0,585,1,11260.0,1,1,3,5,2,11260.0,1,3378.0,0.0018446378207502498
13039.0,585,4,10107.3,1,3,3,7,2,2526.825,4,3032.1899999999996,0.0016553039517347282
18163.0,585,1,7288.4,1,1,2,4,2,7288.4,1,2186.52,0.0011922925494896922
15391.0,585,1,2898.7,1,1,1,3,2,2898.7,1,869.6099999999999,0.00047127330353026274
13143.0,585,1,4051.0,1,1,2,4,2,4051.0,1,1215.3,0.000660541471541528
18028.0,584,1,1920.5,1,1,1,3,2,1920.5,1,576.15,0.0003106014976215415
15868.0,584,1,945.3,1,1,1,3,2,945.3,1,283.59,0.0001504224492447423
13393.0,584,4,11314.5,1,3,3,7,2,2828.625,4,3394.35,0.0018535895825801674
15591.0,583,3,2179.0,1,3,1,5,2,726.3333333333334,3,653.6999999999999,0.00035306077162215944
17199.0,583,1,1451.2,1,1,1,3,2,1451.2,1,435.36,0.00023351779437786653
13175.0,583,2,8314.5,1,2,2,5,2,4157.25,2,2494.35,0.0013608320506581025
13400.0,583,1,3108.3,1,1,1,3,2,3108.3,1,932.49,0.0005057006297605511
18254.0,582,1,2679.0,1,1,1,3,2,2679.0,1,803.6999999999999,0.00043518702694250353
17798.0,582,1,1830.9,1,1,1,3,2,1830.9,1,549.27,0.00029588447266813586
17028.0,582,3,15938.3,1,3,3,7,2,5312.766666666666,3,4781.49,0.0026130603412805814
14814.0,582,1,1604.6,1,1,1,3,2,1604.6,1,481.37999999999994,0.00025871412951014805
14826.0,582,2,3852.0,1,2,2,5,2,1926.0,2,1155.6,0.000627855221924031
13830.0,582,1,1568.5,1,1,1,3,2,1568.5,1,470.54999999999995,0.00025278461387601923
17225.0,582,1,1311.5,1,1,1,3,2,1311.5,1,393.45,0.00021057171864136235
14678.0,580,1,4033.9,1,1,2,4,2,4033.9,1,1210.17,0.0006577327536095723
13007.0,580,1,1752.5,1,1,1,3,2,1752.5,1,525.75,0.0002830070758339059
18275.0,579,2,7418.5,1,2,2,5,2,3709.25,2,2225.5499999999997,0.0012136618011240456
17563.0,579,2,3923.8,1,2,2,5,2,1961.9,2,1177.14,0.0006396485521880325
14941.0,579,1,1821.0,1,1,1,3,2,1821.0,1,546.3,0.00029425837281279305
17077.0,579,1,3060.0,1,1,1,3,2,3060.0,1,918.0,0.0004977672334966058
13407.0,579,3,22447.0,1,3,3,7,2,7482.333333333333,3,6734.099999999999,0.003682130657287629
13051.0,579,2,1558.0,1,2,1,4,2,779.0,2,467.4,0.000251059962514292
14588.0,579,1,1353.9,1,1,1,3,2,1353.9,1,406.17,0.00021753602509252756
14361.0,579,1,2147.1,1,1,1,3,2,2147.1,1,644.13,0.0003478211165327215
13222.0,578,1,885.0,1,1,1,3,2,885.0,1,265.5,0.00014051802285310882
16487.0,578,2,2094.0,1,2,1,4,2,1047.0,2,628.1999999999999,0.0003390993082177009
13943.0,578,1,2465.4,1,1,1,3,2,2465.4,1,739.62,0.0004001026906696526
13834.0,577,2,3241.9,1,2,1,4,2,1620.95,2,972.5699999999999,0.000527644765182147
12905.0,577,2,10184.2,1,2,3,6,2,5092.1,2,3055.26,0.0016679349698029975
14391.0,577,1,1356.0,1,1,1,3,2,1356.0,1,406.8,0.000217880955364873
14685.0,577,8,46197.9,1,4,4,9,2,5774.7375,8,13859.37,0.007583275612263553
17016.0,577,1,5524.0,1,1,2,4,2,5524.0,1,1657.2,0.0009024854197152619
17484.0,577,2,2095.7,1,2,1,4,2,1047.85,2,628.7099999999999,0.0003393785374857901
12482.0,577,29,236914.0,1,4,4,9,2,8169.448275862069,29,71074.2,0.03890887385686412
15470.0,576,1,634.2,1,1,1,3,2,634.2,1,190.26000000000002,9.932349318442422e-05
12894.0,576,1,1573.5,1,1,1,3,2,1573.5,1,472.04999999999995,0.00025360587642922266
18197.0,576,1,2301.0,1,1,1,3,2,2301.0,1,690.3,0.0003730995779203234
12549.0,576,6,15756.8,1,3,3,7,2,2626.133333333333,6,4727.04,0.0025832485105992966
16088.0,576,2,14374.3,1,2,3,6,2,7187.15,2,4312.29,0.0023561694146385453
17113.0,575,6,23225.9,1,3,4,8,2,3870.9833333333336,6,6967.77,0.0038100669378256617
14982.0,573,1,2377.8,1,1,1,3,2,2377.8,1,713.34,0.0003857141707375283
16507.0,573,1,1527.6,1,1,1,3,2,1527.6,1,458.28,0.0002460666861908151
16922.0,573,1,6110.8,1,1,2,4,2,6110.8,1,1833.24,0.0009988687929592178
13432.0,572,2,4391.0,1,2,2,5,2,2195.5,2,1317.3,0.000716387325159362
14017.0,572,1,2297.5,1,1,1,3,2,2297.5,1,689.25,0.00037252469413308104
18157.0,572,1,2153.5,1,1,1,3,2,2153.5,1,646.05,0.0003488723326008219
15282.0,571,1,3485.9,1,1,1,3,2,3485.9,1,1045.77,0.0005677223777784751
14325.0,570,1,2454.8,1,1,1,3,2,2454.8,1,736.44,0.0003983616140568613
16664.0,570,1,1092.0,1,2,1,4,2,1092.0,1,327.59999999999997,0.00017451829255573127
16564.0,570,1,878.0,1,1,1,3,2,878.0,1,263.4,0.000139368255278624
17184.0,570,2,1984.1,1,2,1,4,2,992.05,2,595.2299999999999,0.00032104795729828923
13164.0,570,2,3722.0,1,2,2,5,2,1861.0,2,1116.6,0.0006065023955407415
13616.0,569,2,2881.0,1,2,1,4,2,1440.5,2,864.3,0.0004683660340919226
15559.0,569,1,11094.0,1,1,3,5,2,11094.0,1,3328.2,0.0018173719039838955
14464.0,569,2,1110.0,1,2,1,4,2,555.0,2,333.0,0.00017747483774726368
18208.0,566,1,3600.8,1,2,2,5,2,3600.8,1,1080.24,0.0005865949912510901
14010.0,566,2,4451.5,1,2,2,5,2,2225.75,2,1335.45,0.0007263246020531237
12773.0,565,1,1242.5,1,1,1,3,2,1242.5,1,372.75,0.00019923829540715487
14394.0,565,1,938.0,1,1,1,3,2,938.0,1,281.4,0.0001492234059170653
16831.0,565,1,918.0,1,1,1,3,2,918.0,1,275.4,0.0001459383557042515
18000.0,565,1,1242.5,1,1,1,3,2,1242.5,1,372.75,0.00019923829540715487
18052.0,565,1,108771.8,1,1,4,6,2,108771.8,1,32631.54,0.01786119578784292
15086.0,565,2,2185.3,1,2,1,4,2,1092.65,2,655.59,0.0003540955624391958
14993.0,564,1,361.3,1,1,1,3,2,361.3,1,108.39,5.449898303058038e-05
16328.0,564,1,3108.3,1,1,1,3,2,3108.3,1,932.49,0.0005057006297605511
15217.0,564,1,4262.4,1,1,2,4,2,4262.4,1,1278.7199999999998,0.0006952644522909693
16604.0,563,2,4324.5,1,2,2,5,2,2162.25,2,1297.35,0.0007054645332017561
16844.0,563,2,6143.4,1,2,2,5,2,3071.7,2,1843.0199999999998,0.001004223424806104
16046.0,563,1,2357.8,1,1,1,3,2,2357.8,1,707.34,0.00038242912052471455
15323.0,563,3,4346.0,1,2,2,5,2,1448.6666666666667,3,1303.8,0.000708995962180531
13020.0,563,2,6189.6,1,2,2,5,2,3094.8,2,1856.88,0.001011811890797704
14938.0,563,2,23224.3,1,2,4,7,2,11612.15,2,6967.29,0.0038098041338086364
17074.0,563,1,2030.5,1,1,1,3,2,2030.5,1,609.15,0.00032866927379201724
16067.0,563,3,33952.9,1,2,4,7,2,11317.633333333333,3,10185.87,0.0055720036194683254
16695.0,562,2,1931.5,1,2,1,4,2,965.75,2,579.4499999999999,0.00031240827523858905
15878.0,562,2,3307.7,1,2,1,4,2,1653.85,2,992.31,0.0005384525803823043
15278.0,562,4,4961.6,1,3,2,6,2,1240.4,4,1488.48,0.0008101098077309387
15340.0,562,1,1055.0,1,1,1,3,2,1055.0,1,316.5,0.0001684409496620258
12499.0,561,1,3937.2,1,1,2,4,2,3937.2,1,1181.1599999999999,0.0006418495358306176
16035.0,561,1,2177.3,1,1,1,3,2,2177.3,1,653.19,0.00035278154235407033
17583.0,561,1,1359.5,1,1,1,3,2,1359.5,1,407.84999999999997,0.00021845583915211538
17617.0,559,1,3953.3,1,1,2,4,2,3953.3,1,1185.99,0.0006444940012519327
12943.0,559,2,4965.0,1,2,2,5,2,2482.5,2,1489.5,0.000810668266267117
15711.0,557,2,4202.5,1,2,2,5,2,2101.25,2,1260.75,0.0006854257269035923
18038.0,557,1,1494.1,1,1,1,3,2,1494.1,1,448.22999999999996,0.00024056422708435202
14033.0,556,1,1094.4,1,2,1,4,2,1094.4,1,328.32,0.00017491249858126893
15305.0,556,1,936.0,1,1,1,3,2,936.0,1,280.8,0.00014889490089578392
12677.0,556,2,3951.0,1,2,2,5,2,1975.5,2,1185.3,0.0006441162204774591
16896.0,556,1,1039.5,1,1,1,3,2,1039.5,1,311.84999999999997,0.00016589503574709514
15715.0,556,5,6580.2,1,3,2,6,2,1316.04,5,1974.06,0.0010759689214539568
17845.0,556,4,5981.9,1,3,2,6,2,1495.475,4,1794.57,0.0009776966443376328
17216.0,555,1,650.5,1,1,1,3,2,650.5,1,195.15,0.00010200080910786743
16798.0,555,3,8487.1,1,2,2,5,2,2829.0333333333333,3,2546.13,0.0013891820339946854
15731.0,554,1,1253.0,1,1,1,3,2,1253.0,1,375.9,0.0002009629467688821
12675.0,554,2,9585.0,1,2,3,6,2,4792.5,2,2875.5,0.0015695148654270969
18206.0,554,1,3146.6,1,1,1,3,2,3146.6,1,943.9799999999999,0.0005119915009180894
16335.0,552,7,27740.0,1,4,4,9,2,3962.8571428571427,7,8322.0,0.004551519196108793
18137.0,552,2,1459.9,1,2,1,4,2,729.95,2,437.97,0.00023494679122044052
15956.0,552,2,6176.0,1,2,2,5,2,3088.0,2,1852.8,0.0010095780566529906
18234.0,552,1,1796.0,1,1,1,3,2,1796.0,1,538.8,0.00029015206004677583
17915.0,552,1,2421.3,1,1,1,3,2,2421.3,1,726.39,0.00039285915495039823
17009.0,552,1,2420.6,1,1,1,3,2,2420.6,1,726.18,0.0003927441781929497
13056.0,552,1,2094.8,1,1,1,3,2,2094.8,1,628.44,0.00033923071022621355
12911.0,552,1,16804.7,1,1,3,5,2,16804.7,1,5041.41,0.0027553687164996736
14786.0,551,1,909.6,1,1,1,3,2,909.6,1,272.88,0.00014455863461486975
14028.0,551,3,103965.0,1,3,4,8,2,34655.0,3,31189.5,0.01707166681969526
18100.0,551,1,4515.6,1,1,2,4,2,4515.6,1,1354.68,0.0007368531879851917
17784.0,551,1,1128.6,1,2,1,4,2,1128.6,1,338.58,0.00018052993444518046
14671.0,550,2,11274.5,1,2,3,6,2,5637.25,2,3382.35,0.0018470194821545397
17543.0,550,1,1200.5,1,1,1,3,2,1200.5,1,360.15,0.00019233968996024595
18103.0,550,1,1058.0,1,1,1,3,2,1058.0,1,317.4,0.00016893370719394787
14308.0,550,2,11470.2,1,2,3,6,2,5735.1,2,3441.06,0.0018791636984869225
17417.0,549,1,1641.8,1,1,1,3,2,1641.8,1,492.53999999999996,0.00026482432290598167
15352.0,549,1,1149.5,1,1,1,3,2,1149.5,1,344.84999999999997,0.00018396281191757085
17971.0,549,1,1619.4,1,1,1,3,2,1619.4,1,485.82,0.0002611450666676303
17808.0,549,4,2626.4,1,3,1,5,2,656.6,4,787.92,0.00042654734488280335
15684.0,548,3,1739.5,1,3,1,5,2,579.8333333333334,3,521.85,0.00028087179319557696
13438.0,548,1,465.0,1,1,1,3,2,465.0,1,139.5,7.153196838401975e-05
16862.0,548,4,6623.3,1,3,2,6,2,1655.825,4,1986.99,0.0010830482046625704
15183.0,548,3,6399.3,1,2,2,5,2,2133.1,3,1919.7899999999997,0.0010462556422790562
17032.0,548,8,30046.0,1,4,4,9,2,3755.75,8,9013.8,0.004930285485646219
17902.0,547,1,2164.0,1,1,1,3,2,2164.0,1,649.1999999999999,0.0003505969839625491
14255.0,547,1,10006.3,1,1,3,5,2,10006.3,1,3001.89,0.0016387144481600187
17246.0,547,2,389.2,1,2,1,4,2,194.6,2,116.75999999999999,5.9081628077455576e-05
13337.0,547,1,15752.6,1,1,3,5,2,15752.6,1,4725.78,0.0025825586500546056
13794.0,547,1,1260.3,1,1,1,3,2,1260.3,1,378.09,0.00020216199009655912
16547.0,547,1,1117.1,1,2,1,4,2,1117.1,1,335.12999999999994,0.00017864103057281254
16132.0,545,2,6642.0,1,2,2,5,2,3321.0,2,1992.6,0.0010861197266115513
13190.0,545,3,5706.6,1,2,2,5,2,1902.2,3,1711.98,0.0009324779281582516
13619.0,545,2,2316.9,1,2,1,4,2,1158.45,2,695.07,0.0003757111928395104
17922.0,544,1,1704.0,1,1,1,3,2,1704.0,1,511.2,0.0002750408290678325
18020.0,544,1,1904.8,1,1,1,3,2,1904.8,1,571.4399999999999,0.00030802273320448267
13383.0,544,1,3052.8,1,1,1,3,2,3052.8,1,915.84,0.0004965846154199929
16622.0,544,1,2254.0,1,1,1,3,2,2254.0,1,676.1999999999999,0.00036537970992021104
15905.0,544,1,1146.9,1,1,1,3,2,1146.9,1,344.07,0.00018353575538990508
15816.0,543,2,1441.5,1,2,1,4,2,720.75,2,432.45,0.00023192454502465185
15926.0,543,1,1344.4,1,1,1,3,2,1344.4,1,403.32,0.000215975626241441
17020.0,543,2,9356.2,1,2,3,6,2,4678.1,2,2806.86,0.0015319338909925075
16538.0,542,3,3996.2,1,2,2,5,2,1332.0666666666666,3,1198.86,0.0006515404339584182
13586.0,542,1,1315.3,1,1,1,3,2,1315.3,1,394.59,0.00021119587818179696
15040.0,542,1,74.9,1,1,1,3,2,74.9,1,22.470000000000002,7.45706398308725e-06
14374.0,542,1,1080.0,1,1,1,3,2,1080.0,1,324.0,0.00017254726242804303
13112.0,542,1,206.0,1,1,1,3,2,206.0,1,61.8,2.899056812808148e-05
17401.0,542,1,1148.5,1,1,1,3,2,1148.5,1,344.55,0.0001837985594069302
16925.0,541,1,1256.5,1,1,1,3,2,1256.5,1,376.95,0.0002015378305561245
12746.0,541,1,2545.5,1,1,1,3,2,2545.5,1,763.65,0.0004132593167719717
16492.0,541,1,3855.6,1,1,2,4,2,3855.6,1,1156.6799999999998,0.0006284465309623374
17953.0,541,1,1608.2,1,1,1,3,2,1608.2,1,482.46,0.0002593054385484546
17610.0,541,5,15294.9,1,3,3,7,2,3058.98,5,4588.469999999999,0.002507380275934362
15718.0,541,1,2937.9,1,1,1,3,2,2937.9,1,881.37,0.0004777120019473778
16661.0,541,4,9866.3,1,3,3,7,2,2466.575,4,2959.89,0.0016157190966703224
13608.0,541,1,2362.0,1,1,1,3,2,2362.0,1,708.6,0.0003831189810694054
12932.0,540,8,16985.6,1,4,3,8,2,2123.2,8,5095.679999999999,0.002785081995674574
13676.0,540,2,2439.0,1,2,1,4,2,1219.5,2,731.6999999999999,0.0003957664243887384
14919.0,540,1,3593.5,1,2,2,5,2,3593.5,1,1078.05,0.0005853959479234131
15538.0,538,6,33584.0,1,3,4,8,2,5597.333333333333,6,10075.199999999999,0.005511410868292974
18128.0,538,1,4200.4,1,1,2,4,2,4200.4,1,1260.12,0.0006850807966312468
16486.0,538,1,1343.6,1,1,1,3,2,1343.6,1,403.08,0.00021584422423292845
17192.0,537,1,778.3,1,1,1,3,2,778.3,1,233.48999999999998,0.00012299227996774738
16390.0,537,3,4675.0,1,2,2,5,2,1558.3333333333333,3,1402.5,0.0007630350381813175
15126.0,537,2,4494.9,1,2,2,5,2,2247.45,2,1348.4699999999998,0.0007334531610149294
14874.0,536,1,1161.8,1,1,1,3,2,1161.8,1,348.53999999999996,0.0001859831177984513
12774.0,536,1,987.0,1,1,1,3,2,987.0,1,296.09999999999997,0.000157271778938459
12634.0,536,2,4900.0,1,2,2,5,2,2450.0,2,1470.0,0.0007999918530754724
12810.0,535,2,5349.9,1,2,2,5,2,2674.95,2,1604.9699999999998,0.0008738890576127179
13942.0,535,1,3200.0,1,1,1,3,2,3200.0,1,960.0,0.0005207625849863022
14509.0,535,1,1109.5,1,2,1,4,2,1109.5,1,332.84999999999997,0.0001773927114919433
15913.0,535,1,63.0,1,1,1,3,2,63.0,1,18.9,5.502459106463057e-06
17304.0,535,1,1115.0,1,2,1,4,2,1115.0,1,334.5,0.0001782961003004671
15991.0,535,1,1505.5,1,1,1,3,2,1505.5,1,451.65,0.0002424367057056559
17099.0,534,1,5821.7,1,1,2,4,2,5821.7,1,1746.51,0.0009513833921329947
16683.0,534,1,3202.5,1,1,1,3,2,3202.5,1,960.75,0.000521173216262904
13057.0,531,3,7220.9,1,3,2,6,2,2406.9666666666667,3,2166.27,0.0011812055050214457
13585.0,531,3,6845.4,1,2,2,5,2,2281.7999999999997,3,2053.62,0.0011195286872758674
18214.0,531,4,17803.4,1,3,3,7,2,4450.85,4,5341.02,0.0029194076988765297
15102.0,531,2,5546.7,1,2,2,5,2,2773.35,2,1664.01,0.0009062139517068055
16453.0,531,2,2517.1,1,2,1,4,2,1258.55,2,755.13,0.00040859454546977614
17437.0,530,1,3731.7,1,2,2,5,2,3731.7,1,1119.51,0.0006080956448939562
12485.0,530,1,7081.0,1,1,2,4,2,7081.0,1,2124.2999999999997,0.0011582265787828134
12799.0,530,1,2193.5,1,1,1,3,2,2193.5,1,658.05,0.0003554424330264494
16733.0,530,1,2596.8,1,1,1,3,2,2596.8,1,779.0400000000001,0.0004216854705678391
12741.0,530,2,4060.7,1,2,2,5,2,2030.35,2,1218.2099999999998,0.0006621347208947425
14774.0,529,1,2414.5,1,1,1,3,2,2414.5,1,724.35,0.00039174223787804153
12529.0,529,1,3164.8,1,1,1,3,2,3164.8,1,949.44,0.00051498089661175
14835.0,529,2,2970.0,1,2,1,4,2,1485.0,2,891.0,0.00048298450753894387
17332.0,529,5,8382.7,1,3,2,6,2,1676.5400000000002,5,2514.81,0.0013720340718837974
13620.0,529,1,1123.4,1,2,1,4,2,1123.4,1,337.02000000000004,0.00017967582138984892
17748.0,528,1,3581.5,1,2,2,5,2,3581.5,1,1074.45,0.0005834249177957249
15486.0,528,1,1020.0,1,1,1,3,2,1020.0,1,306.0,0.00016269211178960173
13872.0,528,3,9195.7,1,2,3,6,2,3065.2333333333336,3,2758.71,0.001505571363034677
15851.0,527,1,1097.3,1,2,1,4,2,1097.3,1,329.19,0.00017538883086212694
14366.0,526,1,1360.0,1,1,1,3,2,1360.0,1,408.0,0.00021853796540743575
13125.0,524,1,1585.7,1,1,1,3,2,1585.7,1,475.71,0.00025560975705903906
16974.0,523,2,3655.0,1,2,2,5,2,1827.5,2,1096.5,0.0005954974773278155
14900.0,523,1,139.2,1,1,1,3,2,139.2,1,41.76,1.8018500417283504e-05
16158.0,523,9,6283.2,1,4,2,7,2,698.1333333333333,9,1884.9599999999998,0.0010271859257936723
12469.0,523,2,30705.4,1,2,4,7,2,15352.7,2,9211.62,0.00503859359116269
12730.0,522,1,8292.5,1,2,2,5,2,8292.5,1,2487.75,0.0013572184954240073
15650.0,522,2,5538.8,1,2,2,5,2,2769.4,2,1661.64,0.0009049163568727441
12825.0,522,2,5186.3,1,2,2,5,2,2593.15,2,1555.89,0.0008470173468719015
14876.0,522,2,2567.0,1,2,1,4,2,1283.5,2,770.1,0.00041679074575074653
15137.0,521,2,8234.0,1,2,2,5,2,4117.0,2,2470.2,0.001347609723551527
12632.0,521,2,8048.8,1,2,2,5,2,4024.4,2,2414.64,0.0013171901585808715
17129.0,521,1,318.5,1,1,1,3,2,318.5,1,95.55,4.746897557515891e-05
14279.0,521,2,1918.6,1,2,1,4,2,959.3,2,575.5799999999999,0.0003102894178513242
15056.0,521,1,1334.5,1,1,1,3,2,1334.5,1,400.34999999999997,0.00021434952638609817
16649.0,521,1,3065.8,1,1,1,3,2,3065.8,1,919.74,0.0004987198980583218
16443.0,521,1,1622.4,1,1,1,3,2,1622.4,1,486.72,0.00026163782419955236
18279.0,520,1,2313.4,1,1,1,3,2,2313.4,1,694.02,0.00037513630905226797
14695.0,520,3,16200.7,1,3,3,7,2,5400.233333333334,3,4860.21,0.0026561602000726983
16544.0,520,4,3767.0,1,3,2,6,2,941.75,4,1130.1,0.0006138937585195725
13997.0,520,3,3823.1,1,3,2,6,2,1274.3666666666666,3,1146.9299999999998,0.000623108324366515
14580.0,519,1,148.5,1,1,1,3,2,148.5,1,44.55,1.9546048766241905e-05
14516.0,517,1,1639.2,1,1,1,3,2,1639.2,1,491.76,0.0002643972663783159
13595.0,517,3,8182.2,1,3,2,6,2,2727.4,3,2454.6600000000003,0.0013391014435003396
18238.0,516,1,2709.2,1,1,1,3,2,2709.2,1,812.7599999999999,0.0004401474527638523
17847.0,516,2,1296.9,1,2,1,4,2,648.45,2,389.07,0.0002081736319860083
13779.0,516,1,1611.3,1,1,1,3,2,1611.3,1,483.39,0.0002598146213314407
14069.0,515,2,2300.6,1,2,1,4,2,1150.3,2,690.18,0.0003730338769160671
17773.0,515,2,5852.7,1,2,2,5,2,2926.35,2,1755.81,0.000956475219962856
14007.0,513,1,794.8,1,1,1,3,2,794.8,1,238.43999999999997,0.00012570244639331874
13559.0,513,2,9900.0,1,2,3,6,2,4950.0,2,2970.0,0.0016212544062789136
14084.0,513,1,1505.0,1,1,1,3,2,1505.0,1,451.5,0.00024235457945033555
15259.0,513,4,11823.8,1,3,3,7,2,2955.95,4,3547.14,0.0019372433862494699
17145.0,513,4,31209.1,1,3,4,8,2,7802.275,4,9362.73,0.005121327580772404
16251.0,513,1,1283.1,1,1,1,3,2,1283.1,1,384.92999999999995,0.00020590694733916678
16435.0,513,3,10115.7,1,2,3,6,2,3371.9,3,3034.71,0.0016566836728241102
15542.0,513,3,9184.5,1,2,3,6,2,3061.5,3,2755.35,0.0015037317349155012
17559.0,513,1,1676.2,1,1,1,3,2,1676.2,1,502.86,0.0002704746092720214
13074.0,512,4,13787.4,1,3,3,7,2,3446.85,4,4136.219999999999,0.0022597696161435247
14486.0,512,2,1755.0,1,2,1,4,2,877.5,2,526.5,0.0002834177071105076
14430.0,512,3,12209.0,1,3,3,7,2,4069.6666666666665,3,3662.7,0.0020005134533482628
14674.0,510,1,1736.6,1,1,1,3,2,1736.6,1,520.9799999999999,0.0002803954609147189
18021.0,510,2,2270.6,1,2,1,4,2,1135.3,2,681.18,0.0003681063015968465
14563.0,510,2,6794.4,1,2,2,5,2,3397.2,2,2038.3199999999997,0.001111151809233192
17261.0,510,1,2304.4,1,1,1,3,2,2304.4,1,691.32,0.0003736580364565018
17541.0,510,1,1244.6,1,1,1,3,2,1244.6,1,373.37999999999994,0.0001995832256795003
15633.0,510,13,43524.6,1,4,4,9,2,3348.0461538461536,13,13057.38,0.0071441793755678005
13734.0,509,4,67016.4,1,3,4,8,2,16754.1,4,20104.92,0.011002766505036721
17395.0,509,1,975.0,1,1,1,3,2,975.0,1,292.5,0.00015530074881077075
15788.0,509,1,2218.3,1,1,1,3,2,2218.3,1,665.49,0.00035951589529033853
16467.0,509,7,28691.6,1,3,4,8,2,4098.8,7,8607.48,0.004707821885234471
14061.0,508,3,9174.3,1,2,3,6,2,3058.1,3,2752.2899999999995,0.001502056359306966
14797.0,508,1,3003.1,1,1,1,3,2,3003.1,1,900.93,0.0004884212656411506
13913.0,507,1,422.2,1,1,1,3,2,422.2,1,126.66,6.450196092859829e-05
14858.0,506,1,1807.5,1,1,1,3,2,1807.5,1,542.25,0.00029204096391914375
13788.0,506,1,37.5,1,1,1,3,2,37.5,1,11.25,1.3140200851255065e-06
16165.0,506,1,799.0,1,1,1,3,2,799.0,1,239.7,0.00012639230693800964
13371.0,506,2,22976.6,1,2,3,6,2,11488.3,2,6892.98,0.0037691187869229375
14166.0,506,2,2568.5,1,2,1,4,2,1284.25,2,770.55,0.00041703712451670753
16736.0,506,5,29565.6,1,3,4,8,2,5913.12,5,8869.679999999998,0.0048513785795344325
17177.0,506,1,1195.0,1,1,1,3,2,1195.0,1,358.5,0.00019143630115172217
12595.0,505,1,2990.2,1,1,1,3,2,2990.2,1,897.06,0.00048630240825388576
18132.0,505,1,2269.0,1,1,1,3,2,2269.0,1,680.6999999999999,0.00036784349757982133
13201.0,503,4,12406.1,1,3,3,7,2,3101.525,4,3721.83,0.0020328876231955426
16894.0,503,3,13240.6,1,3,3,7,2,4413.533333333334,3,3972.1800000000003,0.002169956343325197
15946.0,503,3,23041.8,1,3,3,7,2,7680.599999999999,3,6912.54,0.0037798280506167107
15431.0,503,1,1532.4,1,1,1,3,2,1532.4,1,459.72,0.0002468550982418904
16075.0,503,2,7369.3,1,2,2,5,2,3684.65,2,2210.79,0.001205580577600524
17112.0,503,1,2051.7,1,1,1,3,2,2051.7,1,615.5099999999999,0.00033215142701759976
14115.0,502,2,6226.7,1,2,2,5,2,3113.35,2,1868.0099999999998,0.0010179056589424734
14435.0,502,1,904.2,1,1,1,3,2,904.2,1,271.26,0.00014367167105741003
13433.0,502,4,6583.2,1,3,2,6,2,1645.8,4,1974.9599999999998,0.0010764616789858787
15015.0,502,13,23650.2,1,4,4,9,2,1819.246153846154,13,7095.06,0.003879759278090506
12813.0,502,3,16878.0,1,3,3,7,2,5626.0,3,5063.4,0.002767408425529636
17224.0,502,1,1008.6,1,1,1,3,2,1008.6,1,302.58,0.00016081963316829788
17494.0,502,1,547.0,1,1,1,3,2,547.0,1,164.1,8.500067425655619e-05
14384.0,501,1,585.0,1,1,1,3,2,585.0,1,175.5,9.124226966090235e-05
15284.0,501,1,247.5,1,1,1,3,2,247.5,1,74.25,3.580704731967005e-05
12801.0,501,1,10718.2,1,1,3,5,2,10718.2,1,3215.46,0.0017556458104851249
16219.0,501,1,408.0,1,1,1,3,2,408.0,1,122.39999999999999,6.216957527750052e-05
17918.0,501,3,3963.9,1,2,2,5,2,1321.3,3,1189.1699999999998,0.000646235077864724
13855.0,501,4,13103.4,1,3,3,7,2,3275.85,4,3931.0199999999995,0.0021474208988652944
18026.0,501,2,20740.7,1,2,3,6,2,10370.35,2,6222.21,0.003401866598381423
13796.0,500,1,2897.0,1,1,1,3,2,2897.0,1,869.1,0.00047099407426217364
15331.0,500,3,7679.1,1,2,2,5,2,2559.7000000000003,3,2303.73,0.0012564660053970091
18207.0,500,1,5444.7,1,1,2,4,2,5444.7,1,1633.4099999999999,0.0008894601956214551
15873.0,500,4,3139.2,1,3,1,5,2,784.8,4,941.7599999999999,0.0005107760323393483
16937.0,500,1,2021.0,1,1,1,3,2,2021.0,1,606.3,0.0003271088749409307
14833.0,499,1,948.0,1,1,1,3,2,948.0,1,284.4,0.00015086593102347216
17168.0,499,1,4002.0,1,1,2,4,2,4002.0,1,1200.6,0.0006524930985201342
12737.0,499,2,37105.0,1,2,4,7,2,18552.5,2,11131.5,0.0060897439582588385
12525.0,499,3,9737.3,1,2,3,6,2,3245.7666666666664,3,2921.1899999999996,0.0015945305227976735
18264.0,499,1,6032.5,1,1,2,4,2,6032.5,1,1809.75,0.0009860078213760517
17448.0,498,46,145569.7,1,4,4,9,2,3164.5586956521743,46,43670.91,0.023905343249147903
13766.0,496,1,1903.5,1,1,1,3,2,1903.5,1,571.05,0.0003078092049406498
15077.0,495,2,24280.8,1,2,4,7,2,12140.4,2,7284.24,0.003983336911300523
15200.0,495,1,5490.5,1,1,2,4,2,5490.5,1,1647.1499999999999,0.0008969829606087987
14253.0,494,2,3634.0,1,2,2,5,2,1817.0,2,1090.2,0.000592048174604361
17665.0,494,1,5631.0,1,1,2,4,2,5631.0,1,1689.3,0.0009200604383538155
13679.0,494,3,2812.6,1,2,1,4,2,937.5333333333333,3,843.78,0.00045713116236409954
16334.0,493,1,2774.8,1,1,1,3,2,2774.8,1,832.44,0.00045092241746188155
15387.0,493,1,4686.5,1,1,2,4,2,4686.5,1,1405.95,0.0007649239420536854
15798.0,493,3,15353.7,1,3,3,7,2,5117.900000000001,3,4606.11,0.002517038323560035
15369.0,493,11,62512.6,1,4,4,9,2,5682.963636363636,11,18753.78,0.010263006047613191
16417.0,493,1,357.0,1,1,1,3,2,357.0,1,107.1,5.379269723482541e-05
12998.0,493,3,9200.8,1,2,3,6,2,3066.933333333333,3,2760.24,0.0015064090508389444
13084.0,492,1,1224.0,1,1,1,3,2,1224.0,1,367.2,0.00019619962396030214
15403.0,492,2,1708.8,1,2,1,4,2,854.4,2,512.64,0.00027582924111890783
14043.0,492,2,3042.5,1,2,1,4,2,1521.25,2,912.75,0.0004948928145603938
14521.0,492,1,1994.5,1,1,1,3,2,1994.5,1,598.35,0.00032275618340895247
17156.0,492,1,5918.7,1,1,2,4,2,5918.7,1,1775.61,0.0009673158856651414
15908.0,491,2,7645.7,1,2,2,5,2,3822.85,2,2293.71,0.0012509799715416101
16196.0,489,1,933.0,1,1,1,3,2,933.0,1,279.9,0.00014840214336386183
16939.0,489,3,4490.0,1,2,2,5,2,1496.6666666666667,3,1347.0,0.0007326483237127901
14575.0,489,1,4607.1,1,1,2,4,2,4607.1,1,1382.13,0.0007518822927088148
17482.0,488,2,7781.9,1,2,2,5,2,3890.95,2,2334.5699999999997,0.0012733511634908717
13653.0,488,1,1522.0,1,1,1,3,2,1522.0,1,456.59999999999997,0.0002451468721312272
15595.0,488,1,3576.0,1,2,2,5,2,3576.0,1,1072.8,0.0005825215289872011
15013.0,488,10,16413.0,1,4,3,8,2,1641.3,10,4923.9,0.0026910310080817163
13783.0,488,4,15420.9,1,3,3,7,2,3855.225,4,4626.2699999999995,0.0025280760922750892
14144.0,487,1,306.0,1,1,1,3,2,306.0,1,91.8,4.541581919215031e-05
12745.0,487,3,9254.1,1,2,3,6,2,3084.7000000000003,3,2776.23,0.0015151637096560931
13839.0,487,1,1399.5,1,1,1,3,2,1399.5,1,419.84999999999997,0.00022502593957774293
14822.0,486,1,1577.0,1,1,1,3,2,1577.0,1,473.09999999999997,0.0002541807602164651
12771.0,486,1,2823.0,1,1,1,3,2,2823.0,1,846.9,0.00045883938847476267
14736.0,486,2,4010.8,1,2,2,5,2,2005.4,2,1203.24,0.0006539385206137723
16632.0,486,2,4064.0,1,2,2,5,2,2032.0,2,1219.2,0.000662676754179857
12542.0,485,2,4818.8,1,2,2,5,2,2409.4,2,1445.64,0.0007866545492114485
14630.0,485,1,3386.5,1,1,1,3,2,3386.5,1,1015.9499999999999,0.0005513956782207905
12959.0,485,1,1509.5,1,1,1,3,2,1509.5,1,452.84999999999997,0.00024309371574821864
13150.0,485,3,4499.7,1,2,2,5,2,1499.8999999999999,3,1349.9099999999999,0.0007342415730660048
14872.0,484,3,8166.0,1,3,2,6,2,2722.0,3,2449.7999999999997,0.0013364405528279602
14153.0,484,1,2334.0,1,1,1,3,2,2334.0,1,700.1999999999999,0.0003785199107714661
16631.0,482,7,18925.2,1,4,3,8,2,2703.6,7,5677.56,0.0031036661653132537
14996.0,482,2,4422.9,1,2,2,5,2,2211.45,2,1326.87,0.0007216269802487999
15893.0,482,1,3052.8,1,1,1,3,2,3052.8,1,915.84,0.0004965846154199929
14097.0,482,2,4228.6,1,2,2,5,2,2114.3,2,1268.5800000000002,0.0006897127174313143
15008.0,481,2,3600.0,1,2,2,5,2,1800.0,2,1080.0,0.0005864635892425775
12687.0,481,2,21389.1,1,2,3,6,2,10694.55,2,6416.73,0.003508367926280845
14011.0,481,2,4578.2,1,2,2,5,2,2289.1,2,1373.4599999999998,0.0007471353951512987
13063.0,481,1,1884.0,1,1,1,3,2,1884.0,1,565.1999999999999,0.00030460628098315636
14749.0,480,1,3101.5,1,1,1,3,2,3101.5,1,930.4499999999999,0.0005045837126881943
15072.0,480,1,1875.2,1,1,1,3,2,1875.2,1,562.56,0.00030316085888951834
14531.0,480,1,3763.4,1,2,2,5,2,3763.4,1,1129.02,0.000613302449481266
15310.0,479,1,16346.4,1,1,3,5,2,16346.4,1,4903.92,0.0026800917908730466
15268.0,479,3,9619.0,1,2,3,6,2,3206.3333333333335,3,2885.7,0.0015750994507888803
17627.0,479,1,2963.6,1,1,1,3,2,2963.6,1,889.0799999999999,0.00048193329147084343
17745.0,478,2,6003.4,1,2,2,5,2,3001.7,2,1801.0199999999998,0.0009812280733164076
16299.0,478,1,1936.5,1,1,1,3,2,1936.5,1,580.9499999999999,0.0003132295377917925
16286.0,478,2,3289.5,1,2,1,4,2,1644.75,2,986.8499999999999,0.0005354631846886437
17599.0,478,1,520.5,1,1,1,3,2,520.5,1,156.15,8.064798272457796e-05
16890.0,477,3,2854.1,1,2,1,4,2,951.3666666666667,3,856.2299999999999,0.00046394764155568806
13965.0,477,3,9966.1,1,2,3,6,2,3322.0333333333333,3,2989.83,0.0016321114972322633
16294.0,477,1,1260.5,1,1,1,3,2,1260.5,1,378.15,0.00020219484059868725
16562.0,477,1,2238.6,1,1,1,3,2,2238.6,1,671.5799999999999,0.0003628502212563444
16234.0,477,3,3331.8,1,2,1,4,2,1110.6000000000001,3,999.54,0.0005424110658887449
17699.0,477,2,4420.0,1,2,2,5,2,2210.0,2,1326.0,0.0007211506479679419
18286.0,477,2,12964.3,1,2,3,6,2,6482.15,2,3889.2899999999995,0.0021245733746351747
16396.0,477,1,1378.0,1,1,1,3,2,1378.0,1,413.4,0.0002214945105989681
15702.0,477,2,1403.9,1,2,1,4,2,701.95,2,421.17,0.00022574865062456197
17471.0,475,1,3216.5,1,1,1,3,2,3216.5,1,964.9499999999999,0.0005234727514118735
15055.0,475,3,5600.7,1,2,2,5,2,1866.8999999999999,3,1680.2099999999998,0.0009150835872814025
16004.0,475,5,21463.9,1,3,3,7,2,4292.780000000001,5,6439.17,0.0035206540140767686
14767.0,475,1,3828.1,1,2,2,5,2,3828.1,1,1148.4299999999998,0.0006239295869197185
14187.0,474,1,1235.0,1,1,1,3,2,1235.0,1,370.5,0.00019800640157734972
15003.0,474,6,10607.0,1,3,3,7,2,1767.8333333333333,6,3182.1,0.0017373809313018804
18140.0,474,1,5364.1,1,1,2,4,2,5364.1,1,1609.23,0.0008762214432638158
18124.0,473,1,1115.3,1,2,1,4,2,1115.3,1,334.59,0.00017834537605365932
13123.0,473,2,5067.5,1,2,2,5,2,2533.75,2,1520.25,0.0008275041486077876
13415.0,473,4,8006.7,1,3,2,6,2,2001.675,4,2402.0099999999998,0.0013102751278828986
13361.0,473,2,14505.0,1,2,3,6,2,7252.5,2,4351.5,0.002377637217779283
17292.0,473,2,2717.5,1,2,1,4,2,1358.75,2,815.25,0.0004415107486021701
17336.0,473,1,811.2,1,1,1,3,2,811.2,1,243.36,0.00012839618756782604
12765.0,473,6,14045.8,1,3,3,7,2,2340.9666666666667,6,4213.74,0.002302212464893079
15666.0,473,2,6329.4,1,2,2,5,2,3164.7,2,1898.8199999999997,0.001034774391785272
17963.0,472,4,6515.1,1,3,2,6,2,1628.775,4,1954.53,0.001065276083011248
14787.0,472,1,1106.5,1,2,1,4,2,1106.5,1,331.95,0.00017689995396002125
14260.0,472,3,8242.8,1,3,2,6,2,2747.6,3,2472.8399999999997,0.001349055145645165
14268.0,471,1,3548.5,1,2,2,5,2,3548.5,1,1064.55,0.000578004584944582
16288.0,471,1,1298.5,1,1,1,3,2,1298.5,1,389.55,0.00020843643600303342
17005.0,471,2,7423.6,1,2,2,5,2,3711.8,2,2227.08,0.0012144994889283132
12800.0,471,3,5842.5,1,2,2,5,2,1947.5,3,1752.75,0.000954799844354321
13024.0,471,2,5558.7,1,2,2,5,2,2779.35,2,1667.61,0.0009081849818344936
16375.0,471,2,1040.0,1,2,1,4,2,520.0,2,312.0,0.0001659771620024155
14026.0,471,2,7131.1,1,2,2,5,2,3565.55,2,2139.33,0.0011664556295659118
16197.0,470,9,20167.1,1,4,3,8,2,2240.788888888889,9,6050.129999999999,0.003307651358277924
14949.0,470,4,5150.0,1,3,2,6,2,1287.5,4,1545.0,0.0008410549807356444
13478.0,470,5,22157.8,1,3,3,7,2,4431.5599999999995,5,6647.339999999998,0.0036346288312103414
17270.0,470,2,6044.0,1,2,2,5,2,3022.0,2,1813.2,0.0009878967252484197
16870.0,470,1,4501.6,1,1,2,4,2,4501.6,1,1350.48,0.0007345536528362221
15430.0,468,2,9547.5,1,2,3,6,2,4773.75,2,2864.25,0.0015633553962780711
17792.0,468,2,3700.5,1,2,2,5,2,1850.25,2,1110.1499999999999,0.0006029709665619666
13540.0,468,3,6323.9,1,2,2,5,2,2107.9666666666667,3,1897.1699999999998,0.0010338710029767482
15784.0,468,2,8483.3,1,2,2,5,2,4241.65,2,2544.99,0.0013885578744542504
15166.0,468,1,1671.6,1,1,1,3,2,1671.6,1,501.47999999999996,0.0002697190477230742
12804.0,466,2,3270.2,1,2,1,4,2,1635.1,2,981.06,0.0005322931112332784
16819.0,466,2,1825.9,1,2,1,4,2,912.95,2,547.77,0.00029506321011493243
14433.0,466,1,2896.0,1,1,1,3,2,2896.0,1,868.8,0.00047082982175153295
13714.0,466,1,1613.5,1,1,1,3,2,1613.5,1,484.04999999999995,0.0002601759768548502
17753.0,465,4,3905.6,1,3,2,6,2,976.4,4,1171.6799999999998,0.0006366591564943719
14025.0,465,8,40579.0,1,4,4,9,2,5072.375,8,12173.699999999999,0.006660357180224589
16290.0,465,4,20693.0,1,3,3,7,2,5173.25,4,6207.9,0.003394031753623862
18258.0,465,6,20596.7,1,3,3,7,2,3432.7833333333333,6,6179.01,0.003378214236849164
13399.0,465,3,2754.0,1,3,1,5,2,918.0,3,826.1999999999999,0.0004475059652405552
17215.0,465,1,1861.5,1,1,1,3,2,1861.5,1,558.4499999999999,0.0003009105994937409
18182.0,464,1,2911.3,1,1,1,3,2,2911.3,1,873.39,0.00047334288516433546
15564.0,464,2,707.4,1,2,1,4,2,353.7,2,212.22,0.00011134677696332259
13472.0,464,2,5922.4,1,2,2,5,2,2961.2,2,1776.7199999999998,0.000967923619954512
13916.0,464,4,12758.1,1,3,3,7,2,3189.525,4,3827.43,0.0020907045069410647
14283.0,464,4,6284.4,1,3,2,6,2,1571.1,4,1885.3199999999997,0.001027383028806441
16993.0,464,2,19509.5,1,2,3,6,2,9754.75,2,5852.849999999999,0.0031996389072806073
15191.0,464,3,5880.5,1,2,2,5,2,1960.1666666666667,3,1764.1499999999999,0.0009610414397586671
12898.0,464,2,3109.6,1,2,1,4,2,1554.8,2,932.8799999999999,0.0005059141580243839
15779.0,464,2,1240.8,1,2,1,4,2,620.4,2,372.23999999999995,0.00019895906613906568
12788.0,464,4,4449.0,1,3,2,6,2,1112.25,4,1334.7,0.0007259139707765219
15094.0,464,2,830.0,1,2,1,4,2,415.0,2,249.0,0.00013148413476787098
13346.0,463,6,2994.0,1,3,1,5,2,499.0,6,898.1999999999999,0.00048692656779432034
14058.0,463,2,4691.9,1,2,2,5,2,2345.95,2,1407.57,0.0007658109056111451
14086.0,463,1,399.5,1,1,1,3,2,399.5,1,119.85,6.077342893705467e-05
15378.0,463,2,2465.0,1,2,1,4,2,1232.5,2,739.5,0.0004000369896653963
12440.0,463,2,8592.0,1,2,2,5,2,4296.0,2,2577.6,0.0014064121223608934
16100.0,463,1,5826.4,1,1,2,4,2,5826.4,1,1747.9199999999998,0.0009521553789330058
16289.0,463,1,1363.1,1,1,1,3,2,1363.1,1,408.92999999999995,0.00021904714819042187
15751.0,461,11,13804.4,1,4,3,8,2,1254.9454545454546,11,4141.320000000001,0.0022625619088244174
15461.0,461,2,4297.0,1,2,2,5,2,2148.5,2,1289.1,0.0007009475891591372
14318.0,461,1,1580.2,1,1,1,3,2,1580.2,1,474.06,0.0002547063682505153
13250.0,461,2,2560.4,1,2,1,4,2,1280.2,2,768.12,0.000415706679180518
16246.0,460,2,8272.5,1,2,2,5,2,4136.25,2,2481.75,0.0013539334452111935
12859.0,459,1,5751.0,1,1,2,4,2,5751.0,1,1725.3,0.0009397707396306981
12819.0,459,1,5405.2,1,1,2,4,2,5405.2,1,1621.56,0.000882972221451148
15741.0,459,2,2086.2,1,2,1,4,2,1043.1,2,625.8599999999999,0.0003378181386347035
13076.0,458,1,1354.0,1,1,1,3,2,1354.0,1,406.2,0.0002175524503435916
15141.0,458,7,13884.7,1,4,3,8,2,1983.5285714285715,7,4165.41,0.002275751385428864
13683.0,458,1,2586.0,1,1,1,3,2,2586.0,1,775.8,0.00041991154345291957
15627.0,458,2,5669.0,1,2,2,5,2,2834.5,2,1700.7,0.0009263020337581617
12761.0,458,2,7829.5,1,2,2,5,2,3914.75,2,2348.85,0.0012811695829973687
12575.0,458,2,6228.2,1,2,2,5,2,3114.1,2,1868.4599999999998,0.0010181520377084345
12777.0,458,1,5194.5,1,1,2,4,2,5194.5,1,1558.35,0.000848364217459155
15972.0,457,5,18102.7,1,3,3,7,2,3620.54,5,5430.81,0.0029685684753112877
12460.0,457,1,3266.5,1,1,1,3,2,3266.5,1,979.9499999999999,0.0005316853769439079
16032.0,457,6,19704.5,1,3,3,7,2,3284.0833333333335,6,5911.349999999999,0.0032316681468555417
16886.0,457,1,1340.0,1,1,1,3,2,1340.0,1,402.0,0.000215252915194622
17762.0,457,1,1297.5,1,1,1,3,2,1297.5,1,389.25,0.00020827218349239274
14444.0,457,1,1320.4,1,1,1,3,2,1320.4,1,396.12,0.0002120335659860645
16095.0,457,1,4470.5,1,1,2,4,2,4470.5,1,1341.1499999999999,0.0007294453997552967
12760.0,456,1,3478.0,1,1,1,3,2,3478.0,1,1043.3999999999999,0.0005664247829444136
17369.0,456,1,9792.0,1,2,3,6,2,9792.0,1,2937.6,0.0016035151351297193
14445.0,456,1,2216.5,1,1,1,3,2,2216.5,1,664.9499999999999,0.0003592202407711852
14635.0,454,1,2152.2,1,1,1,3,2,2152.2,1,645.66,0.000348658804336989
16815.0,454,2,4109.7,1,2,2,5,2,2054.85,2,1232.9099999999999,0.0006701830939161363
16608.0,454,2,12887.2,1,2,3,6,2,6443.6,2,3866.16,0.0021119095060647777
15824.0,454,2,8909.4,1,2,2,5,2,4454.7,2,2672.8199999999997,0.0014585458692382477
15401.0,453,2,2169.5,1,2,1,4,2,1084.75,2,650.85,0.00035150037277107294
17132.0,453,2,12728.0,1,2,3,6,2,6364.0,2,3818.3999999999996,0.00208576050637078
13613.0,453,5,10398.5,1,3,3,7,2,2079.7,5,3119.5499999999997,0.0017031342828332967
16860.0,453,3,16106.2,1,3,3,7,2,5368.733333333334,3,4831.86,0.002640638337817153
13129.0,453,2,2332.5,1,2,1,4,2,1166.25,2,699.75,0.0003782735320055051
17801.0,452,3,7983.3,1,3,2,6,2,2661.1,3,2394.99,0.0013064316191339063
13312.0,452,1,1247.5,1,1,1,3,2,1247.5,1,374.25,0.00020005955796035833
17149.0,452,1,1431.0,1,1,1,3,2,1431.0,1,429.3,0.0002301998936629246
15685.0,451,1,559.8,1,1,1,3,2,559.8,1,167.93999999999997,8.710310639275699e-05
14370.0,451,6,11757.8,1,3,3,7,2,1959.6333333333332,6,3527.3399999999997,0.0019264027205471842
15966.0,451,1,4265.3,1,1,2,4,2,4265.3,1,1279.59,0.0006957407845718275
15629.0,451,4,22409.0,1,3,3,7,2,5602.25,4,6722.7,0.003675889061883283
12768.0,451,1,1686.9,1,1,1,3,2,1686.9,1,506.07,0.0002722321111358767
13041.0,451,4,7991.3,1,3,2,6,2,1997.825,4,2397.39,0.001307745639219032
15962.0,450,1,2958.3,1,1,1,3,2,2958.3,1,887.49,0.00048106275316444784
16646.0,450,1,6788.0,1,1,2,4,2,6788.0,1,2036.3999999999999,0.0011101005931650916
13424.0,450,1,5727.7,1,1,2,4,2,5727.7,1,1718.31,0.00093594365613277
17743.0,449,1,2292.0,1,1,1,3,2,2292.0,1,687.6,0.00037162130532455723
12543.0,449,1,9802.5,1,2,3,6,2,9802.5,1,2940.75,0.0016052397864914467
12554.0,449,1,4685.0,1,1,2,4,2,4685.0,1,1405.5,0.0007646775632877244
15362.0,449,2,6130.8,1,2,2,5,2,3065.4,2,1839.24,0.0010021538431720315
13443.0,449,6,12801.6,1,3,3,7,2,2133.6,6,3840.4799999999996,0.0020978494911539345
16371.0,449,1,1572.0,1,1,1,3,2,1572.0,1,471.59999999999997,0.00025335949766326166
13998.0,447,3,5667.0,1,2,2,5,2,1889.0,3,1700.1,0.0009259735287368802
13701.0,447,1,1610.0,1,1,1,3,2,1610.0,1,483.0,0.0002596010930676078
13465.0,447,2,9311.2,1,2,3,6,2,4655.6,2,2793.36,0.0015245425280136767
16524.0,447,2,3081.4,1,2,1,4,2,1540.7,2,924.42,0.0005012822372243165
18089.0,447,1,4284.5,1,1,2,4,2,4284.5,1,1285.35,0.0006988944327761287
13702.0,446,1,1351.8,1,1,1,3,2,1351.8,1,405.53999999999996,0.00021719109482018208
17055.0,446,1,2395.5,1,1,1,3,2,2395.5,1,718.65,0.00038862144017586843
12850.0,446,1,3300.0,1,1,1,3,2,3300.0,1,990.0,0.000537187836050371
14906.0,446,1,684.4,1,1,1,3,2,684.4,1,205.32,0.00010756896921858676
14668.0,446,1,1116.3,1,2,1,4,2,1116.3,1,334.89,0.0001785096285643
17161.0,445,1,8560.1,1,2,2,5,2,8560.1,1,2568.03,0.0014011724672714557
12751.0,445,1,2682.7,1,1,1,3,2,2682.7,1,804.81,0.0004357947612318741
14182.0,444,4,6787.7,1,3,2,6,2,1696.925,4,2036.31,0.0011100513174118996
13288.0,444,5,9276.1,1,3,3,7,2,1855.22,5,2782.83,0.0015187772648901884
17840.0,444,1,1857.2,1,1,1,3,2,1857.2,1,557.16,0.0003002043136979859
14611.0,444,2,6043.3,1,2,2,5,2,3021.65,2,1812.99,0.0009877817484909713
14933.0,444,4,17700.0,1,3,3,7,2,4425.0,4,5310.0,0.0029024239892762823
14372.0,444,2,8600.8,1,2,2,5,2,4300.4,2,2580.24,0.0014078575444545314
13205.0,444,1,28032.0,1,1,4,6,2,28032.0,1,8409.6,0.004599480929215874
15761.0,443,1,1430.5,1,1,1,3,2,1430.5,1,429.15,0.00023011776740760427
13264.0,443,1,7225.6,1,1,2,4,2,7225.6,1,2167.68,0.001181977491821457
18107.0,443,1,1671.3,1,1,1,3,2,1671.3,1,501.39,0.000269669771969882
14992.0,443,1,2105.0,1,1,1,3,2,2105.0,1,631.5,0.0003409060858347485
16857.0,443,1,3528.0,1,2,2,5,2,3528.0,1,1058.3999999999999,0.0005746374084764479
17021.0,443,6,11822.2,1,3,3,7,2,1970.3666666666668,6,3546.6600000000003,0.001936980582232445
16675.0,442,2,6088.6,1,2,2,5,2,3044.3,2,1826.5800000000002,0.0009952223872229946
14269.0,440,1,2957.3,1,1,1,3,2,2957.3,1,887.19,0.00048089850065380715
14094.0,440,1,3352.2,1,1,1,3,2,3352.2,1,1005.6599999999999,0.0005457618171058148
13281.0,440,1,3508.5,1,2,2,5,2,3508.5,1,1052.55,0.0005714344845189546
15616.0,439,1,3171.1,1,1,1,3,2,3171.1,1,951.3299999999999,0.0005160156874287863
13687.0,439,1,118808.4,1,1,4,6,2,118808.4,1,35642.52,0.01950973253613925
16264.0,439,2,8375.3,1,2,2,5,2,4187.65,2,2512.5899999999997,0.001370818603305056
14328.0,439,1,4450.5,1,1,2,4,2,4450.5,1,1335.1499999999999,0.0007261603495424828
13290.0,439,1,2086.3,1,1,1,3,2,2086.3,1,625.89,0.00033783456388576763
16636.0,439,4,38020.4,1,3,4,8,2,9505.1,4,11406.12,0.0062401007064993245
14063.0,439,9,227102.0,1,4,4,9,2,25233.555555555555,9,68130.59999999999,0.03729722822245768
17280.0,439,1,1188.6,1,1,1,3,2,1188.6,1,356.58,0.00019038508508362176
14802.0,439,2,15029.8,1,2,3,6,2,7514.9,2,4508.94,0.002463836935363516
18049.0,438,2,5565.2,1,2,2,5,2,2782.6,2,1669.56,0.0009092526231536582
12964.0,438,1,1322.4,1,1,1,3,2,1322.4,1,396.72,0.00021236207100734587
15871.0,438,1,331.0,1,1,1,3,2,331.0,1,99.3,4.952213195816752e-05
14634.0,438,4,21244.6,1,3,3,7,2,5311.15,4,6373.379999999999,0.0034846334384932656
16269.0,438,1,7175.7,1,1,2,4,2,7175.7,1,2152.71,0.0011737812915404867
14909.0,438,3,14046.8,1,2,3,6,2,4682.266666666666,3,4214.04,0.00230237671740372
14228.0,438,3,7455.0,1,2,2,5,2,2485.0,3,2236.5,0.001219657017762431
15614.0,438,4,31473.6,1,3,4,8,2,7868.4,4,9442.08,0.005164772369836867
16237.0,438,1,1366.5,1,1,1,3,2,1366.5,1,409.95,0.00021960560672660022
12946.0,437,1,3244.5,1,1,1,3,2,3244.5,1,973.3499999999999,0.0005280718217098128
13797.0,437,3,11794.5,1,2,3,6,2,3931.5,3,3538.35,0.0019324307876876976
12975.0,437,6,21000.9,1,3,3,7,2,3500.15,6,6300.27,0.0034446051016501305
14843.0,437,1,2118.0,1,1,1,3,2,2118.0,1,635.4,0.00034304136847307745
13257.0,437,1,1497.5,1,1,1,3,2,1497.5,1,449.25,0.00024112268562053037
13105.0,437,1,720.0,1,1,1,3,2,720.0,1,216.0,0.00011341635859739527
16490.0,437,1,2054.1,1,1,1,3,2,2054.1,1,616.2299999999999,0.00033254563304313745
17257.0,437,2,1927.3,1,2,1,4,2,963.65,2,578.1899999999999,0.0003117184146938982
16783.0,437,1,3919.5,1,1,2,4,2,3919.5,1,1175.85,0.0006389422663922775
12661.0,437,1,1620.0,1,1,1,3,2,1620.0,1,486.0,0.0002612436181740147
14742.0,436,1,5798.5,1,1,2,4,2,5798.5,1,1739.55,0.0009475727338861307
16044.0,436,1,3408.4,1,1,1,3,2,3408.4,1,1022.52,0.0005549928082038216
14707.0,436,2,1392.0,1,2,1,4,2,696.0,2,417.59999999999997,0.00022379404574793775
14230.0,436,3,9798.0,1,2,3,6,2,3266.0,3,2939.4,0.0016045006501935635
16522.0,436,2,4333.6,1,2,2,5,2,2166.8,2,1300.0800000000002,0.0007069592310485866
12806.0,436,4,28789.6,1,3,4,8,2,7197.4,4,8636.88,0.0047239186312772585
15736.0,436,2,18157.2,1,2,3,6,2,9078.6,2,5447.16,0.0029775202371412047
13966.0,436,1,3908.6,1,1,2,4,2,3908.6,1,1172.58,0.000637151914026294
16958.0,436,1,8094.4,1,1,2,4,2,8094.4,1,2428.3199999999997,0.0013246800730660868
13729.0,436,3,7247.3,1,2,2,5,2,2415.766666666667,3,2174.19,0.00118554177130236
14568.0,436,1,9197.0,1,2,3,6,2,9197.0,1,2759.1,0.0015057848912985099
14425.0,435,3,6613.9,1,3,2,6,2,2204.633333333333,3,1984.1699999999998,0.0010815042310625478
17380.0,435,3,6450.0,1,3,2,6,2,2150.0,3,1935.0,0.0010545832445685392
14564.0,435,2,26056.2,1,2,4,7,2,13028.1,2,7816.86,0.004274950818692001
18266.0,435,1,2511.0,1,1,1,3,2,2511.0,1,753.3,0.0004075926051548679
15451.0,435,2,2332.1,1,2,1,4,2,1166.05,2,699.63,0.0003782078310012488
16472.0,435,2,7896.0,1,2,2,5,2,3948.0,2,2368.7999999999997,0.0012920923749549743
17533.0,435,1,348.0,1,1,1,3,2,348.0,1,104.39999999999999,5.2314424639059214e-05
16864.0,435,2,4092.5,1,2,2,5,2,2046.25,2,1227.75,0.0006673579507331165
15190.0,435,1,8344.4,1,2,2,5,2,8344.4,1,2503.3199999999997,0.001365743200726259
14225.0,435,4,20370.2,1,3,3,7,2,5092.55,4,6111.06,0.0033410110431890483
15420.0,435,6,7430.0,1,3,2,6,2,1238.3333333333333,6,2229.0,0.0012155507049964136
12696.0,435,2,8519.1,1,2,2,5,2,4259.55,2,2555.73,0.0013944381143351874
14455.0,433,4,6282.1,1,3,2,6,2,1570.525,4,1884.63,0.0010270052480319677
17366.0,433,2,10962.4,1,2,3,6,2,5481.2,2,3288.72,0.0017957562735835808
13380.0,433,1,624.0,1,1,1,3,2,624.0,1,187.2,9.764811757588918e-05
16312.0,433,1,1711.5,1,1,1,3,2,1711.5,1,513.4499999999999,0.0002762727228976376
13326.0,433,1,2817.6,1,1,1,3,2,2817.6,1,845.28,0.00045795242491730297
14579.0,433,1,1055.6,1,1,1,3,2,1055.6,1,316.67999999999995,0.0001685395011684102
15196.0,433,2,3162.5,1,2,1,4,2,1581.25,2,948.75,0.0005146031158372764
13674.0,433,1,2406.8,1,1,1,3,2,2406.8,1,722.0400000000001,0.0003904774935461083
14008.0,433,1,5090.4,1,1,2,4,2,5090.4,1,1527.12,0.0008312655311014593
16799.0,433,2,4959.8,1,2,2,5,2,2479.9,2,1487.94,0.0008098141532117856
14392.0,433,1,2664.0,1,1,1,3,2,2664.0,1,799.1999999999999,0.00043272323928289323
16331.0,433,6,20377.0,1,3,3,7,2,3396.1666666666665,6,6113.099999999999,0.0033421279602614045
15859.0,433,1,4384.6,1,1,2,4,2,4384.6,1,1315.38,0.0007153361090912616
15884.0,433,2,2497.0,1,2,1,4,2,1248.5,2,749.1,0.00040529307000589836
14310.0,433,1,4921.0,1,1,2,4,2,4921.0,1,1476.3,0.0008034411557989267
14254.0,433,1,6010.3,1,1,2,4,2,6010.3,1,1803.09,0.0009823614156398285
13920.0,432,4,17746.8,1,3,3,7,2,4436.7,4,5324.04,0.0029101110067742664
12486.0,432,1,10372.8,1,1,3,5,2,10372.8,1,3111.8399999999997,0.001698912993309831
15778.0,432,1,3079.5,1,1,1,3,2,3079.5,1,923.8499999999999,0.0005009701574540992
16061.0,432,1,896.5,1,1,1,3,2,896.5,1,268.95,0.00014240692672547672
16476.0,432,1,3503.5,1,2,2,5,2,3503.5,1,1051.05,0.0005706132219657511
13367.0,432,1,5102.0,1,1,2,4,2,5102.0,1,1530.6,0.0008331708602248914
13360.0,432,4,15536.5,1,3,3,7,2,3884.125,4,4660.95,0.002547063682505153
18284.0,432,1,4616.8,1,1,2,4,2,4616.8,1,1385.04,0.0007534755420620294
18244.0,431,2,5686.4,1,2,2,5,2,2843.2,2,1705.9199999999998,0.0009291600274433095
13446.0,431,11,38818.9,1,4,4,9,2,3528.990909090909,11,11645.67,0.0063712563362459135
17657.0,431,1,1260.0,1,1,1,3,2,1260.0,1,378.0,0.0002021127143433669
14302.0,431,3,7429.0,1,2,2,5,2,2476.3333333333335,3,2228.7,0.001215386452485773
14492.0,431,7,19219.1,1,4,3,8,2,2745.585714285714,7,5765.73,0.0031519399781905514
15490.0,431,1,2176.0,1,1,1,3,2,2176.0,1,652.8,0.0003525680140902374
16760.0,431,1,2280.0,1,1,1,3,2,2280.0,1,684.0,0.000369650275196869
14663.0,431,2,4906.0,1,2,2,5,2,2453.0,2,1471.8,0.0008009773681393165
14169.0,431,2,6244.3,1,2,2,5,2,3122.15,2,1873.29,0.0010207965031297495
14991.0,431,1,3146.7,1,1,1,3,2,3146.7,1,944.0099999999999,0.0005120079261691534
16300.0,431,3,13924.3,1,3,3,7,2,4641.433333333333,3,4177.29,0.0022822557848502355
13306.0,431,1,536.5,1,1,1,3,2,536.5,1,160.95,8.327602289482896e-05
16307.0,430,3,11949.2,1,2,3,6,2,3983.066666666667,3,3584.76,0.0019578406510838125
13861.0,430,2,2732.6,1,2,1,4,2,1366.3,2,819.78,0.00044399096151284445
14322.0,430,4,4741.0,1,3,2,6,2,1185.25,4,1422.3,0.0007738757038836029
13818.0,430,1,612.8,1,1,1,3,2,612.8,1,183.83999999999997,9.580848945671347e-05
17008.0,430,1,813.6,1,1,1,3,2,813.6,1,244.07999999999998,0.00012879039359336368
13556.0,430,2,2008.2,1,2,1,4,2,1004.1,2,602.46,0.0003250064428047299
13022.0,430,1,653.0,1,1,1,3,2,653.0,1,195.9,0.00010241144038446915
13785.0,429,4,5424.9,1,3,2,6,2,1356.225,4,1627.4699999999998,0.0008862079959107695
12511.0,429,1,30840.2,1,1,4,6,2,30840.2,1,9252.06,0.005060734829597054
15600.0,429,4,11993.1,1,3,3,7,2,2998.275,4,3597.93,0.0019650513363009383
17127.0,429,5,11550.3,1,3,3,7,2,2310.06,5,3465.0899999999997,0.0018923203245892414
16111.0,429,1,5624.8,1,1,2,4,2,5624.8,1,1687.44,0.0009190420727878433
13423.0,429,1,2170.3,1,1,1,3,2,2170.3,1,651.09,0.00035163177477958547
13567.0,429,4,10836.9,1,3,3,7,2,2709.225,4,3251.0699999999997,0.0017751425834981744
14118.0,429,1,4584.5,1,1,2,4,2,4584.5,1,1375.35,0.0007481701859683352
12986.0,429,10,27298.4,1,4,4,9,2,2729.84,10,8189.52,0.004478985287409865
17249.0,429,1,680.3,1,1,1,3,2,680.3,1,204.08999999999997,0.00010689553392495992
15931.0,429,1,2399.0,1,1,1,3,2,2399.0,1,719.6999999999999,0.00038919632396311086
12903.0,429,1,8335.3,1,2,2,5,2,8335.3,1,2500.5899999999997,0.0013642485028794286
16166.0,429,2,4358.3,1,2,2,5,2,2179.15,2,1307.49,0.0007110162680614115
14266.0,429,1,405.6,1,1,1,3,2,405.6,1,121.68,6.177536925196287e-05
13776.0,429,2,6239.8,1,2,2,5,2,3119.9,2,1871.94,0.0010200573668318665
12835.0,428,41,60433.1,1,4,4,9,2,1473.9780487804878,41,18129.93,0.00992144295173588
17196.0,428,1,3529.0,1,2,2,5,2,3529.0,1,1058.7,0.0005748016609870887
15080.0,428,2,5462.5,1,2,2,5,2,2731.25,2,1638.75,0.0008923838903108595
16568.0,428,2,10209.0,1,2,3,6,2,5104.5,2,3062.7,0.0016720084320668864
14846.0,428,1,4374.0,1,1,2,4,2,4374.0,1,1312.2,0.0007135950324784704
13406.0,428,2,5689.2,1,2,2,5,2,2844.6,2,1706.76,0.0009296199344731035
13541.0,428,2,7852.5,1,2,2,5,2,3926.25,2,2355.75,0.0012849473907421045
16329.0,428,4,17030.7,1,3,3,7,2,4257.675,4,5109.21,0.0027924897839044695
14186.0,428,5,15506.3,1,3,3,7,2,3101.2599999999998,5,4651.889999999999,0.002542103256683804
15177.0,426,1,9489.3,1,2,3,6,2,9489.3,1,2846.7899999999995,0.0015537959001587828
15418.0,426,2,4523.2,1,2,2,5,2,2261.6,2,1356.9599999999998,0.0007381015070660609
13537.0,426,2,7178.5,1,2,2,5,2,3589.25,2,2153.5499999999997,0.0011742411985702804
14734.0,426,4,10564.2,1,3,3,7,2,2641.05,4,3169.26,0.001730350923846459
17465.0,426,7,25427.9,1,4,4,9,2,3632.557142857143,7,7628.37,0.004171750966256457
14571.0,426,1,1616.5,1,1,1,3,2,1616.5,1,484.95,0.0002606687343867723
12862.0,426,2,10083.2,1,2,3,6,2,5041.6,2,3024.96,0.0016513454662282878
17518.0,426,2,3294.2,1,2,1,4,2,1647.1,2,988.2599999999999,0.0005362351714886549
16579.0,426,1,2950.5,1,1,1,3,2,2950.5,1,885.15,0.00047978158358145045
14590.0,425,20,30066.2,1,4,4,9,2,1503.31,20,9019.859999999999,0.004933603386361161
17273.0,425,1,1411.2,1,1,1,3,2,1411.2,1,423.36,0.00022694769395223898
17264.0,425,1,2795.9,1,1,1,3,2,2795.9,1,838.77,0.0004543881454364
14319.0,425,1,4948.5,1,1,2,4,2,4948.5,1,1484.55,0.0008079580998415457
17635.0,425,3,12655.8,1,3,3,7,2,4218.599999999999,3,3796.74,0.0020739014751025224
17710.0,424,1,2935.0,1,1,1,3,2,2935.0,1,880.5,0.0004772356696665198
15151.0,424,2,20856.1,1,2,3,6,2,10428.05,2,6256.829999999999,0.003420821338109358
16772.0,424,3,37235.5,1,2,4,7,2,12411.833333333334,3,11170.65,0.006111178910897448
17104.0,424,1,4740.3,1,1,2,4,2,4740.3,1,1422.09,0.0007737607271261544
13909.0,424,2,2866.0,1,2,1,4,2,1433.0,2,859.8,0.0004659022464323123
14263.0,424,1,3229.3,1,1,1,3,2,3229.3,1,968.79,0.0005255751835480743
16263.0,424,1,3510.1,1,2,2,5,2,3510.1,1,1053.03,0.0005716972885359796
12467.0,424,1,1328.0,1,1,1,3,2,1328.0,1,398.4,0.0002132818850669337
17944.0,424,1,754.1,1,1,1,3,2,754.1,1,226.23,0.00011901736921024273
14838.0,424,2,7736.7,1,2,2,5,2,3868.35,2,2321.0099999999998,0.0012659269500099127
12655.0,424,1,2613.5,1,1,1,3,2,2613.5,1,784.05,0.0004244284874955385
16975.0,424,3,9261.2,1,2,3,6,2,3087.066666666667,3,2778.36,0.0015163299024816422
16039.0,424,2,4564.0,1,2,2,5,2,2282.0,2,1369.2,0.0007448030095002011
13968.0,424,1,1236.6,1,1,1,3,2,1236.6,1,370.97999999999996,0.0001982692055943748
13440.0,424,7,12952.5,1,4,3,8,2,1850.357142857143,7,3885.75,0.0021226351950096147
13912.0,424,1,1249.5,1,1,1,3,2,1249.5,1,374.84999999999997,0.00020038806298163967
17851.0,423,6,15633.4,1,3,3,7,2,2605.5666666666666,6,4690.0199999999995,0.0025629797507862357
14316.0,423,5,13703.4,1,3,3,7,2,2740.68,5,4111.0199999999995,0.002245972405249707
16130.0,423,4,9874.8,1,3,3,7,2,2468.7,4,2962.4399999999996,0.001617115243010768
12900.0,423,1,3403.3,1,1,1,3,2,3403.3,1,1020.99,0.0005541551203995541
17182.0,423,2,3213.0,1,2,1,4,2,1606.5,2,963.9,0.0005228978676246311
13770.0,423,4,7853.7,1,3,2,6,2,1963.425,4,2356.1099999999997,0.0012851444937548731
15242.0,423,1,3020.4,1,1,1,3,2,3020.4,1,906.12,0.0004912628340752346
16238.0,423,1,636.6,1,1,1,3,2,636.6,1,190.98,9.971769920996186e-05
17751.0,422,1,1578.6,1,1,1,3,2,1578.6,1,473.5799999999999,0.00025444356423349015
13696.0,422,3,20204.0,1,3,3,7,2,6734.666666666667,3,6061.2,0.0033137122759205654
15735.0,422,1,3276.8,1,1,1,3,2,3276.8,1,983.04,0.0005333771778035071
14296.0,422,2,4564.0,1,2,2,5,2,2282.0,2,1369.2,0.0007448030095002011
17717.0,422,1,3769.2,1,2,2,5,2,3769.2,1,1130.76,0.0006142551140429821
16176.0,422,4,20526.9,1,3,3,7,2,5131.725,4,6158.070000000001,0.0033667494116064443
14343.0,422,4,10889.1,1,3,3,7,2,2722.275,4,3266.73,0.0017837165645536186
16991.0,422,1,10412.1,1,1,3,5,2,10412.1,1,3123.63,0.0017053681169780103
18090.0,422,1,3494.0,1,2,2,5,2,3494.0,1,1048.2,0.0005690528231146647
17823.0,422,2,4942.5,1,2,2,5,2,2471.25,2,1482.75,0.0008069725847777016
13829.0,422,1,1020.0,1,1,1,3,2,1020.0,1,306.0,0.00016269211178960173
14956.0,422,1,13250.0,1,1,3,5,2,13250.0,1,3975.0,0.0021715003169252194
17822.0,421,5,21885.0,1,3,3,7,2,4377.0,5,6565.5,0.0035898207463075627
17202.0,421,1,1606.5,1,1,1,3,2,1606.5,1,481.95,0.0002590262092803654
15817.0,421,3,27664.0,1,3,4,8,2,9221.333333333334,3,8299.199999999999,0.0045390360053000995
17687.0,421,1,4326.8,1,1,2,4,2,4326.8,1,1298.04,0.0007058423139762298
16576.0,421,2,5408.7,1,2,2,5,2,2704.35,2,1622.61,0.0008835471052383904
16465.0,421,2,7462.4,1,2,2,5,2,3731.2,2,2238.72,0.0012208724863411718
16336.0,421,4,35176.9,1,3,4,8,2,8794.225,4,10553.07,0.005773048692492527
17938.0,421,1,1442.9,1,1,1,3,2,1442.9,1,432.87,0.00023215449853954882
15686.0,421,1,900.0,1,1,1,3,2,900.0,1,270.0,0.00014298181051271915
17390.0,421,1,1493.0,1,1,1,3,2,1493.0,1,447.9,0.00024038354932264728
17316.0,421,1,1244.5,1,1,1,3,2,1244.5,1,373.34999999999997,0.00019956680042843624
15202.0,421,3,60014.9,1,2,4,7,2,20004.966666666667,3,18004.47,0.009852752551785944
14168.0,421,2,3704.5,1,2,2,5,2,1852.25,2,1111.35,0.0006036279766045295
14839.0,419,3,9152.8,1,2,3,6,2,3050.933333333333,3,2745.8399999999997,0.0014985249303281912
17141.0,419,4,7543.3,1,3,2,6,2,1885.825,4,2262.99,0.0012341605144520036
16691.0,419,2,1788.3,1,2,1,4,2,894.15,2,536.49,0.00028888731571484255
15688.0,419,1,1905.7,1,1,1,3,2,1905.7,1,571.71,0.00030817056046405936
15772.0,419,1,2808.8,1,1,1,3,2,2808.8,1,842.64,0.00045650700282366495
14877.0,419,2,4370.0,1,2,2,5,2,2185.0,2,1311.0,0.0007129380224359075
13820.0,419,3,6606.5,1,3,2,6,2,2202.1666666666665,3,1981.9499999999998,0.0010802887624838068
13152.0,418,7,21463.8,1,4,3,8,2,3066.2571428571428,7,6439.139999999999,0.0035206375888257044
17023.0,418,3,8001.8,1,3,2,6,2,2667.266666666667,3,2400.5400000000004,0.0013094702905807594
13214.0,418,7,32642.3,1,3,4,8,2,4663.185714285714,7,9792.689999999999,0.005356734279022638
14940.0,418,2,5314.9,1,2,2,5,2,2657.45,2,1594.4699999999998,0.0008681402197402938
15459.0,418,2,2028.3,1,2,1,4,2,1014.15,2,608.49,0.00032830791826860776
16069.0,418,1,4577.0,1,1,2,4,2,4577.0,1,1373.1,0.00074693829213853
15934.0,418,2,21906.6,1,2,3,6,2,10953.3,2,6571.98,0.003593368600537401
17143.0,418,2,9241.1,1,2,3,6,2,4620.55,2,2772.33,0.0015130284270177643
15710.0,418,1,8988.7,1,2,2,5,2,8988.7,1,2696.61,0.0014715710933320546
12699.0,418,1,6381.1,1,1,2,4,2,6381.1,1,1914.33,0.0010432662465853957
13387.0,418,1,1894.4,1,1,1,3,2,1894.4,1,568.32,0.0003063145070938196
13957.0,418,3,4582.5,1,2,2,5,2,1527.5,3,1374.75,0.0007478416809470538
16854.0,418,2,14089.6,1,2,3,6,2,7044.8,2,4226.88,0.002309406724859141
13088.0,418,1,2361.1,1,1,1,3,2,2361.1,1,708.3299999999999,0.00038297115380982877
13840.0,417,1,6514.0,1,1,2,4,2,6514.0,1,1954.1999999999998,0.0010650954052495432
14469.0,417,4,21122.1,1,3,3,7,2,5280.525,4,6336.629999999999,0.003464512505939781
15207.0,417,3,6839.2,1,2,2,5,2,2279.733333333333,3,2051.7599999999998,0.001118510321709895
17137.0,417,6,11336.3,1,3,3,7,2,1889.3833333333332,6,3400.89,0.0018571702873121342
14648.0,417,15,45468.6,1,4,4,9,2,3031.24,15,13640.58,0.007463486256253299
13480.0,417,2,6278.2,1,2,2,5,2,3139.1,2,1883.4599999999998,0.0010263646632404687
16521.0,416,3,11480.1,1,2,3,6,2,3826.7000000000003,3,3444.03,0.0018807897983422655
15647.0,416,1,1690.0,1,1,1,3,2,1690.0,1,507.0,0.0002727412939188629
14612.0,416,1,8777.0,1,2,2,5,2,8777.0,1,2633.1,0.0014367988368294208
13981.0,416,1,3311.4,1,1,1,3,2,3311.4,1,993.42,0.0005390603146716748
16702.0,416,4,11108.3,1,3,3,7,2,2777.075,4,3332.49,0.0018197207148860572
12387.0,416,1,1439.4,1,1,1,3,2,1439.4,1,431.82,0.0002315796147523064
18247.0,415,3,8397.3,1,3,2,6,2,2799.1,3,2519.1899999999996,0.0013744321585391513
15995.0,415,1,6961.9,1,1,2,4,2,6961.9,1,2088.5699999999997,0.0011386641047655074
16310.0,415,2,4600.8,1,2,2,5,2,2300.4,2,1380.24,0.0007508475018917784
13386.0,415,2,8354.6,1,2,2,5,2,4177.3,2,2506.38,0.0013674185763347941
16167.0,415,5,13861.2,1,3,3,7,2,2772.2400000000002,5,4158.36,0.002271891451428808
18243.0,415,1,5157.8,1,1,2,4,2,5157.8,1,1547.34,0.0008423361503186417
13374.0,415,2,4228.0,1,2,2,5,2,2114.0,2,1268.3999999999999,0.0006896141659249297
12400.0,415,1,2052.5,1,1,1,3,2,2052.5,1,615.75,0.0003322828290261124
16540.0,415,1,2267.0,1,1,1,3,2,2267.0,1,680.1,0.00036751499255854
13195.0,415,1,1723.8,1,1,1,3,2,1723.8,1,517.14,0.00027829302877851813
14686.0,415,5,8858.3,1,3,2,6,2,1771.6599999999999,5,2657.49,0.0014501525659445086
17834.0,415,2,7304.7,1,2,2,5,2,3652.35,2,2191.41,0.0011949698654131354
12973.0,414,1,3855.5,1,1,2,4,2,3855.5,1,1156.6499999999999,0.0006284301057112733
12899.0,414,1,3664.0,1,2,2,5,2,3664.0,1,1099.2,0.0005969757499235816
12369.0,414,3,17911.5,1,3,3,7,2,5970.5,3,5373.45,0.0029371633952767874
14945.0,414,1,1794.0,1,1,1,3,2,1794.0,1,538.1999999999999,0.0002898235550254944
12972.0,414,4,11612.0,1,3,3,7,2,2903.0,4,3483.6,0.001902454704495772
13746.0,414,1,1766.9,1,1,1,3,2,1766.9,1,530.07,0.0002853723119871318
16428.0,414,3,6602.8,1,3,2,6,2,2200.9333333333334,3,1980.84,0.0010796810281944362
12960.0,414,4,13220.7,1,3,3,7,2,3305.175,4,3966.21,0.0021666877183634473
14728.0,414,1,1905.8,1,1,1,3,2,1905.8,1,571.74,0.0003081869857151234
13333.0,412,3,10157.4,1,2,3,6,2,3385.7999999999997,3,3047.22,0.001663533002517827
16677.0,412,2,8806.2,1,2,2,5,2,4403.1,2,2641.86,0.001441595010140129
13574.0,412,1,4212.5,1,1,2,4,2,4212.5,1,1263.75,0.0006870682520099991
14183.0,412,2,2862.9,1,2,1,4,2,1431.45,2,858.87,0.0004653930636493262
17435.0,412,1,3313.5,1,1,1,3,2,3313.5,1,994.05,0.0005394052449440203
16920.0,412,1,3554.5,1,2,2,5,2,3554.5,1,1066.35,0.0005789901000084262
17407.0,412,1,5529.0,1,1,2,4,2,5529.0,1,1658.7,0.0009033066822684652
15248.0,412,3,18939.3,1,2,3,6,2,6313.099999999999,3,5681.79,0.003105982125713287
13241.0,412,1,1155.8,1,1,1,3,2,1155.8,1,346.73999999999995,0.00018499760273460718
15337.0,412,1,3730.2,1,2,2,5,2,3730.2,1,1119.06,0.0006078492661279951
12926.0,412,4,15484.6,1,3,3,7,2,3871.15,4,4645.38,0.0025385389772029014
13073.0,412,2,4180.8,1,2,2,5,2,2090.4,2,1254.24,0.0006818614474226894
13977.0,412,1,5198.1,1,1,2,4,2,5198.1,1,1559.43,0.0008489555264974615
17260.0,412,1,1209.5,1,1,1,3,2,1209.5,1,362.84999999999997,0.00019381796255601216
17981.0,411,1,2391.2,1,1,1,3,2,2391.2,1,717.3599999999999,0.00038791515438011347
15294.0,411,1,2333.5,1,1,1,3,2,2333.5,1,700.05,0.00037843778451614575
14181.0,411,2,3105.5,1,2,1,4,2,1552.75,2,931.65,0.0005052407227307571
14197.0,411,1,3900.5,1,1,2,4,2,3900.5,1,1170.1499999999999,0.0006358214686901044
17393.0,411,2,3811.5,1,2,2,5,2,1905.75,2,1143.45,0.0006212029952430832
16259.0,411,3,3619.4,1,2,2,5,2,1206.4666666666667,3,1085.82,0.0005896500879490068
14718.0,411,1,2264.2,1,1,1,3,2,2264.2,1,679.2599999999999,0.000367055085528746
15064.0,411,4,12544.1,1,3,3,7,2,3136.025,4,3763.23,0.0020555544696639577
13733.0,411,2,4870.3,1,2,2,5,2,2435.15,2,1461.09,0.0007951135535094439
14249.0,411,12,56254.6,1,4,4,9,2,4687.883333333333,12,16876.379999999997,0.009235113836023762
13906.0,410,1,420.0,1,1,1,3,2,420.0,1,126.0,6.414060540518878e-05
13578.0,410,1,1476.6,1,1,1,3,2,1476.6,1,442.97999999999996,0.00023768980814813998
15536.0,410,1,2590.9,1,1,1,3,2,2590.9,1,777.27,0.00042071638075505895
13274.0,410,1,3608.5,1,2,2,5,2,3608.5,1,1082.55,0.0005878597355830233
17327.0,410,2,1523.5,1,2,1,4,2,761.75,2,457.05,0.0002453932508971883
14324.0,410,2,7016.1,1,2,2,5,2,3508.05,2,2104.83,0.0011475665908422328
12411.0,410,1,3469.0,1,1,1,3,2,3469.0,1,1040.7,0.0005649465103486474
16785.0,410,1,5337.8,1,1,2,4,2,5337.8,1,1601.34,0.0008719016022339656
16962.0,410,1,2510.4,1,1,1,3,2,2510.4,1,753.12,0.00040749405364848355
15876.0,410,2,14491.4,1,2,3,6,2,7245.7,2,4347.42,0.0023754033836345697
14278.0,410,1,2058.3,1,1,1,3,2,2058.3,1,617.49,0.00033323549358782836
12563.0,409,1,2492.4,1,1,1,3,2,2492.4,1,747.72,0.0004045375084569512
18060.0,409,2,11854.6,1,2,3,6,2,5927.3,2,3556.38,0.0019423023635772032
17473.0,409,2,6070.0,1,2,2,5,2,3035.0,2,1821.0,0.0009921672905250777
16382.0,409,2,3531.0,1,2,2,5,2,1765.5,2,1059.3,0.00057513016600837
13547.0,409,1,1755.3,1,1,1,3,2,1755.3,1,526.5899999999999,0.0002834669828636998
12505.0,409,1,9552.0,1,2,3,6,2,9552.0,1,2865.6,0.001564094532575954
17478.0,409,2,12728.0,1,2,3,6,2,6364.0,2,3818.3999999999996,0.00208576050637078
12537.0,409,1,7329.4,1,1,2,4,2,7329.4,1,2198.8199999999997,0.0011990269024259603
14281.0,409,1,2451.5,1,1,1,3,2,2451.5,1,735.4499999999999,0.000397819580771747
13713.0,409,3,7432.6,1,2,2,5,2,2477.5333333333333,3,2229.78,0.0012159777615240795
17326.0,409,2,3219.5,1,2,1,4,2,1609.75,2,965.8499999999999,0.0005239655089437956
14294.0,408,1,3753.4,1,2,2,5,2,3753.4,1,1126.02,0.0006116599243748592
15285.0,408,1,949.2,1,1,1,3,2,949.2,1,284.76,0.000151063034036241
14303.0,408,2,2779.4,1,2,1,4,2,1389.7,2,833.82,0.0004516779790108287
15328.0,408,1,1072.4,1,1,1,3,2,1072.4,1,321.72,0.00017129894334717383
16630.0,408,1,1068.0,1,1,1,3,2,1068.0,1,320.4,0.00017057623230035476
17853.0,408,3,16081.9,1,3,3,7,2,5360.633333333333,3,4824.57,0.0026366470018085843
13031.0,408,5,34192.7,1,3,4,8,2,6838.539999999999,5,10257.81,0.005611391371519962
16129.0,408,3,13960.5,1,3,3,7,2,4653.5,3,4188.15,0.002288201725735428
15887.0,407,3,10271.5,1,2,3,6,2,3423.8333333333335,3,3081.45,0.0016822742139819293
13580.0,407,1,1077.5,1,1,1,3,2,1077.5,1,323.25,0.0001721366311514413
14746.0,407,4,5935.0,1,3,2,6,2,1483.75,4,1780.5,0.0009699932015885847
14490.0,407,2,12734.7,1,2,3,6,2,6367.35,2,3820.41,0.0020868609981920727
17821.0,407,1,3346.2,1,1,1,3,2,3346.2,1,1003.8599999999999,0.0005447763020419707
16058.0,407,1,627.0,1,1,1,3,2,627.0,1,188.1,9.814087510781125e-05
15170.0,407,1,811.5,1,1,1,3,2,811.5,1,243.45,0.00012844546332101822
14122.0,407,3,3624.2,1,2,2,5,2,1208.0666666666666,3,1087.26,0.0005904385000000822
16635.0,407,1,4730.0,1,1,2,4,2,4730.0,1,1419.0,0.0007720689262665553
17741.0,407,2,1011.0,1,2,1,4,2,505.5,2,303.3,0.00016121383919383555
13677.0,405,2,5561.9,1,2,2,5,2,2780.95,2,1668.57,0.0009087105898685438
12608.0,405,1,4157.9,1,1,2,4,2,4157.9,1,1247.37,0.0006781000649290175
17413.0,405,2,5601.4,1,2,2,5,2,2800.7,2,1680.4199999999998,0.000915198564038851
14213.0,405,1,11922.0,1,1,3,5,2,11922.0,1,3576.6,0.0019533729827943855
16606.0,405,2,3576.6,1,2,2,5,2,1788.3,2,1072.98,0.0005826200804935855
16724.0,405,1,1473.5,1,1,1,3,2,1473.5,1,442.05,0.00023718062536515387
15501.0,405,2,4025.0,1,2,2,5,2,2012.5,2,1207.5,0.00065627090626487
15879.0,405,4,11573.0,1,3,3,7,2,2893.25,4,3471.9,0.0018960488565807853
15439.0,405,4,12690.5,1,3,3,7,2,3172.625,4,3807.1499999999996,0.0020796010372217543
14848.0,405,1,3105.6,1,1,1,3,2,3105.6,1,931.68,0.0005052571479818212
14777.0,404,1,3075.6,1,1,1,3,2,3075.6,1,922.68,0.0005003295726626005
16876.0,404,1,1360.1,1,1,1,3,2,1360.1,1,408.03,0.0002185543906584998
14429.0,404,1,5162.8,1,1,2,4,2,5162.8,1,1548.84,0.0008431574128718452
17276.0,403,1,5083.9,1,1,2,4,2,5083.9,1,1525.1699999999998,0.0008301978897822948
14363.0,403,2,2274.7,1,2,1,4,2,1137.35,2,682.41,0.0003687797368904733
13535.0,403,1,895.0,1,1,1,3,2,895.0,1,268.5,0.0001421605479595157
12389.0,403,3,14333.3,1,3,3,7,2,4777.766666666666,3,4299.99,0.002349435061702277
17003.0,403,4,8301.6,1,3,2,6,2,2075.4,4,2490.48,0.0013587131932708376
13215.0,403,1,816.0,1,1,1,3,2,816.0,1,244.79999999999998,0.00012918459961890134
14617.0,403,2,1904.7,1,2,1,4,2,952.35,2,571.41,0.0003080063079534186
13921.0,403,4,7307.0,1,3,2,6,2,1826.75,4,2192.1,0.0011953476461876089
17121.0,403,1,3147.4,1,1,1,3,2,3147.4,1,944.22,0.000512122902926602
13251.0,403,1,2526.8,1,1,1,3,2,2526.8,1,758.0400000000001,0.0004101877948229909
15336.0,402,1,2405.0,1,1,1,3,2,2405.0,1,721.5,0.000390181839026955
14942.0,402,4,7465.6,1,3,2,6,2,1866.4,4,2239.68,0.001221398094375222
15915.0,402,1,4292.1,1,1,2,4,2,4292.1,1,1287.63,0.0007001427518569979
14398.0,402,2,7077.9,1,2,2,5,2,3538.95,2,2123.37,0.0011577173959998273
16865.0,402,1,1309.5,1,1,1,3,2,1309.5,1,392.84999999999997,0.00021024321362008097
15233.0,402,1,594.0,1,1,1,3,2,594.0,1,178.2,9.272054225666853e-05
15481.0,402,1,19933.4,1,1,3,5,2,19933.4,1,5980.02,0.0032692655465411955
13331.0,402,1,2624.0,1,1,1,3,2,2624.0,1,787.1999999999999,0.0004261531388572657
18141.0,402,2,8824.7,1,2,2,5,2,4412.35,2,2647.4100000000003,0.0014446336815869818
13206.0,401,13,83773.2,1,4,4,9,2,6444.092307692307,13,25131.96,0.013755112975340609
12914.0,401,1,2239.8,1,1,1,3,2,2239.8,1,671.94,0.0003630473242691133
16590.0,401,2,6059.0,1,2,2,5,2,3029.5,2,1817.7,0.00099036051290803
13648.0,401,8,17640.2,1,4,3,8,2,2205.025,8,5292.06,0.0028926016891399693
13903.0,401,1,1654.5,1,1,1,3,2,1654.5,1,496.34999999999997,0.00026691032979111844
12958.0,401,2,5394.9,1,2,2,5,2,2697.45,2,1618.4699999999998,0.0008812804205915488
15425.0,401,4,19445.7,1,3,3,7,2,4861.425,4,5833.71,0.0031891595971017318
14136.0,401,5,15708.1,1,3,3,7,2,3141.62,5,4712.429999999999,0.002575249413331095
16707.0,401,4,5511.1,1,3,2,6,2,1377.775,4,1653.3300000000002,0.000900366562327997
16060.0,401,3,5419.5,1,2,2,5,2,1806.5,3,1625.85,0.0008853210323533098
16391.0,401,4,11036.1,1,3,3,7,2,2759.025,4,3310.83,0.0018078616836177998
13660.0,401,1,3145.9,1,1,1,3,2,3145.9,1,943.77,0.000511876524160641
13597.0,401,2,3967.1,1,2,2,5,2,1983.55,2,1190.1299999999999,0.0006467606858987742
13303.0,401,1,617.2,1,1,1,3,2,617.2,1,185.16,9.65312005035325e-05
16888.0,401,3,4371.5,1,2,2,5,2,1457.1666666666667,3,1311.45,0.0007131844012018686
13172.0,401,1,696.0,1,1,1,3,2,696.0,1,208.79999999999998,0.00010947429834201874
13646.0,400,2,3262.5,1,2,1,4,2,1631.25,2,978.75,0.0005310283669013453
17876.0,400,3,34240.2,1,2,4,7,2,11413.4,3,10272.06,0.005619193365775394
13154.0,400,3,16248.4,1,3,3,7,2,5416.133333333333,3,4874.5199999999995,0.0026639950448302586
15792.0,400,2,9338.4,1,2,3,6,2,4669.2,2,2801.52,0.0015290101963031032
13836.0,400,2,6203.7,1,2,2,5,2,3101.85,2,1861.11,0.0010141278511977376
14203.0,398,1,3393.4,1,1,1,3,2,3393.4,1,1018.02,0.0005525290205442113
18083.0,398,1,4707.3,1,1,2,4,2,4707.3,1,1412.19,0.0007683403942750117
16640.0,398,1,1794.0,1,1,1,3,2,1794.0,1,538.1999999999999,0.0002898235550254944
15560.0,398,2,1535.2,1,2,1,4,2,767.6,2,460.56,0.00024731500527168436
16787.0,398,4,10354.3,1,3,3,7,2,2588.575,4,3106.2899999999995,0.001695874321862978
16559.0,398,1,1852.0,1,1,1,3,2,1852.0,1,555.6,0.0002993502006426544
18098.0,397,1,5508.4,1,1,2,4,2,5508.4,1,1652.5199999999998,0.000899923080549267
12892.0,397,1,2633.8,1,1,1,3,2,2633.8,1,790.14,0.0004277628134615445
13738.0,397,1,4409.3,1,1,2,4,2,4409.3,1,1322.79,0.0007193931461040865
14927.0,397,1,3082.0,1,1,1,3,2,3082.0,1,924.5999999999999,0.0005013807887307009
17258.0,397,2,4173.0,1,2,2,5,2,2086.5,2,1251.8999999999999,0.0006805802778396919
13377.0,397,2,15528.8,1,2,3,6,2,7764.4,2,4658.639999999999,0.0025457989381732194
17000.0,397,2,4063.0,1,2,2,5,2,2031.5,2,1218.8999999999999,0.0006625125016692161
15441.0,397,3,12542.1,1,3,3,7,2,4180.7,3,3762.629999999999,0.002055225964642676
16420.0,397,1,750.0,1,1,1,3,2,750.0,1,225.0,0.0001183439339166159
15390.0,397,2,12166.6,1,2,3,6,2,6083.3,2,3649.98,0.0019935491468970976
15617.0,397,3,8285.5,1,3,2,6,2,2761.8333333333335,3,2485.65,0.0013560687278495226
13773.0,397,2,3015.4,1,2,1,4,2,1507.7,2,904.62,0.0004904415715220312
13691.0,397,1,2127.8,1,1,1,3,2,2127.8,1,638.34,0.0003446510430773562
15635.0,396,1,1003.5,1,1,1,3,2,1003.5,1,301.05,0.00015998194536403037
14899.0,396,1,13848.8,1,1,3,5,2,13848.8,1,4154.639999999999,0.002269854720296863
16021.0,396,2,5322.5,1,2,2,5,2,2661.25,2,1596.75,0.0008693885388211632
17467.0,396,1,1026.0,1,1,1,3,2,1026.0,1,307.8,0.00016367762685344587
14610.0,396,2,243.5,1,2,1,4,2,121.75,2,73.05,3.515003727710729e-05
17307.0,396,11,39998.9,1,4,4,9,2,3636.2636363636366,11,11999.67,0.0065650742988019265
17726.0,396,7,10920.6,1,4,3,8,2,1560.0857142857144,7,3276.18,0.0017888905186388
17807.0,396,3,4378.7,1,2,2,5,2,1459.5666666666666,3,1313.61,0.0007143670192784815
17476.0,396,2,4898.6,1,2,2,5,2,2449.3,2,1469.5800000000002,0.0007997618995605754
17363.0,396,3,9408.6,1,2,3,6,2,3136.2000000000003,3,2822.58,0.0015405407225500794
17208.0,396,1,1153.5,1,1,1,3,2,1153.5,1,346.05,0.00018461982196013363
14275.0,396,6,11893.8,1,3,3,7,2,1982.3,6,3568.14,0.001948741061994318
17983.0,396,1,1717.1,1,1,1,3,2,1717.1,1,515.13,0.00027719253695722553
16381.0,396,2,2587.0,1,2,1,4,2,1293.5,2,776.1,0.00042007579596356026
16977.0,396,4,4960.0,1,3,2,6,2,1240.0,4,1488.0,0.0008098470037139137
15011.0,396,2,4166.0,1,2,2,5,2,2083.0,2,1249.8,0.0006794305102652071
12907.0,396,2,5089.1,1,2,2,5,2,2544.55,2,1526.73,0.0008310520028376265
16740.0,396,1,2368.1,1,1,1,3,2,2368.1,1,710.43,0.0003841209213843136
13671.0,395,1,1949.5,1,1,1,3,2,1949.5,1,584.85,0.0003153648204301215
14399.0,395,8,21131.6,1,4,3,8,2,2641.45,8,6339.48,0.003466072904790868
13202.0,395,7,15803.0,1,3,3,7,2,2257.5714285714284,7,4740.9,0.0025908369765908963
13252.0,395,2,3993.0,1,2,2,5,2,1996.5,2,1197.8999999999999,0.000651014825924368
15131.0,395,1,802.8,1,1,1,3,2,802.8,1,240.83999999999997,0.00012701646647844423
14365.0,395,2,6346.8,1,2,2,5,2,3173.4,2,1904.04,0.00103763238547042
12666.0,395,1,12484.2,1,1,3,5,2,12484.2,1,3745.26,0.0020457157442765805
16868.0,395,3,3933.9,1,2,2,5,2,1311.3,3,1180.1699999999998,0.0006413075025455033
16662.0,395,1,1638.0,1,1,1,3,2,1638.0,1,491.4,0.0002642001633655471
17903.0,395,1,3810.9,1,2,2,5,2,3810.9,1,1143.27,0.0006211044437366987
14615.0,395,5,9517.6,1,3,3,7,2,1903.52,5,2855.28,0.0015584442462099146
13096.0,395,1,4197.0,1,1,2,4,2,4197.0,1,1259.1,0.0006845223380950685
13915.0,395,1,708.0,1,1,1,3,2,708.0,1,212.4,0.000111445328469707
13945.0,395,2,8541.5,1,2,2,5,2,4270.75,2,2562.45,0.0013981173705735386
15890.0,395,5,5356.5,1,3,2,6,2,1071.3,5,1606.95,0.0008749731241829465
15001.0,395,2,2308.6,1,2,1,4,2,1154.3,2,692.5799999999999,0.0003743478970011926
12927.0,395,1,1973.1,1,1,1,3,2,1973.1,1,591.93,0.00031924117968124173
13857.0,394,6,10010.1,1,3,3,7,2,1668.3500000000001,6,3003.03,0.0016393386077004537
15842.0,394,2,5488.0,1,2,2,5,2,2744.0,2,1646.3999999999999,0.0008965723293321969
17308.0,394,2,45117.6,1,2,4,7,2,22558.8,2,13535.279999999999,0.007405833625018417
17558.0,394,1,2591.7,1,1,1,3,2,2591.7,1,777.5099999999999,0.0004208477827635714
16786.0,394,1,518.4,1,1,1,3,2,518.4,1,155.51999999999998,8.030305245223249e-05
12803.0,394,1,10928.1,1,1,3,5,2,10928.1,1,3278.43,0.0017901224124686054
18057.0,394,3,12035.6,1,2,3,6,2,4011.866666666667,3,3610.68,0.0019720320680031676
16827.0,394,5,3921.3,1,3,2,6,2,784.26,5,1176.39,0.0006392379209114307
14922.0,394,2,8437.4,1,2,2,5,2,4218.7,2,2531.22,0.001381018684215843
17815.0,394,1,5919.6,1,1,2,4,2,5919.6,1,1775.88,0.0009674637129247182
15138.0,394,1,5025.2,1,1,2,4,2,5025.2,1,1507.56,0.0008205562674076864
16797.0,394,5,18277.7,1,3,3,7,2,3655.54,5,5483.31,0.002997312664673408
17688.0,394,1,3042.0,1,1,1,3,2,3042.0,1,912.6,0.0004948106883050735
18007.0,393,1,2203.2,1,1,1,3,2,2203.2,1,660.9599999999999,0.00035703568237966407
15566.0,393,2,2278.7,1,2,1,4,2,1139.35,2,683.6099999999999,0.00036943674693303604
13961.0,393,1,5384.0,1,1,2,4,2,5384.0,1,1615.2,0.0008794900682255655
17803.0,393,1,1846.6,1,1,1,3,2,1846.6,1,553.9799999999999,0.00029846323708519463
17210.0,393,1,2533.7,1,1,1,3,2,2533.7,1,760.1099999999999,0.00041132113714641155
18054.0,393,1,1765.0,1,1,1,3,2,1765.0,1,529.5,0.0002850602322169145
16199.0,393,7,9427.5,1,4,3,8,2,1346.7857142857142,7,2828.25,0.0015436450950011885
13293.0,393,6,11929.4,1,3,3,7,2,1988.2333333333333,6,3578.8199999999997,0.0019545884513731265
14559.0,391,1,756.0,1,1,1,3,2,756.0,1,226.79999999999998,0.00011932944898046004
14599.0,391,2,4745.4,1,2,2,5,2,2372.7,2,1423.62,0.0007745984149304219
15283.0,391,3,1483.3,1,3,1,5,2,494.43333333333334,3,444.98999999999995,0.00023879029996943258
17300.0,391,2,3936.4,1,2,2,5,2,1968.2,2,1180.92,0.0006417181338221052
15726.0,391,1,3219.1,1,1,1,3,2,3219.1,1,965.7299999999999,0.0005238998079395393
14807.0,391,2,5192.9,1,2,2,5,2,2596.45,2,1557.87,0.0008481014134421299
17497.0,391,2,2872.5,1,2,1,4,2,1436.25,2,861.75,0.0004669698877514768
13545.0,391,2,3746.4,1,2,2,5,2,1873.2,2,1123.92,0.0006105101568003744
16074.0,391,1,2652.5,1,1,1,3,2,2652.5,1,795.75,0.00043083433541052537
18063.0,391,2,1866.0,1,2,1,4,2,933.0,2,559.8,0.000301649735791624
17544.0,391,3,9606.9,1,2,3,6,2,3202.2999999999997,3,2882.0699999999997,0.0015731119954101279
16687.0,391,1,1576.3,1,1,1,3,2,1576.3,1,472.89,0.0002540657834590166
16314.0,390,3,14914.0,1,3,3,7,2,4971.333333333333,3,4474.2,0.0024448164946313244
17740.0,390,6,4269.0,1,3,2,6,2,711.5,6,1280.7,0.0006963485188611981
12376.0,390,2,5031.5,1,2,2,5,2,2515.75,2,1509.45,0.0008215910582247229
17992.0,390,1,2541.3,1,1,1,3,2,2541.3,1,762.39,0.00041256945622728083
16087.0,390,5,17399.2,1,3,3,7,2,3479.84,5,5219.76,0.0028530168340755633
14065.0,390,3,8910.2,1,2,2,5,2,2970.066666666667,3,2673.06,0.0014586772712467605
13582.0,390,2,2416.8,1,2,1,4,2,1208.4,2,725.0400000000001,0.00039212001865251517
14526.0,390,1,2624.0,1,1,1,3,2,2624.0,1,787.1999999999999,0.0004261531388572657
17106.0,390,1,4912.3,1,1,2,4,2,4912.3,1,1473.69,0.0008020121589563528
14358.0,390,2,4000.6,1,2,2,5,2,2000.3,2,1200.1799999999998,0.0006522631450052372
14192.0,389,1,2937.4,1,1,1,3,2,2937.4,1,881.22,0.00047762987569205747
13795.0,389,4,8363.0,1,3,2,6,2,2090.75,4,2508.9,0.0013687982974241758
13624.0,389,1,4620.8,1,1,2,4,2,4620.8,1,1386.24,0.0007541325521045922
13789.0,389,1,2394.6,1,1,1,3,2,2394.6,1,718.38,0.00038847361291629185
17689.0,389,2,3170.8,1,2,1,4,2,1585.4,2,951.24,0.0005159664116755941
15161.0,389,1,1199.2,1,1,1,3,2,1199.2,1,359.76,0.00019212616169641308
15968.0,389,1,4180.5,1,1,2,4,2,4180.5,1,1254.1499999999999,0.000681812171669497
15515.0,388,1,1718.1,1,1,1,3,2,1718.1,1,515.43,0.0002773567894678662
14811.0,388,1,1705.0,1,1,1,3,2,1705.0,1,511.5,0.0002752050815784732
13237.0,388,1,6430.0,1,1,2,4,2,6430.0,1,1929.0,0.0010512981943557255
13964.0,388,2,4389.0,1,2,2,5,2,2194.5,2,1316.7,0.0007160588201380806
17310.0,388,2,10251.0,1,2,3,6,2,5125.5,2,3075.2999999999997,0.0016789070375137951
14417.0,388,1,6042.0,1,1,2,4,2,6042.0,1,1812.6,0.0009875682202271383
13605.0,388,2,5226.7,1,2,2,5,2,2613.35,2,1568.01,0.0008536531483017851
18256.0,388,1,1107.0,1,2,1,4,2,1107.0,1,332.09999999999997,0.0001769820802153416
18195.0,388,1,1011.6,1,1,1,3,2,1011.6,1,303.48,0.00016131239070021997
17200.0,388,4,3567.1,1,3,2,6,2,891.775,4,1070.1299999999999,0.0005810596816424988
17421.0,387,3,10594.1,1,2,3,6,2,3531.366666666667,3,3178.23,0.0017352620739146155
14405.0,387,1,1950.0,1,1,1,3,2,1950.0,1,585.0,0.00031544694668544183
16089.0,387,2,2714.4,1,2,1,4,2,1357.2,2,814.32,0.000441001565819184
17089.0,387,1,1284.5,1,1,1,3,2,1284.5,1,385.34999999999997,0.00020613690085406376
16973.0,387,1,1270.0,1,1,1,3,2,1270.0,1,381.0,0.0002037552394497738
13864.0,387,1,6624.0,1,1,2,4,2,6624.0,1,1987.1999999999998,0.0010831631814200188
13970.0,387,2,8465.5,1,2,2,5,2,4232.75,2,2539.65,0.0013856341797648464
13996.0,387,2,8957.6,1,2,2,5,2,4478.8,2,2687.28,0.0014664628402511293
17355.0,387,1,2851.1,1,1,1,3,2,2851.1,1,855.3299999999999,0.000463454884023766
16588.0,387,4,13612.8,1,3,3,7,2,3403.2,4,4083.8399999999997,0.002231091127785661
14614.0,387,1,2951.3,1,1,1,3,2,2951.3,1,885.39,0.00047991298558996303
13665.0,387,3,17116.6,1,3,3,7,2,5705.533333333333,3,5134.98,0.0028065990745685045
17776.0,387,2,3385.6,1,2,1,4,2,1692.8,2,1015.68,0.0005512478509612139
17868.0,387,1,2346.5,1,1,1,3,2,2346.5,1,703.9499999999999,0.0003805730671544747
13156.0,386,3,15865.4,1,3,3,7,2,5288.466666666666,3,4759.619999999999,0.002601086333254875
17241.0,386,12,27441.4,1,4,4,9,2,2286.7833333333333,12,8232.42,0.004502473396431483
16346.0,386,1,2245.1,1,1,1,3,2,2245.1,1,673.53,0.0003639178625755089
17683.0,386,3,8190.1,1,3,2,6,2,2730.0333333333333,3,2457.03,0.001340399038334401
17269.0,386,1,5374.6,1,1,2,4,2,5374.6,1,1612.38,0.0008779460946255431
17493.0,386,1,1009.1,1,1,1,3,2,1009.1,1,302.73,0.00016090175942361825
16228.0,386,3,8908.1,1,2,2,5,2,2969.366666666667,3,2672.43,0.001458332340974415
12978.0,386,5,25028.2,1,3,4,8,2,5005.64,5,7508.46,0.004106099237753374
17532.0,386,1,653.4,1,1,1,3,2,653.4,1,196.01999999999998,0.00010247714138872541
15846.0,386,1,1070.1,1,1,1,3,2,1070.1,1,321.03,0.0001709211625727002
12419.0,386,2,5030.1,1,2,2,5,2,2515.05,2,1509.03,0.0008213611047098258
12629.0,386,2,15582.2,1,2,3,6,2,7791.1,2,4674.66,0.0025545700222414326
12874.0,386,2,9484.2,1,2,3,6,2,4742.1,2,2845.26,0.0015529582123545156
16599.0,386,1,1728.0,1,1,1,3,2,1728.0,1,518.4,0.00027898288932320903
12858.0,384,1,1779.2,1,1,1,3,2,1779.2,1,533.76,0.00028739261786801226
12887.0,384,1,2224.0,1,1,1,3,2,2224.0,1,667.1999999999999,0.0003604521346009904
16946.0,384,5,12220.4,1,3,3,7,2,2444.08,5,3666.12,0.002002385931969567
16501.0,384,1,12372.3,1,1,3,5,2,12372.3,1,3711.6899999999996,0.002027335888335887
17036.0,384,1,1769.0,1,1,1,3,2,1769.0,1,530.6999999999999,0.00028571724225947724
15155.0,384,1,3839.7,1,1,2,4,2,3839.7,1,1151.9099999999999,0.0006258349160431504
12807.0,384,1,3303.5,1,1,1,3,2,3303.5,1,991.05,0.0005377627198376134
13550.0,384,1,3495.1,1,2,2,5,2,3495.1,1,1048.53,0.0005692335008763694
17335.0,384,2,5080.0,1,2,2,5,2,2540.0,2,1524.0,0.0008295573049907963
13275.0,384,2,2416.6,1,2,1,4,2,1208.3,2,724.9799999999999,0.00039208716815038695
17275.0,384,1,1145.2,1,1,1,3,2,1145.2,1,343.56,0.0001832565261218159
15519.0,384,2,3446.1,1,2,1,4,2,1723.05,2,1033.83,0.0005611851278549756
15377.0,383,4,12117.5,1,3,3,7,2,3029.375,4,3635.25,0.00198548434862464
15169.0,383,2,5692.2,1,2,2,5,2,2846.1,2,1707.6599999999999,0.0009301126920050255
15590.0,383,5,14966.0,1,3,3,7,2,2993.2,5,4489.8,0.0024533576251846404
16252.0,383,1,2950.9,1,1,1,3,2,2950.9,1,885.27,0.0004798472845857067
17713.0,383,4,11980.9,1,3,3,7,2,2995.225,4,3594.27,0.001963047455671122
13086.0,383,1,4393.3,1,1,2,4,2,4393.3,1,1317.99,0.0007167651059338356
14134.0,383,15,111233.5,1,4,4,9,2,7415.566666666667,15,33370.049999999996,0.018265536193287097
16972.0,383,2,7862.5,1,2,2,5,2,3931.25,2,2358.75,0.0012865899158485113
14478.0,383,4,12766.6,1,3,3,7,2,3191.65,4,3829.98,0.002092100653281511
17782.0,383,2,6790.2,1,2,2,5,2,3395.1,2,2037.06,0.0011104619486885013
14994.0,383,5,9606.3,1,3,3,7,2,1921.2599999999998,5,2881.89,0.0015730134439037435
16373.0,383,2,3094.9,1,2,1,4,2,1547.45,2,928.47,0.0005034996461179659
17570.0,382,1,1000.0,1,1,1,3,2,1000.0,1,300.0,0.00015940706157678797
16821.0,382,1,1133.5,1,2,1,4,2,1133.5,1,340.05,0.00018133477174731987
13181.0,382,1,3596.9,1,2,2,5,2,3596.9,1,1079.07,0.0005859544064595914
14252.0,382,1,3509.9,1,2,2,5,2,3509.9,1,1052.97,0.0005716644380338515
14926.0,382,2,3594.0,1,2,2,5,2,1797.0,2,1078.2,0.0005854780741787334
14202.0,382,3,8477.6,1,2,2,5,2,2825.866666666667,3,2543.28,0.0013876216351435989
12889.0,382,4,3854.6,1,3,2,6,2,963.65,4,1156.3799999999999,0.0006282822784516968
16001.0,382,1,5833.9,1,1,2,4,2,5833.9,1,1750.1699999999998,0.000953387272762811
12880.0,382,2,6401.3,1,2,2,5,2,3200.65,2,1920.3899999999999,0.0010465841473003377
18047.0,382,2,3426.9,1,2,1,4,2,1713.45,2,1028.07,0.0005580314796506743
17598.0,382,1,4099.8,1,1,2,4,2,4099.8,1,1229.94,0.0006685569940607936
14679.0,382,3,12894.4,1,3,3,7,2,4298.133333333333,3,3868.3199999999997,0.0021130921241413908
13843.0,382,1,3197.5,1,1,1,3,2,3197.5,1,959.25,0.0005203519537097005
12805.0,382,4,14349.5,1,3,3,7,2,3587.375,4,4304.849999999999,0.002352095952374656
17872.0,382,1,2358.7,1,1,1,3,2,2358.7,1,707.6099999999999,0.0003825769477842911
17098.0,382,3,5910.7,1,2,2,5,2,1970.2333333333333,3,1773.2099999999998,0.0009660018655800158
17766.0,382,2,2996.1,1,2,1,4,2,1498.05,2,898.8299999999999,0.0004872714980666658
16437.0,382,2,3012.5,1,2,1,4,2,1506.25,2,903.75,0.0004899652392411732
16935.0,382,3,5351.0,1,2,2,5,2,1783.6666666666667,3,1605.3,0.0008740697353744227
16155.0,382,5,7969.0,1,3,2,6,2,1593.8,5,2390.7,0.0013040828082317446
15173.0,381,7,14946.0,1,4,3,8,2,2135.1428571428573,7,4483.8,0.002450072574971827
17998.0,381,3,6392.4,1,2,2,5,2,2130.7999999999997,3,1917.7199999999998,0.0010451222999556355
15902.0,381,1,1450.1,1,1,1,3,2,1450.1,1,435.03,0.00023333711661616176
13554.0,381,7,16382.8,1,4,3,8,2,2340.4,7,4914.84,0.0026860705822603676
14458.0,381,1,2374.2,1,1,1,3,2,2374.2,1,712.2599999999999,0.00038512286169922175
16489.0,381,2,3037.0,1,2,1,4,2,1518.5,2,911.1,0.00049398942575187
15509.0,381,1,1665.1,1,1,1,3,2,1665.1,1,499.53,0.0002686514064039097
15476.0,381,4,22099.8,1,3,3,7,2,5524.95,4,6629.94,0.003625102185593182
16699.0,381,7,9946.0,1,4,3,8,2,1420.857142857143,7,2983.7999999999997,0.0016288100217683853
18076.0,381,1,1514.9,1,1,1,3,2,1514.9,1,454.47,0.0002439806793056784
15936.0,380,2,2827.9,1,2,1,4,2,1413.95,2,848.37,0.0004596442257769021
15961.0,380,1,4512.9,1,1,2,4,2,4512.9,1,1353.87,0.0007364097062064618
14721.0,380,1,1157.7,1,1,1,3,2,1157.7,1,347.31,0.0001853096825048245
17167.0,380,3,8671.1,2,2,2,6,2,2890.366666666667,3,2601.33,0.001419404495952572
15495.0,380,1,2465.0,2,1,1,4,2,2465.0,1,739.5,0.0004000369896653963
13019.0,380,6,12299.5,2,3,3,8,2,2049.9166666666665,6,3689.85,0.002015378305561245
15084.0,380,2,9652.0,2,2,3,7,2,4826.0,2,2895.6,0.001580519783640023
16874.0,380,1,2177.4,2,1,1,4,2,2177.4,1,653.22,0.0003527979676051344
17989.0,380,1,2288.3,2,1,1,4,2,2288.3,1,686.49,0.0003710135710351867
17882.0,380,2,3134.6,2,2,1,5,2,1567.3,2,940.3799999999999,0.0005100204707904012
12385.0,380,1,19384.0,2,1,3,6,2,19384.0,1,5815.2,0.003179025217195201
17996.0,380,3,4823.3,2,2,2,6,2,1607.7666666666667,3,1446.99,0.0007873936855093315
12961.0,380,1,2119.9,2,1,1,4,2,2119.9,1,635.97,0.00034335344824329477
16231.0,380,4,10782.2,2,3,3,8,2,2695.55,4,3234.6600000000003,0.001766157971166129
13987.0,380,2,6825.4,2,2,2,6,2,3412.7,2,2047.62,0.0011162436370630534
14627.0,380,1,4627.5,2,1,2,5,2,4627.5,1,1388.25,0.0007552330439258848
17342.0,380,4,12275.4,2,3,3,8,2,3068.85,4,3682.62,0.002011419820054805
18025.0,380,6,11777.2,2,3,3,8,2,1962.8666666666668,6,3533.1600000000003,0.001929589219253614
13958.0,380,8,47092.3,2,4,4,10,2,5886.5375,8,14127.69,0.007730183057780585
15020.0,380,1,2034.2,2,1,1,4,2,2034.2,1,610.26,0.00032927700808138777
15728.0,380,2,5446.0,2,2,2,6,2,2723.0,2,1633.8,0.0008896737238852881
18031.0,379,1,4621.0,2,1,2,5,2,4621.0,1,1386.3,0.0007541654026067203
16262.0,379,1,7551.5,2,1,2,5,2,7551.5,1,2265.45,0.0012355073850392573
15638.0,379,6,22652.0,2,3,3,8,2,3775.3333333333335,6,6795.599999999999,0.00371580242196897
16254.0,379,3,9851.4,2,2,3,7,2,3283.7999999999997,3,2955.4199999999996,0.001613271734261776
17952.0,379,4,8196.1,2,3,2,7,2,2049.025,4,2458.83,0.001341384553398245
15914.0,379,2,2059.9,2,2,1,5,2,1029.95,2,617.97,0.0003334982976048535
13891.0,379,3,8635.6,2,2,2,6,2,2878.5333333333333,3,2590.68,0.0014135735318248274
17283.0,379,1,1884.6,2,1,1,4,2,1884.6,1,565.38,0.00030470483248954083
16138.0,379,3,9103.5,2,2,3,7,2,3034.5,3,2731.0499999999997,0.0014904272815536054
17150.0,377,6,13756.5,2,3,3,8,2,2292.75,6,4126.95,0.0022546942135647278
15446.0,377,3,4069.5,2,2,2,6,2,1356.5,3,1220.85,0.0006635801429883807
14986.0,377,2,5669.0,2,2,2,6,2,2834.5,2,1700.7,0.0009263020337581617
13542.0,377,17,40061.7,2,4,4,10,2,2356.570588235294,17,12018.509999999998,0.006575389356470161
12605.0,377,4,12329.5,2,3,3,8,2,3082.375,4,3698.85,0.002020305880880466
15583.0,377,1,1078.6,2,1,1,4,2,1078.6,1,323.58,0.00017231730891314605
16421.0,377,3,5262.7,2,2,2,6,2,1754.2333333333333,3,1578.81,0.00085956623868485
15037.0,377,2,4025.1,2,2,2,6,2,2012.55,2,1207.53,0.0006562873315159341
13254.0,377,1,514.1,2,1,1,4,2,514.1,1,154.23,7.959676665647753e-05
17322.0,377,5,9225.9,2,3,3,8,2,1845.1799999999998,5,2767.77,0.0015105317888560257
15580.0,377,8,13811.9,2,4,3,9,2,1726.4875,8,4143.57,0.002263793802654222
18003.0,377,1,3586.1,2,2,2,6,2,3586.1,1,1075.83,0.0005841804793446719
17607.0,377,1,3338.1,2,1,1,4,2,3338.1,1,1001.43,0.0005434458567057812
14454.0,377,5,9773.0,2,3,3,8,2,1954.6,5,2931.9,0.0016003943374275464
17804.0,377,3,3852.3,2,3,2,7,2,1284.1000000000001,3,1155.69,0.0006279044976772232
12351.0,376,1,3009.3,2,1,1,4,2,3009.3,1,902.7900000000001,0.000489439631207123
14510.0,376,3,10072.8,2,2,3,7,2,3357.6,3,3021.8399999999997,0.0016496372401176246
17547.0,376,2,7278.5,2,2,2,6,2,3639.25,2,2183.5499999999997,0.0011906664496343492
18002.0,376,4,2499.2,2,3,1,6,2,624.8,4,749.7599999999999,0.0004056544255293078
17756.0,376,3,7337.0,2,2,2,6,2,2445.6666666666665,3,2201.1,0.0012002752215068296
16355.0,376,1,4163.5,2,1,2,5,2,4163.5,1,1249.05,0.0006790198789886054
12996.0,376,1,3555.0,2,2,2,6,2,3555.0,1,1066.5,0.0005790722262637466
14170.0,376,3,5973.3,2,2,2,6,2,1991.1000000000001,3,1791.99,0.000976284072746123
15828.0,376,1,11088.2,2,1,3,6,2,11088.2,1,3326.46,0.0018164192394221797
12767.0,376,1,9498.2,2,2,3,7,2,9498.2,1,2849.46,0.0015552577475034853
14119.0,376,2,1833.7,2,2,1,5,2,916.85,2,550.11,0.0002963443796979298
15404.0,376,1,2570.6,2,1,1,4,2,2570.6,1,771.18,0.00041738205478905296
17814.0,376,2,16173.2,2,2,3,7,2,8086.6,2,4851.96,0.002651643256030079
16194.0,376,1,3086.0,2,1,1,4,2,3086.0,1,925.8,0.0005020377987732637
12870.0,376,3,16769.5,2,3,3,8,2,5589.833333333333,3,5030.849999999999,0.0027495870281251215
15989.0,376,2,3725.1,2,2,2,6,2,1862.55,2,1117.53,0.0006070115783237276
16223.0,375,2,11023.5,2,2,3,7,2,5511.75,2,3307.0499999999997,0.0018057921019837269
17820.0,375,1,1835.6,2,1,1,4,2,1835.6,1,550.68,0.0002966564594681471
17826.0,375,1,1345.9,2,1,1,4,2,1345.9,1,403.77000000000004,0.00021622200500740206
15960.0,375,4,4109.5,2,3,2,7,2,1027.375,4,1232.85,0.0006701502434140082
13010.0,375,2,3301.2,2,2,1,5,2,1650.6,2,990.3599999999999,0.0005373849390631398
14605.0,375,4,9371.6,2,3,3,8,2,2342.9,4,2811.48,0.001534463379656374
17170.0,375,2,1786.8,2,2,1,5,2,893.4,2,536.04,0.0002886409369488815
13444.0,375,2,6316.8,2,2,2,6,2,3158.4,2,1895.04,0.0010327048101511996
17378.0,375,1,109.5,2,1,1,4,2,109.5,1,32.85,1.3140200851255063e-05
13693.0,375,9,20118.2,2,4,3,9,2,2235.355555555556,9,6035.460000000001,0.003299619410507595
17281.0,375,6,7978.5,2,3,2,7,2,1329.75,6,2393.5499999999997,0.0013056432070828311
18039.0,375,4,5791.7,2,3,2,7,2,1447.925,4,1737.51,0.0009464558168137741
17968.0,374,4,8880.4,2,3,2,7,2,2220.1,4,2664.12,0.0014537825464296678
14237.0,374,2,6321.4,2,2,2,6,2,3160.7,2,1896.4199999999998,0.0010334603717001465
13065.0,374,5,12609.1,2,3,3,8,2,2521.82,5,3782.73,0.0020662308828556025
18074.0,374,2,15090.4,2,2,3,7,2,7545.2,2,4527.12,0.0024737906375083417
16048.0,374,4,10752.3,2,3,3,8,2,2688.075,4,3225.6899999999996,0.0017612468210979721
15350.0,374,2,6632.5,2,2,2,6,2,3316.25,2,1989.75,0.0010845593277604647
12791.0,374,6,10561.1,2,3,3,8,2,1760.1833333333334,6,3168.33,0.0017298417410634727
15165.0,374,1,9755.0,2,2,3,7,2,9755.0,1,2926.5,0.001597437792236014
17908.0,374,5,14115.4,2,3,3,8,2,2823.08,5,4234.62,0.0023136444396336707
17643.0,374,2,5412.5,2,2,2,6,2,2706.25,2,1623.75,0.0008841712647788251
16583.0,374,2,5314.0,2,2,2,6,2,2657.0,2,1594.2,0.0008679923924807174
18011.0,374,2,5270.3,2,2,2,6,2,2635.15,2,1581.09,0.0008608145577657191
13747.0,374,2,2494.0,2,2,1,5,2,1247.0,2,748.1999999999999,0.00040480031247397625
15922.0,374,1,7390.0,2,1,2,5,2,7390.0,1,2217.0,0.0012089806045707861
14729.0,374,3,9073.8,2,2,3,7,2,3024.6,3,2722.14,0.001485548981987577
16274.0,374,1,7159.0,2,1,2,5,2,7159.0,1,2147.7,0.001171038274612787
14142.0,374,2,9831.5,2,2,3,7,2,4915.75,2,2949.45,0.0016100031093000265
17850.0,373,155,566000.8,2,4,4,10,1,3651.6180645161294,155,169800.24000000002,0.09296220697557418
17976.0,373,1,7063.8,2,1,2,5,2,7063.8,1,2119.14,0.0011554014355997936
15923.0,373,1,2541.6,2,1,1,4,2,2541.6,1,762.4799999999999,0.000412618731980473
16752.0,373,1,4150.0,2,1,2,5,2,4150.0,1,1245.0,0.0006768024700949561
15363.0,373,2,10041.1,2,2,3,7,2,5020.55,2,3012.33,0.0016444304355303148
17925.0,373,1,4881.6,2,1,2,5,2,4881.6,1,1464.48,0.0007969696068796837
16754.0,373,29,675024.7,2,4,4,10,0,23276.713793103445,29,202507.40999999997,0.1108696562704135
15823.0,373,3,38971.7,2,2,4,8,2,12990.566666666666,3,11691.509999999998,0.00639635411987181
17855.0,373,1,4179.4,2,1,2,5,2,4179.4,1,1253.82,0.0006816314939077923
12855.0,373,4,6509.4,2,3,2,7,2,1627.35,4,1952.8199999999997,0.0010643398437005958
16781.0,373,2,9342.5,2,2,3,7,2,4671.25,2,2802.75,0.00152968363159673
15070.0,373,3,8432.5,2,2,2,6,2,2810.8333333333335,3,2529.75,0.0013802138469137036
17732.0,373,8,24703.9,2,4,4,10,2,3087.9875,8,7411.17,0.004052832148552599
13011.0,373,1,1011.0,2,1,1,4,2,1011.0,1,303.3,0.00016121383919383555
13108.0,373,2,10985.2,2,2,3,7,2,5492.6,2,3295.56,0.0017995012308261887
16510.0,373,6,21000.0,2,3,3,8,2,3500.0,6,6300.0,0.0034444572743905534
14576.0,373,1,708.0,2,1,1,4,2,708.0,1,212.4,0.000111445328469707
12738.0,373,1,3107.0,2,1,1,4,2,3107.0,1,932.0999999999999,0.0005054871014967181
16926.0,372,5,14213.5,2,3,3,8,2,2842.7,5,4264.05,0.0023297576109275226
12725.0,372,4,26945.6,2,3,4,9,2,6736.4,4,8083.679999999999,0.004421037001655829
17967.0,372,2,3572.9,2,2,2,6,2,1786.45,2,1071.87,0.0005820123462042148
14589.0,372,1,795.0,2,1,1,4,2,795.0,1,238.5,0.0001257352968954469
12686.0,372,1,1782.8,2,1,1,4,2,1782.8,1,534.8399999999999,0.0002879839269063187
13370.0,372,1,15097.4,2,1,3,6,2,15097.4,1,4529.219999999999,0.0024749404050828263
14813.0,370,4,10908.7,2,3,3,8,2,2727.175,4,3272.61,0.001786935913762176
16718.0,370,5,36475.3,2,3,4,9,2,7295.06,5,10942.59,0.005986314152308397
15880.0,370,1,6865.6,2,1,2,5,2,6865.6,1,2059.68,0.001122846587990809
18113.0,369,1,1526.4,2,1,1,4,2,1526.4,1,457.92,0.0002458695831780463
16858.0,369,10,46682.8,2,4,4,10,2,4668.280000000001,10,14004.84,0.007662921654673222
16658.0,369,6,8140.7,2,3,2,7,2,1356.7833333333333,6,2442.21,0.0013322849643087509
17860.0,369,4,10155.4,2,3,3,8,2,2538.85,4,3046.62,0.0016632044974965454
15899.0,369,1,1125.0,2,2,1,5,2,1125.0,1,337.5,0.000179938625406874
13786.0,368,6,33589.4,2,3,4,9,2,5598.233333333334,6,10076.82,0.005512297831850434
18119.0,368,1,3622.4,2,2,2,6,2,3622.4,1,1086.72,0.000590142845480929
16125.0,368,14,45876.5,2,4,4,10,2,3276.8928571428573,14,13762.949999999999,0.007530484855343635
15180.0,368,3,9044.3,2,2,3,7,2,3014.7666666666664,3,2713.2899999999995,0.0014807035329236764
13807.0,368,3,5348.0,2,2,2,6,2,1782.6666666666667,3,1604.3999999999999,0.0008735769778425006
15332.0,367,6,65537.4,2,3,4,9,2,10922.9,6,19661.219999999998,0.010759837041799144
14821.0,367,7,12864.5,2,4,3,9,2,1837.7857142857142,7,3859.35,0.0021081809740732343
13270.0,367,1,11800.0,2,1,3,6,2,11800.0,1,3540.0,0.0019333341764962216
18269.0,367,1,3372.0,2,1,1,4,2,3372.0,1,1011.5999999999999,0.0005490140168165006
15221.0,367,4,24654.5,2,3,4,9,2,6163.625,4,7396.349999999999,0.004044718074526948
16679.0,367,3,7930.6,2,3,2,7,2,2643.5333333333333,3,2379.18,0.0012977755118231422
15973.0,367,3,9884.4,2,2,3,7,2,3294.7999999999997,3,2965.3199999999997,0.0016186920671129189
15347.0,367,4,13636.0,2,3,3,8,2,3409.0,4,4090.7999999999997,0.002234901786032525
16893.0,367,2,4017.7,2,2,2,6,2,2008.85,2,1205.31,0.0006550718629371931
12441.0,367,1,3471.0,2,1,1,4,2,3471.0,1,1041.3,0.0005652750153699287
14437.0,366,5,9588.4,2,3,3,8,2,1917.6799999999998,5,2876.52,0.0015700733239632752
13369.0,366,1,6165.6,2,1,2,5,2,6165.6,1,1849.68,0.0010078698305423274
16065.0,366,8,23826.2,2,4,4,10,2,2978.275,8,7147.86,0.003908667719963266
17978.0,366,4,14617.6,2,3,3,8,2,3654.4,4,4385.28,0.0023961320504774244
16795.0,366,3,24923.9,2,3,4,9,2,8307.966666666667,3,7477.17,0.0040889677008935504
12797.0,366,2,8061.1,2,2,2,6,2,4030.55,2,2418.33,0.001319210464461752
14932.0,366,2,10296.6,2,2,3,7,2,5148.3,2,3088.98,0.0016863969519990108
14355.0,366,3,10144.5,2,2,3,7,2,3381.5,3,3043.35,0.001661414145130562
15945.0,366,4,8272.7,2,3,2,7,2,2068.175,4,2481.81,0.0013539662957133217
17456.0,366,2,12254.2,2,2,3,7,2,6127.1,2,3676.26,0.002007937666829222
17880.0,365,3,8249.2,2,3,2,7,2,2749.7333333333336,3,2474.76,0.0013501063617132657
16727.0,365,4,14374.2,2,3,3,8,2,3593.55,4,4312.26,0.002356152989387481
15723.0,365,4,9476.5,2,3,3,8,2,2369.125,4,2842.95,0.001551693468022582
16565.0,365,4,7730.5,2,3,2,7,2,1932.625,4,2319.15,0.0012649085844439406
14082.0,365,2,4133.6,2,2,2,6,2,2066.8,2,1240.0800000000002,0.0006741087289204489
12785.0,365,3,11004.0,2,2,3,7,2,3668.0,3,3301.2,0.0018025891780262336
16665.0,363,1,1354.0,2,1,1,4,2,1354.0,1,406.2,0.0002175524503435916
14413.0,363,4,7703.7,2,3,2,7,2,1925.925,4,2311.1099999999997,0.0012605066171587698
18004.0,363,1,1694.7,2,1,1,4,2,1694.7,1,508.40999999999997,0.0002735132807188741
15454.0,363,2,3076.9,2,2,1,5,2,1538.45,2,923.0699999999999,0.0005005431009264334
17251.0,363,3,8124.3,2,3,2,7,2,2708.1,3,2437.2899999999995,0.0013295912231342433
15503.0,363,2,2671.5,2,2,1,5,2,1335.75,2,801.4499999999999,0.0004339551331126984
15361.0,362,4,6890.7,2,3,2,7,2,1722.675,4,2067.21,0.0011269693260078906
17524.0,362,3,5391.4,2,2,2,6,2,1797.1333333333332,3,1617.4199999999998,0.0008807055368043065
17303.0,362,1,2500.4,2,1,1,4,2,2500.4,1,750.12,0.0004058515285420767
13948.0,361,4,5487.6,2,3,2,7,2,1371.9,4,1646.28,0.0008965066283279407
16202.0,361,9,25019.9,2,4,4,10,2,2779.988888888889,9,7505.97,0.004104735941915056
16812.0,361,4,23920.0,2,3,4,9,2,5980.0,4,7176.0,0.003924074605461363
16499.0,361,8,25783.4,2,4,4,10,2,3222.925,8,7735.02,0.004230142733789222
17551.0,360,1,3068.4,2,1,1,4,2,3068.4,1,920.52,0.0004991469545859876
13295.0,360,4,11019.7,2,3,3,8,2,2754.925,4,3305.9100000000003,0.0018051679424432926
18050.0,360,2,4120.6,2,2,2,6,2,2060.3,2,1236.18,0.00067197344628212
17752.0,360,1,806.4,2,1,1,4,2,806.4,1,241.92,0.0001276077755167507
17525.0,360,3,11619.0,2,2,3,7,2,3873.0,3,3485.7,0.0019036044720702567
13874.0,359,7,20491.5,2,4,3,9,2,2927.3571428571427,7,6147.45,0.0033609348727297633
18176.0,359,1,4763.5,2,1,2,5,2,4763.5,1,1429.05,0.0007775713853730183
12967.0,359,3,43069.2,2,2,4,8,2,14356.4,3,12920.759999999998,0.0070693787822220305
15224.0,359,5,8713.6,2,3,2,7,2,1742.72,5,2614.08,0.0014263852276548011
17691.0,359,4,7800.5,2,3,2,7,2,1950.125,4,2340.15,0.0012764062601887888
14373.0,359,1,765.5,2,1,1,4,2,765.5,1,229.65,0.00012088984783154659
17496.0,359,4,14128.9,2,3,3,8,2,3532.225,4,4238.67,0.0023158618485273202
15789.0,359,6,19620.1,2,3,3,8,2,3270.0166666666664,6,5886.03,0.0032178052349574673
15204.0,358,1,3165.8,2,1,1,4,2,3165.8,1,949.74,0.0005151451491223907
12551.0,358,1,1680.0,2,1,1,4,2,1680.0,1,504.0,0.000271098768812456
15160.0,358,4,5892.7,2,3,2,7,2,1473.175,4,1767.81,0.0009630453203884836
13033.0,358,2,2205.5,2,2,1,5,2,1102.75,2,661.65,0.00035741346315413766
17343.0,356,6,12599.4,2,3,3,8,2,2099.9,6,3779.82,0.002064637633502388
15279.0,355,5,15805.4,2,3,3,8,2,3161.08,5,4741.62,0.002591231182616434
15460.0,355,1,2167.6,2,1,1,4,2,2167.6,1,650.28,0.00035118829300085557
16270.0,354,1,11412.4,2,1,3,6,2,11412.4,1,3423.72,0.0018696699033718905
12515.0,354,1,3837.0,2,1,2,5,2,3837.0,1,1151.1,0.0006253914342644206
12734.0,353,3,6396.5,2,2,2,6,2,2132.1666666666665,3,1918.9499999999998,0.0010457957352492623
13922.0,352,3,8652.0,2,2,2,6,2,2884.0,3,2595.6,0.0014162672729993346
15562.0,352,3,6733.8,2,3,2,7,2,2244.6,3,2020.1399999999996,0.0011011981070883662
13304.0,352,4,12179.9,2,3,3,8,2,3044.975,4,3653.97,0.0019957337052886187
16282.0,340,3,13075.8,2,3,3,8,2,4358.599999999999,3,3922.74,0.0021428875295716114
15464.0,339,1,10488.5,2,1,3,6,2,10488.5,1,3146.5499999999997,0.0017179170087909586
15266.0,339,5,8522.1,2,3,2,7,2,1704.42,5,2556.63,0.0013949308718671095
12386.0,338,2,6608.0,2,2,2,6,2,3304.0,2,1982.3999999999999,0.0010805351412497678
13187.0,338,4,3670.1,2,3,2,7,2,917.525,4,1101.03,0.0005979776902384898
15649.0,337,4,21703.5,2,3,3,8,2,5425.875,4,6511.05,0.003560008915626278
12489.0,337,1,3349.3,2,1,1,4,2,3349.3,1,1004.79,0.0005452854848249569
15607.0,337,9,17089.7,2,4,3,9,2,1898.8555555555556,9,5126.91,0.00280218068203227
14889.0,337,1,1359.0,2,1,1,4,2,1359.0,1,407.7,0.00021837371289679504
12829.0,337,3,3853.0,2,3,2,7,2,1284.3333333333333,3,1155.8999999999999,0.0006280194744346716
12501.0,337,1,21693.9,2,1,3,6,2,21693.9,1,6508.17,0.003558432091524127
18032.0,335,1,735.0,2,1,1,4,2,735.0,1,220.5,0.00011588014625700559
12651.0,335,4,3777.5,2,3,2,7,2,944.375,4,1133.25,0.0006156184098812998
17128.0,335,1,1570.9,2,1,1,4,2,1570.9,1,471.27,0.0002531788199015569
12793.0,335,3,10173.3,2,2,3,7,2,3391.1,3,3051.99,0.0016661446174370137
15100.0,334,7,28947.0,2,4,4,10,2,4135.285714285715,7,8684.1,0.004749771976452103
16850.0,334,1,3324.1,2,1,1,4,2,3324.1,1,997.2299999999999,0.0005411463215568115
15326.0,334,5,17005.2,2,3,3,8,2,3401.04,5,5101.56,0.002788301344883132
17406.0,334,13,49050.5,2,4,4,10,2,3773.1153846153848,13,14715.15,0.00805182232411718
15346.0,333,3,5961.2,2,2,2,6,2,1987.0666666666666,3,1788.36,0.0009742966173673707
13144.0,333,2,1353.5,2,2,1,5,2,676.75,2,406.05,0.0002174703240882713
17569.0,333,1,3441.4,2,1,1,4,2,3441.4,1,1032.42,0.0005604131410549644
16351.0,333,13,33300.3,2,4,4,10,2,2561.5615384615385,13,9990.09,0.005464812431024211
12736.0,333,1,2340.0,2,1,1,4,2,2340.0,1,702.0,0.00037950542583531024
14270.0,332,1,4926.5,2,1,2,5,2,4926.5,1,1477.95,0.0008043445446074506
15171.0,332,1,12895.0,2,1,3,6,2,12895.0,1,3868.5,0.002113190675647775
12652.0,332,2,10170.3,2,2,3,7,2,5085.15,2,3051.0899999999997,0.0016656518599050916
14185.0,332,1,1976.5,2,1,1,4,2,1976.5,1,592.9499999999999,0.00031979963821742005
13284.0,331,1,2011.9,2,1,1,4,2,2011.9,1,603.57,0.00032561417709410046
15447.0,331,5,4928.8,2,3,2,7,2,985.76,5,1478.64,0.0008047223253819242
16315.0,331,2,4027.1,2,2,2,6,2,2013.55,2,1208.1299999999999,0.0006566158365372155
18085.0,331,4,16457.5,2,3,3,8,2,4114.375,4,4937.25,0.002698340244805227
15510.0,331,1,2500.0,2,1,1,4,2,2500.0,1,750.0,0.00040578582753782037
13385.0,330,1,5345.7,2,1,2,5,2,5345.7,1,1603.7099999999998,0.000873199197068027
18106.0,330,6,14614.6,2,3,3,8,2,2435.766666666667,6,4384.38,0.0023956392929455027
12672.0,330,2,4370.5,2,2,2,6,2,2185.25,2,1311.1499999999999,0.0007130201486912278
18212.0,327,2,5467.2,2,2,2,6,2,2733.6,2,1640.1599999999999,0.0008931558771108707
13859.0,327,2,5158.6,2,2,2,6,2,2579.3,2,1547.5800000000002,0.0008424675523271545
15316.0,327,1,1650.0,2,1,1,4,2,1650.0,1,495.0,0.0002661711934932354
12872.0,327,12,36854.9,2,4,4,10,2,3071.241666666667,12,11056.47,0.0060486644053476014
14238.0,327,3,4342.3,2,2,2,6,2,1447.4333333333334,3,1302.69,0.0007083882278911605
15395.0,326,1,1074.5,2,1,1,4,2,1074.5,1,322.34999999999997,0.00017164387361951922
18233.0,326,1,4400.0,2,1,2,5,2,4400.0,1,1320.0,0.0007178655977551282
12346.0,326,12,775564.6,2,4,4,10,0,64630.38333333333,12,232669.37999999998,0.12738358726497723
13898.0,326,2,6864.0,2,2,2,6,2,3432.0,2,2059.2,0.001122583783973784
12665.0,325,3,3136.0,2,2,1,5,2,1045.3333333333333,3,940.8,0.0005102504243052981
14090.0,325,1,763.2,2,1,1,4,2,763.2,1,228.96,0.000120512067057073
17862.0,324,4,12790.9,2,3,3,8,2,3197.725,4,3837.2699999999995,0.002096091989290079
15262.0,324,3,4188.2,2,2,2,6,2,1396.0666666666666,3,1256.4599999999998,0.0006830769160014303
13008.0,324,3,6121.3,2,2,2,6,2,2040.4333333333334,3,1836.39,0.001000593444320945
12402.0,324,6,12569.0,2,3,3,8,2,2094.8333333333335,6,3770.7,0.002059644357178911
15422.0,324,7,16199.7,2,3,3,8,2,2314.2428571428572,7,4859.91,0.0026559959475620574
15174.0,323,2,4814.6,2,2,2,6,2,2407.3,2,1444.38,0.0007859646886667576
17890.0,323,2,6020.9,2,2,2,6,2,3010.45,2,1806.2699999999998,0.0009841024922526197
16387.0,323,5,9185.5,2,3,3,8,2,1837.1,5,2755.65,0.001503895987426142
17094.0,323,2,4022.0,2,2,2,6,2,2011.0,2,1206.6,0.0006557781487329479
17714.0,321,5,14101.8,2,3,3,8,2,2820.3599999999997,5,4230.54,0.0023114106054889574
15167.0,321,5,16596.7,2,3,3,8,2,3319.34,5,4979.01,0.002721204194286411
14068.0,321,4,15283.7,2,3,3,8,2,3820.925,4,4585.11,0.002505540647815187
15052.0,320,1,2157.8,2,1,1,4,2,2157.8,1,647.34,0.00034957861839657686
15820.0,320,1,2069.8,2,1,1,4,2,2069.8,1,620.94,0.00033512439746019633
14130.0,320,4,18826.7,2,3,3,8,2,4706.675,4,5648.01,0.003087487293015146
14439.0,320,5,94430.4,2,3,4,9,2,18886.079999999998,5,28329.12,0.01550558483174055
13551.0,320,2,2442.0,2,2,1,5,2,1221.0,2,732.6,0.0003962591819206605
14368.0,320,1,1550.0,2,1,1,4,2,1550.0,1,465.0,0.0002497459424291665
14782.0,320,1,2001.0,2,1,1,4,2,2001.0,1,600.3,0.0003238238247281169
14248.0,319,3,10329.5,2,2,3,7,2,3443.1666666666665,3,3098.85,0.0016918008595990894
13002.0,319,3,4141.3,2,3,2,7,2,1380.4333333333334,3,1242.39,0.0006753734732523822
13703.0,319,2,4255.6,2,2,2,6,2,2127.8,2,1276.68,0.0006941475352186128
15222.0,319,11,35509.1,2,4,4,10,2,3228.1,11,10652.73,0.005827613376527364
16757.0,319,2,2704.8,2,2,1,5,2,1352.4,2,811.44,0.0004394247417170334
16222.0,319,2,13452.2,2,2,3,7,2,6726.1,2,4035.66,0.0022047121745767664
15213.0,319,2,3283.5,2,2,1,5,2,1641.75,2,985.05,0.0005344776696247996
13615.0,319,8,62725.3,2,4,4,10,2,7840.6625,8,18817.59,0.010297942556626465
15661.0,318,8,12159.5,2,4,3,9,2,1519.9375,8,3647.85,0.0019923829540715488
16124.0,318,4,17724.9,2,3,3,8,2,4431.225,4,5317.47,0.0029065138767912354
12591.0,318,3,13521.5,2,3,3,8,2,4507.166666666667,3,4056.45,0.0022160948735641664
17118.0,318,1,1570.2,2,1,1,4,2,1570.2,1,471.06,0.00025306384314410844
13506.0,317,5,16392.0,2,3,3,8,2,3278.4,5,4917.599999999999,0.0026875817053582615
13328.0,317,1,13084.8,2,1,3,6,2,13084.8,1,3925.4399999999996,0.0021443658021673777
12764.0,317,1,16938.8,2,1,3,6,2,16938.8,1,5081.639999999999,0.00277739497817659
12377.0,316,4,34263.2,2,3,4,9,2,8565.8,4,10278.96,0.00562297117352013
12574.0,316,1,2184.5,2,1,1,4,2,2184.5,1,655.35,0.00035396416043068324
12735.0,316,2,7795.7,2,2,2,6,2,3897.85,2,2338.71,0.0012756178481377134
15415.0,314,1,5728.1,2,1,2,5,2,5728.1,1,1718.43,0.0009360093571370263
17062.0,314,6,12082.2,2,3,3,8,2,2013.7,6,3624.6600000000003,0.0019796862349990237
13161.0,314,2,4788.8,2,2,2,6,2,2394.4,2,1436.64,0.0007817269738922279
17431.0,314,1,4033.0,2,1,2,5,2,4033.0,1,1209.8999999999999,0.0006575849263499955
13600.0,313,2,5184.2,2,2,2,6,2,2592.1,2,1555.26,0.000846672416599556
15448.0,313,2,7888.1,2,2,2,6,2,3944.05,2,2366.43,0.0012907947801209128
15881.0,313,5,5013.9,2,3,2,7,2,1002.78,5,1504.1699999999998,0.0008187002140374466
18095.0,313,5,23030.9,2,3,3,8,2,4606.18,5,6909.27,0.0037780376982507274
17239.0,313,4,11894.5,2,3,3,8,2,2973.625,4,3568.35,0.0019488560387517664
17619.0,313,1,2185.2,2,1,1,4,2,2185.2,1,655.56,0.0003540791371881317
16403.0,313,1,1775.0,2,1,1,4,2,1775.0,1,532.5,0.0002867027573233214
12929.0,312,1,1178.5,2,1,1,4,2,1178.5,1,353.55,0.00018872613472615084
14496.0,312,7,26682.3,2,4,4,10,2,3811.7571428571428,7,8004.69,0.0043777893156041366
15940.0,312,1,358.0,2,1,1,4,2,358.0,1,107.39999999999999,5.39569497454661e-05
14850.0,312,7,17940.1,2,4,3,9,2,2562.871428571428,7,5382.03,0.0029418610170811113
17356.0,312,5,9464.7,2,3,3,8,2,1892.94,5,2839.4100000000003,0.0015497552883970223
15107.0,312,9,9403.5,2,4,3,9,2,1044.8333333333333,9,2821.0499999999997,0.0015397030347458118
13494.0,312,1,3162.6,2,1,1,4,2,3162.6,1,948.78,0.0005146195410883404
14549.0,312,4,9165.5,2,3,3,8,2,2291.375,4,2749.65,0.0015006109372133283
12373.0,312,3,11276.5,2,2,3,7,2,3758.8333333333335,3,3382.95,0.0018473479871758212
14457.0,311,1,1136.4,2,2,1,5,2,1136.4,1,340.92,0.00018181110402817785
17223.0,311,3,8735.3,2,2,2,6,2,2911.7666666666664,3,2620.5899999999997,0.001429949507135704
15226.0,311,1,1544.1,2,1,1,4,2,1544.1,1,463.22999999999996,0.00024877685261638643
18250.0,311,1,3492.7,2,2,2,6,2,3492.7,1,1047.81,0.0005688392948508317
14411.0,311,1,10630.0,2,1,3,6,2,10630.0,1,3189.0,0.0017411587390466163
12559.0,311,2,5617.1,2,2,2,6,2,2808.55,2,1685.13,0.00091777732845591
12350.0,311,1,3344.0,2,1,1,4,2,3344.0,1,1003.1999999999999,0.0005444149465185612
17912.0,311,6,3755.0,2,3,2,7,2,625.8333333333334,6,1126.5,0.0006119227283918842
13800.0,310,3,16795.6,2,3,3,8,2,5598.533333333333,3,5038.679999999999,0.0027538740186528435
13581.0,310,2,2805.3,2,2,1,5,2,1402.65,2,841.59,0.0004559321190364225
14497.0,310,2,6970.6,2,2,2,6,2,3485.3,2,2091.18,0.0011400931016080813
16030.0,310,1,3312.4,2,1,1,4,2,3312.4,1,993.72,0.0005392245671823156
15090.0,309,1,3813.2,2,2,2,6,2,3813.2,1,1143.9599999999998,0.0006214822245111722
17226.0,309,3,9001.2,2,2,3,7,2,3000.4,3,2700.36,0.0014736242497150633
17517.0,309,1,1539.4,2,1,1,4,2,1539.4,1,461.82,0.0002480048658163752
12410.0,309,3,10137.1,2,2,3,7,2,3379.0333333333333,3,3041.13,0.001660198676551821
13963.0,309,17,30118.7,2,4,4,10,2,1771.6882352941177,17,9035.61,0.004942226643169798
17291.0,309,1,5508.0,2,1,2,5,2,5508.0,1,1652.3999999999999,0.0008998573795450108
15808.0,307,21,184099.3,2,4,4,10,0,8766.633333333333,21,55229.78999999999,0.03023392678312936
12956.0,307,4,5218.9,2,3,2,7,2,1304.725,4,1565.6699999999998,0.0008523719787187878
13584.0,307,3,3924.5,2,2,2,6,2,1308.1666666666667,3,1177.35,0.0006397635289454808
14438.0,307,1,1319.0,2,1,1,4,2,1319.0,1,395.7,0.00021180361247116752
17392.0,307,3,6265.6,2,2,2,6,2,2088.5333333333333,3,1879.68,0.0010242950816063963
14048.0,306,3,7486.9,2,2,2,6,2,2495.633333333333,3,2246.0699999999997,0.0012248966728518687
14600.0,306,2,8651.7,2,2,2,6,2,4325.85,2,2595.51,0.0014162179972461426
13809.0,306,3,6797.0,2,2,2,6,2,2265.6666666666665,3,2039.1,0.001111578865760858
17881.0,305,1,1333.5,2,1,1,4,2,1333.5,1,400.05,0.0002141852738754575
15753.0,305,1,792.0,2,1,1,4,2,792.0,1,237.6,0.0001252425393635248
17859.0,305,1,1482.1,2,1,1,4,2,1482.1,1,444.62999999999994,0.00023859319695666376
12401.0,304,1,843.0,2,1,1,4,2,843.0,1,252.89999999999998,0.0001336194174061999
17358.0,304,5,8660.5,2,3,2,7,2,1732.1,5,2598.15,0.0014176634193397808
15843.0,304,1,1189.5,2,1,1,4,2,1189.5,1,356.84999999999997,0.00019053291234319837
17843.0,304,2,3262.3,2,2,1,5,2,1631.15,2,978.69,0.0005309955163992172
15970.0,304,2,10173.2,2,2,3,7,2,5086.6,2,3051.96,0.0016661281921859499
16425.0,303,1,3027.0,2,1,1,4,2,3027.0,1,908.1,0.0004923469006454631
14431.0,303,4,26142.0,2,3,4,9,2,6535.5,4,7842.599999999999,0.0042890436841049725
14081.0,303,10,53701.0,2,4,4,10,2,5370.1,10,16110.3,0.0088156786248517
13706.0,303,2,6311.7,2,2,2,6,2,3155.85,2,1893.5099999999998,0.0010318671223469317
17334.0,303,3,6351.5,2,2,2,6,2,2117.1666666666665,3,1905.4499999999998,0.0010384043722704312
12561.0,303,1,2388.5,2,1,1,4,2,2388.5,1,716.55,0.0003874716726013836
16725.0,303,14,18821.1,2,4,3,9,2,1344.3642857142856,14,5646.329999999999,0.003086567478955557
16405.0,303,2,1672.5,2,2,1,5,2,836.25,2,501.75,0.00026986687498265085
13819.0,302,6,26423.5,2,3,4,9,2,4403.916666666667,6,7927.049999999999,0.004335280765850326
13672.0,302,3,4199.2,2,3,2,7,2,1399.7333333333333,3,1259.76,0.0006848836936184779
18159.0,302,1,5301.5,2,1,2,5,2,5301.5,1,1590.45,0.0008659392360977087
16897.0,300,2,2897.8,2,2,1,5,2,1448.9,2,869.34,0.0004711254762706862
16084.0,300,1,4361.8,2,1,2,5,2,4361.8,1,1308.54,0.0007115911518486539
17829.0,299,5,47567.4,2,3,4,9,2,9513.48,5,14270.219999999998,0.007808219425585974
15236.0,299,1,3210.5,2,1,1,4,2,3210.5,1,963.15,0.0005224872363480294
14935.0,298,2,28498.3,2,2,4,8,2,14249.15,2,8549.49,0.004676071874927626
14176.0,298,5,9160.1,2,3,3,8,2,1832.02,5,2748.03,0.0014997239736558685
16073.0,298,1,1224.0,2,1,1,4,2,1224.0,1,367.2,0.00019619962396030214
13893.0,298,1,8211.0,2,1,2,5,2,8211.0,1,2463.2999999999997,0.001343831915806791
16738.0,298,1,37.5,2,1,1,4,2,37.5,1,11.25,1.3140200851255065e-06
14760.0,298,1,892.0,2,1,1,4,2,892.0,1,267.59999999999997,0.0001416677904275936
16494.0,297,1,8265.3,2,1,2,5,2,8265.3,1,2479.5899999999997,0.0013527508271345804
16148.0,297,2,3866.2,2,2,2,6,2,1933.1,2,1159.86,0.0006301876075751287
16509.0,297,1,3637.0,2,2,2,6,2,3637.0,1,1091.1,0.000592540932136283
15670.0,297,2,3252.0,2,2,1,5,2,1626.0,2,975.5999999999999,0.000529303715539618
14386.0,297,1,1424.0,2,1,1,4,2,1424.0,1,427.2,0.0002290501260884398
13151.0,296,3,25807.4,2,3,4,9,2,8602.466666666667,3,7742.22,0.004234084794044598
18138.0,296,1,1526.5,2,1,1,4,2,1526.5,1,457.95,0.00024588600842911034
14371.0,296,1,1005.0,2,1,1,4,2,1005.0,1,301.5,0.0001602283241299914
16765.0,295,2,4547.5,2,2,2,6,2,2273.75,2,1364.25,0.0007420928430746297
12852.0,295,1,3115.5,2,1,1,4,2,3115.5,1,934.65,0.0005068832478371641
13932.0,295,1,3074.0,2,1,1,4,2,3074.0,1,922.1999999999999,0.0005000667686455754
12988.0,293,1,5353.2,2,1,2,5,2,5353.2,1,1605.9599999999998,0.0008744310908978322
12365.0,292,2,6413.8,2,2,2,6,2,3206.9,2,1924.1399999999999,0.001048637303683346
12707.0,292,1,6034.2,2,1,2,5,2,6034.2,1,1810.26,0.000986287050644141
13044.0,292,11,48539.0,2,4,4,10,2,4412.636363636364,11,14561.699999999999,0.007967807164924467
16913.0,291,3,4239.1,2,3,2,7,2,1413.0333333333335,3,1271.73,0.0006914373687930415
16546.0,291,5,56064.7,2,3,4,9,2,11212.939999999999,5,16819.41,0.009203922284253097
15303.0,291,3,12241.8,2,3,3,8,2,4080.6,3,3672.5399999999995,0.002005900935697277
16349.0,291,1,535.0,2,1,1,4,2,535.0,1,160.5,8.302964412886793e-05
18114.0,291,1,2201.0,2,1,1,4,2,2201.0,1,660.3,0.0003566743268562546
17171.0,290,2,3845.9,2,2,2,6,2,1922.95,2,1153.77,0.0006268532816091228
17499.0,290,2,13413.9,2,2,3,7,2,6706.95,2,4024.1699999999996,0.002198421303419228
15397.0,290,1,940.0,2,1,1,4,2,940.0,1,282.0,0.00014955191093834666
18068.0,290,1,1017.0,2,1,1,4,2,1017.0,1,305.09999999999997,0.00016219935425767964
13501.0,289,3,28851.1,2,2,4,8,2,9617.033333333333,3,8655.33,0.004734020160681661
16997.0,289,3,7020.0,2,2,2,6,2,2340.0,3,2106.0,0.0011482071756337316
18056.0,289,2,5546.0,2,2,2,6,2,2773.0,2,1663.8,0.000906098974949357
17117.0,289,1,1162.0,2,1,1,4,2,1162.0,1,348.59999999999997,0.00018601596830057946
12565.0,289,1,1459.2,2,1,1,4,2,1459.2,1,437.76,0.00023483181446299202
16072.0,289,4,43288.9,2,3,4,9,2,10822.225,4,12986.67,0.00710546505880979
12945.0,289,2,9001.1,2,2,3,7,2,4500.55,2,2700.33,0.001473607824463999
15543.0,289,2,2428.4,2,2,1,5,2,1214.2,2,728.52,0.0003940253477759471
13751.0,289,1,2962.5,2,1,1,4,2,2962.5,1,888.75,0.00048175261370913874
12361.0,288,4,5112.5,2,3,2,7,2,1278.125,4,1533.75,0.0008348955115866185
13345.0,288,1,3895.0,2,1,2,5,2,3895.0,1,1168.5,0.0006349180798815806
13973.0,288,1,2647.0,2,1,1,4,2,2647.0,1,794.1,0.00042993094660200156
13753.0,288,4,20945.7,2,3,3,8,2,5236.425,4,6283.71,0.003435538363062764
16598.0,286,1,1450.5,2,1,1,4,2,1450.5,1,435.15,0.00023340281762041802
13684.0,286,4,5969.8,2,3,2,7,2,1492.45,4,1790.94,0.0009757091889588807
16339.0,285,1,1099.5,2,2,1,5,2,1099.5,1,329.84999999999997,0.00017575018638553644
12509.0,285,1,1765.0,2,1,1,4,2,1765.0,1,529.5,0.0002850602322169145
14046.0,285,1,1549.9,2,1,1,4,2,1549.9,1,464.97,0.00024972951717810245
14036.0,285,1,6266.5,2,1,2,5,2,6266.5,1,1879.9499999999998,0.0010244429088659727
17165.0,285,6,17943.2,2,3,3,8,2,2990.5333333333333,6,5382.96,0.0029423701998640976
15257.0,284,2,6859.0,2,2,2,6,2,3429.5,2,2057.7,0.0011217625214205806
12866.0,284,3,12273.5,2,3,3,8,2,4091.1666666666665,3,3682.0499999999997,0.0020111077402845874
13166.0,284,2,8841.8,2,2,2,6,2,4420.9,2,2652.5399999999995,0.0014474423995189372
15709.0,284,2,3278.5,2,2,1,5,2,1639.25,2,983.55,0.0005336564070715962
15319.0,284,1,2045.0,2,1,1,4,2,2045.0,1,613.5,0.0003310509351963072
15456.0,284,10,21192.7,2,4,3,9,2,2119.27,10,6357.81,0.0034761087331910143
16078.0,284,2,3629.9,2,2,2,6,2,1814.95,2,1088.97,0.0005913747393107341
17923.0,283,3,4970.0,2,2,2,6,2,1656.6666666666667,3,1491.0,0.0008114895288203205
12873.0,283,3,20273.0,2,3,3,8,2,6757.666666666667,3,6081.9,0.0033250456991547727
12834.0,283,1,3123.8,2,1,1,4,2,3123.8,1,937.14,0.0005082465436754818
13497.0,283,6,13203.3,2,3,3,8,2,2200.5499999999997,6,3960.99,0.002163829724678299
15733.0,283,1,1623.0,2,1,1,4,2,1623.0,1,486.9,0.00026173637570593673
16792.0,283,5,6234.6,2,3,2,7,2,1246.92,5,1870.38,0.001019203253776535
15087.0,282,1,3069.4,2,1,1,4,2,3069.4,1,920.82,0.0004993112070966284
13715.0,282,17,84832.9,2,4,4,10,0,4990.1705882352935,17,25449.87,0.013929171360866546
16159.0,282,4,12327.9,2,3,3,8,2,3081.975,4,3698.37,0.002020043076863441
17995.0,282,3,4954.8,2,2,2,6,2,1651.6000000000001,3,1486.44,0.0008089928906585821
14483.0,282,2,2571.0,2,2,1,5,2,1285.5,2,771.3,0.0004174477557933092
17789.0,282,2,3971.5,2,2,2,6,2,1985.75,2,1191.45,0.0006474833969455933
12817.0,282,3,6909.8,2,2,2,6,2,2303.266666666667,3,2072.94,0.0011301065489611277
17535.0,281,1,1644.0,2,1,1,4,2,1644.0,1,493.2,0.0002651856784293912
12755.0,281,11,90306.6,2,4,4,10,0,8209.69090909091,11,27091.98,0.01482824032836048
13382.0,281,5,13875.8,2,3,3,8,2,2775.16,5,4162.74,0.002274289538084162
14779.0,281,3,3861.5,2,3,2,7,2,1287.1666666666667,3,1158.45,0.0006294156207751175
14570.0,281,3,6137.5,2,2,2,6,2,2045.8333333333333,3,1841.25,0.0010032543349933242
14670.0,281,3,6020.0,2,2,2,6,2,2006.6666666666667,3,1806.0,0.0009839546649930433
17325.0,281,3,6095.7,2,2,2,6,2,2031.8999999999999,3,1828.7099999999998,0.0009963885800485432
17508.0,281,8,45792.3,2,4,4,10,2,5724.0375,8,13737.69,0.00751665479394769
14247.0,279,5,7726.6,2,3,2,7,2,1545.3200000000002,5,2317.98,0.001264267999652442
14012.0,278,1,3288.0,2,1,1,4,2,3288.0,1,986.4,0.0005352168059226828
15554.0,278,1,2172.0,2,1,1,4,2,2172.0,1,651.6,0.00035191100404767463
17654.0,278,1,1175.5,2,1,1,4,2,1175.5,1,352.65,0.00018823337719422876
12614.0,278,1,3156.0,2,1,1,4,2,3156.0,1,946.8,0.0005135354745181118
16517.0,278,1,1627.0,2,1,1,4,2,1627.0,1,488.09999999999997,0.0002623933857484995
15869.0,278,3,3236.6,2,2,1,5,2,1078.8666666666666,3,970.9799999999998,0.0005267742268757513
18280.0,278,2,4881.5,2,2,2,6,2,2440.75,2,1464.45,0.0007969531816286196
14586.0,277,1,2373.6,2,1,1,4,2,2373.6,1,712.0799999999999,0.0003850243101928374
16917.0,277,2,18578.3,2,2,3,7,2,9289.15,2,5573.49,0.0030466869693719983
15234.0,277,1,1970.0,2,1,1,4,2,1970.0,1,591.0,0.0003187319968982556
12623.0,277,7,37478.4,2,4,4,10,2,5354.057142857143,7,11243.52,0.006151075845732072
17639.0,277,6,6151.7,2,3,2,7,2,1025.2833333333333,6,1845.5099999999998,0.0010055867206444217
15944.0,277,4,21642.4,2,3,3,8,2,5410.6,4,6492.72,0.003549973087226132
15057.0,276,5,32559.6,2,3,4,9,2,6511.92,5,9767.88,0.005343150596392654
13493.0,276,2,6186.3,2,2,2,6,2,3093.15,2,1855.8899999999999,0.0010112698575125896
12881.0,276,1,2980.0,2,1,1,4,2,2980.0,1,894.0,0.0004846270326453508
17138.0,276,7,44172.7,2,4,4,10,2,6310.385714285714,7,13251.81,0.00725063142771403
13093.0,276,55,549436.5,2,4,4,10,0,9989.754545454545,55,164830.94999999998,0.09024147911356861
14165.0,276,1,1225.4,2,1,1,4,2,1225.4,1,367.62,0.00019642957747519911
14350.0,275,3,9720.3,2,2,3,7,2,3240.1,3,2916.0899999999997,0.0015917382301167818
14603.0,275,1,6600.0,2,1,2,5,2,6600.0,1,1980.0,0.0010792211211646423
15308.0,275,1,3104.7,2,1,1,4,2,3104.7,1,931.4099999999999,0.0005051093207222446
16625.0,275,5,16540.3,2,3,3,8,2,3308.06,5,4962.089999999999,0.0027119403526862755
16471.0,275,4,11899.8,2,3,3,8,2,2974.95,4,3569.9399999999996,0.001949726577058162
18086.0,275,1,1013.4,2,1,1,4,2,1013.4,1,304.02,0.00016160804521937318
14727.0,275,3,4679.3,2,2,2,6,2,1559.7666666666667,3,1403.79,0.0007637413239770725
13133.0,274,3,2004.5,2,3,1,6,2,668.1666666666666,3,601.35,0.0003243987085153594
13226.0,274,2,3124.6,2,2,1,5,2,1562.3,2,937.3799999999999,0.0005083779456839942
17194.0,274,3,8125.0,2,3,2,7,2,2708.3333333333335,3,2437.5,0.0013297061998916921
16766.0,274,2,11456.0,2,2,3,7,2,5728.0,2,3436.7999999999997,0.0018768313128358245
14114.0,274,7,13640.9,2,3,3,8,2,1948.7,7,4092.2699999999995,0.0022357066233346643
15049.0,274,1,1211.7,2,1,1,4,2,1211.7,1,363.51,0.00019417931807942166
13043.0,274,1,5164.2,2,1,2,5,2,5164.2,1,1549.26,0.0008433873663867421
13708.0,272,1,2968.8,2,1,1,4,2,2968.8,1,890.64,0.0004827874045261751
15388.0,271,1,1405.4,2,1,1,4,2,1405.4,1,421.62,0.000225995029390523
14962.0,271,4,3669.1,2,3,2,7,2,917.275,4,1100.73,0.0005978134377278492
13121.0,270,1,2837.3,2,1,1,4,2,2837.3,1,851.19,0.0004611881993769246
17542.0,270,3,3417.0,2,2,1,5,2,1139.0,3,1025.1,0.0005564053797953315
15047.0,270,1,3436.2,2,1,1,4,2,3436.2,1,1030.86,0.0005595590279996327
13716.0,270,1,1382.8,2,1,1,4,2,1382.8,1,414.84,0.00022228292265004344
16037.0,270,5,15093.4,2,3,3,8,2,3018.68,5,4528.0199999999995,0.002474283395040264
16392.0,270,3,7630.5,2,2,2,6,2,2543.5,3,2289.15,0.0012484833333798718
16152.0,269,1,18290.4,2,1,3,6,2,18290.4,1,5487.12,0.0029993986715585444
13261.0,269,2,9441.0,2,2,3,7,2,4720.5,2,2832.2999999999997,0.0015458625038948376
16297.0,269,1,3019.0,2,1,1,4,2,3019.0,1,905.6999999999999,0.0004910328805603376
13358.0,269,1,4390.3,2,1,2,5,2,4390.3,1,1317.09,0.0007162723484019134
13299.0,269,3,12187.0,2,3,3,8,2,4062.3333333333335,3,3656.1,0.001996899898114168
16216.0,268,1,9149.3,2,2,3,7,2,9149.3,1,2744.7899999999995,0.001497950046540949
13185.0,268,1,714.0,2,1,1,4,2,714.0,1,214.2,0.00011243084353355112
12845.0,268,4,3540.9,2,3,2,7,2,885.225,4,1062.27,0.0005767562658637129
13707.0,268,5,33658.6,2,3,4,9,2,6731.719999999999,5,10097.58,0.00552366410558677
14840.0,268,2,3627.1,2,2,2,6,2,1813.55,2,1088.1299999999999,0.0005909148322809401
12514.0,268,2,15977.6,2,2,3,7,2,7988.8,2,4793.28,0.0026195154649487603
13216.0,268,1,3337.4,2,1,1,4,2,3337.4,1,1001.22,0.0005433308799483328
16976.0,268,1,2515.2,2,1,1,4,2,2515.2,1,754.56,0.0004082824656995588
16377.0,268,2,13084.8,2,2,3,7,2,6542.4,2,3925.4399999999996,0.0021443658021673777
17060.0,267,1,2342.4,2,1,1,4,2,2342.4,1,702.72,0.00037989963186084793
13072.0,267,1,1771.5,2,1,1,4,2,1771.5,1,531.4499999999999,0.00028612787353607893
14041.0,267,1,1414.1,2,1,1,4,2,1414.1,1,424.22999999999996,0.00022742402623309696
15019.0,267,1,2660.0,2,1,1,4,2,2660.0,1,798.0,0.00043206622924033054
16716.0,267,3,21496.8,2,3,3,8,2,7165.599999999999,3,6449.04,0.0035260579216768472
14059.0,267,1,1836.0,2,1,1,4,2,1836.0,1,550.8,0.00029672216047240335
14155.0,267,1,1187.5,2,1,1,4,2,1187.5,1,356.25,0.00019020440732191702
15695.0,267,4,11310.4,2,3,3,8,2,2827.6,4,3393.12,0.0018529161472865404
14633.0,267,1,3449.0,2,1,1,4,2,3449.0,1,1034.7,0.0005616614601358337
14066.0,267,1,1525.5,2,1,1,4,2,1525.5,1,457.65,0.00024572175591846965
16256.0,267,3,16293.7,2,3,3,8,2,5431.233333333334,3,4888.11,0.002671435683562282
15703.0,265,1,2115.0,2,1,1,4,2,2115.0,1,634.5,0.0003425486109411554
15445.0,265,2,2845.0,2,2,1,5,2,1422.5,2,853.5,0.00046245294370885783
17230.0,265,18,99249.5,2,4,4,10,0,5513.861111111111,18,29774.85,0.016297134105769093
14693.0,265,7,11653.6,2,3,3,8,0,1664.8,7,3496.08,0.0019092876089384246
12902.0,265,1,1386.8,2,1,1,4,2,1386.8,1,416.03999999999996,0.0002229399326926062
16402.0,265,2,5114.0,2,2,2,6,2,2557.0,2,1534.2,0.0008351418903525796
15408.0,265,1,2671.8,2,1,1,4,2,2671.8,1,801.5400000000001,0.0004340044088658907
16096.0,265,4,15849.7,2,3,3,8,2,3962.425,4,4754.91,0.0025985075688378166
13934.0,264,1,9221.0,2,2,3,7,2,9221.0,1,2766.2999999999997,0.0015097269515538863
14762.0,264,2,4175.7,2,2,2,6,2,2087.85,2,1252.7099999999998,0.0006810237596184217
13262.0,264,3,5734.5,2,2,2,6,2,1911.5,3,1720.35,0.0009370605732051267
16427.0,264,2,2410.6,2,2,1,5,2,1205.3,2,723.18,0.00039110165308654283
16619.0,264,4,19383.3,2,3,3,8,2,4845.825,4,5814.99,0.0031789102404377527
17678.0,264,2,5997.6,2,2,2,6,2,2998.8,2,1799.28,0.0009802754087546918
17763.0,264,4,861.5,2,3,1,6,2,215.375,4,258.45,0.00013665808885305266
18224.0,264,1,1589.5,2,1,1,4,2,1589.5,1,476.84999999999997,0.0002562339165994737
16721.0,263,1,2924.7,2,1,1,4,2,2924.7,1,877.41,0.0004755438688069207
12831.0,263,3,4511.1,2,2,2,6,2,1503.7,3,1353.3300000000002,0.0007361140516873088
15437.0,263,2,3934.5,2,2,2,6,2,1967.25,2,1180.35,0.0006414060540518877
15457.0,263,1,2370.7,2,1,1,4,2,2370.7,1,711.2099999999999,0.00038454797791197937
14632.0,263,1,1145.6,2,1,1,4,2,1145.6,1,343.67999999999995,0.00018332222712607216
16135.0,263,2,8194.5,2,2,2,6,2,4097.25,2,2458.35,0.0013411217493812199
13239.0,262,5,15946.9,2,3,3,8,0,3189.38,5,4784.070000000001,0.002614472912872092
14870.0,262,6,18389.5,2,3,3,8,0,3064.9166666666665,6,5516.849999999999,0.003015676095363036
16250.0,262,3,7913.8,2,3,2,7,2,2637.9333333333334,3,2374.14,0.0012950160696443786
17102.0,262,1,255.0,2,1,1,4,2,255.0,1,76.5,3.7038941149475214e-05
18191.0,262,2,5294.0,2,2,2,6,2,2647.0,2,1588.2,0.0008647073422679035
17507.0,262,2,6055.8,2,2,2,6,2,3027.9,2,1816.74,0.0009898349048739798
17486.0,262,1,3968.7,2,1,2,5,2,3968.7,1,1190.61,0.0006470234899157993
13132.0,262,1,773.0,2,1,1,4,2,773.0,1,231.89999999999998,0.00012212174166135174
12564.0,262,1,4569.0,2,1,2,5,2,4569.0,1,1370.7,0.0007456242720534045
12818.0,262,1,15420.8,2,1,3,6,2,15420.8,1,4626.24,0.0025280596670240255
14348.0,261,1,4095.7,2,1,2,5,2,4095.7,1,1228.7099999999998,0.0006678835587671666
16022.0,261,1,6282.8,2,1,2,5,2,6282.8,1,1884.84,0.001027120224789416
12811.0,261,5,10339.0,2,3,3,8,0,2067.8,5,3101.7,0.0016933612584501758
16769.0,261,4,11417.5,2,3,3,8,0,2854.375,4,3425.25,0.0018705075911761581
15178.0,261,1,405.0,2,1,1,4,2,405.0,1,121.5,6.167681774557846e-05
14256.0,261,5,24739.9,2,3,4,9,0,4947.9800000000005,5,7421.97,0.004058745238935664
17698.0,261,1,1549.5,2,1,1,4,2,1549.5,1,464.84999999999997,0.0002496638161738462
13512.0,261,4,7133.9,2,3,2,7,2,1783.475,4,2140.1699999999996,0.0011669155365957057
16063.0,261,1,3353.2,2,1,1,4,2,3353.2,1,1005.9599999999999,0.0005459260696164556
13341.0,261,1,7758.5,2,1,2,5,2,7758.5,1,2327.5499999999997,0.0012695076547418797
14536.0,260,1,1718.0,2,1,1,4,2,1718.0,1,515.4,0.0002773403642168021
13452.0,260,3,7298.0,2,2,2,6,2,2432.6666666666665,3,2189.4,0.001193869373591843
13357.0,258,5,38383.6,2,3,4,9,0,7676.719999999999,5,11515.08,0.006299757218364023
18071.0,258,6,14286.3,2,3,3,8,0,2381.0499999999997,6,4285.889999999999,0.0023417151937021644
14476.0,258,1,2157.0,2,1,1,4,2,2157.0,1,647.1,0.00034944721638806433
12792.0,257,2,8270.1,2,2,2,6,2,4135.05,2,2481.03,0.001353539239185656
13368.0,257,4,11215.0,2,3,3,8,0,2803.75,4,3364.5,0.001837246457771419
13649.0,257,6,16788.8,2,3,3,8,0,2798.133333333333,6,5036.639999999999,0.0027527571015804864
16692.0,257,4,19147.0,2,3,3,8,0,4786.75,4,5744.099999999999,0.003140097372173358
15083.0,257,1,882.0,2,1,1,4,2,882.0,1,264.59999999999997,0.00014002526532118674
18010.0,257,1,1748.0,2,1,1,4,2,1748.0,1,524.4,0.00028226793953602277
15032.0,257,8,137806.5,2,4,4,10,0,17225.8125,8,41341.95,0.022630218158542107
13803.0,256,3,13389.1,2,3,3,8,0,4463.033333333334,3,4016.7300000000005,0.0021943478411553395
13439.0,256,3,9866.1,2,2,3,7,0,3288.7000000000003,3,2959.83,0.0016156862461681944
15589.0,256,3,4785.3,2,2,2,6,0,1595.1000000000001,3,1435.59,0.0007811520901049853
16980.0,256,3,14733.3,2,3,3,8,0,4911.099999999999,3,4419.99,0.002415136065958552
15832.0,255,1,8367.9,2,2,2,6,2,8367.9,1,2510.37,0.0013696031347263152
15353.0,255,7,31759.5,2,3,4,9,0,4537.071428571428,7,9527.85,0.005211732162629039
15528.0,255,1,2293.3,2,1,1,4,2,2293.3,1,687.99,0.00037183483358839013
18108.0,255,3,8488.1,2,2,2,6,0,2829.366666666667,3,2546.43,0.0013893462865053258
15424.0,255,3,5977.8,2,2,2,6,0,1992.6000000000001,3,1793.34,0.000977023209044006
17775.0,255,1,564.0,2,1,1,4,2,564.0,1,169.2,8.779296693744788e-05
17212.0,254,3,7944.1,2,3,2,7,0,2648.0333333333333,3,2383.23,0.0012999929207167915
13060.0,254,1,3075.3,2,1,1,4,2,3075.3,1,922.59,0.0005002802969094084
14479.0,254,4,12991.1,2,3,3,8,0,3247.775,4,3897.33,0.0021289753419203453
15894.0,254,2,4202.9,2,2,2,6,2,2101.45,2,1260.87,0.0006854914279078485
14890.0,254,3,8172.5,2,3,2,7,0,2724.1666666666665,3,2451.75,0.0013375081941471246
17438.0,254,5,14227.7,2,3,3,8,0,2845.54,5,4268.31,0.0023320899965786203
14957.0,254,2,3332.9,2,2,1,5,2,1666.45,2,999.87,0.0005425917436504496
16162.0,253,1,374.0,2,1,1,4,2,374.0,1,112.2,5.658498991571712e-05
15691.0,253,4,5713.0,2,3,2,7,0,1428.25,4,1713.8999999999999,0.0009335291442263518
13626.0,253,2,7070.4,2,2,2,6,0,3535.2,2,2121.12,0.0011564855021700222
14886.0,253,1,3648.0,2,2,2,6,2,3648.0,1,1094.3999999999999,0.0005943477097533305
13841.0,253,1,850.0,2,1,1,4,2,850.0,1,255.0,0.00013476918498068474
17580.0,253,5,5452.7,2,3,2,7,0,1090.54,5,1635.81,0.0008907742157065807
13462.0,253,5,11538.5,2,3,3,8,0,2307.7,5,3461.5499999999997,0.0018903821449636814
17701.0,253,1,4179.5,2,1,2,5,2,4179.5,1,1253.85,0.0006816479191588564
13781.0,251,3,7788.3,2,3,2,7,0,2596.1,3,2336.49,0.0012744023795589721
16142.0,250,1,5353.4,2,1,2,5,2,5353.4,1,1606.0199999999998,0.0008744639413999603
14747.0,250,1,3282.0,2,1,1,4,2,3282.0,1,984.5999999999999,0.0005342312908588386
18185.0,250,1,3042.5,2,1,1,4,2,3042.5,1,912.75,0.0004948928145603938
13059.0,250,10,23031.7,2,4,3,9,0,2303.17,10,6909.51,0.0037781691002592398
17956.0,250,1,127.5,2,1,1,4,2,127.5,1,38.25,1.609674604278745e-05
17492.0,249,3,11224.2,2,2,3,7,0,3741.4,3,3367.26,0.0018387575808693133
15442.0,249,1,5940.0,2,1,2,5,0,5940.0,1,1782.0,0.0009708144641417881
16105.0,249,5,23861.9,2,3,4,9,0,4772.38,5,7158.570000000001,0.0039145315345931395
16586.0,249,3,14627.8,2,3,3,8,0,4875.933333333333,3,4388.339999999999,0.002397807426085959
13863.0,248,4,12395.5,2,3,3,8,0,3098.875,4,3718.6499999999996,0.002031146546582751
14964.0,248,1,2062.1,2,1,1,4,0,2062.1,1,618.63,0.000333859653128263
15917.0,248,5,5606.3,2,3,2,7,0,1121.26,5,1681.89,0.0009160034013409905
17140.0,248,1,4653.2,2,1,2,5,0,4653.2,1,1395.9599999999998,0.0007594543334493504
17906.0,248,1,729.0,2,1,1,4,0,729.0,1,218.7,0.00011489463119316145
14220.0,248,4,15150.0,2,3,3,8,0,3787.5,4,4545.0,0.002483580087142527
16378.0,248,3,3629.5,2,2,2,6,0,1209.8333333333333,3,1088.85,0.0005913090383064778
13718.0,247,2,3065.5,2,2,1,5,0,1532.75,2,919.65,0.0004986706223051296
16144.0,247,1,1752.0,2,1,1,4,0,1752.0,1,525.6,0.00028292494957858557
13712.0,247,2,7664.2,2,2,2,6,0,3832.1,2,2299.2599999999998,0.0012540186429884628
12580.0,247,2,10529.0,2,2,3,7,0,5264.5,2,3158.7,0.0017245692354719065
14981.0,247,2,3729.2,2,2,2,6,0,1864.6,2,1118.76,0.0006076850136173545
14465.0,247,11,39460.3,2,4,4,10,0,3587.3,11,11838.09,0.006476607896570851
16010.0,246,11,17240.6,2,4,3,9,0,1567.3272727272727,11,5172.179999999999,0.0028269663858879494
16623.0,246,4,10152.4,2,3,3,8,0,2538.1,4,3045.72,0.0016627117399646233
15119.0,246,1,2664.0,2,1,1,4,0,2664.0,1,799.1999999999999,0.00043272323928289323
16643.0,246,2,9231.1,2,2,3,7,0,4615.55,2,2769.33,0.0015113859019113573
15775.0,246,2,1505.0,2,2,1,5,0,752.5,2,451.5,0.00024235457945033555
14619.0,246,2,12912.4,2,2,3,7,0,6456.2,2,3873.72,0.002116048669332923
17035.0,246,4,6135.9,2,3,2,7,0,1533.975,4,1840.7699999999998,0.001002991530976299
14924.0,246,3,9310.1,2,2,3,7,0,3103.366666666667,3,2793.03,0.0015243618502519718
15109.0,246,3,9831.0,2,2,3,7,0,3277.0,3,2949.2999999999997,0.0016099209830447061
12447.0,244,1,4764.9,2,1,2,5,0,4764.9,1,1429.4699999999998,0.0007778013388879152
13508.0,244,2,2870.5,2,2,1,5,0,1435.25,2,861.15,0.00046664138273019536
18129.0,244,1,1125.5,2,2,1,5,0,1125.5,1,337.65,0.00018002075166219432
15655.0,244,1,5606.7,2,1,2,5,0,5606.7,1,1682.01,0.0009160691023452467
13570.0,244,1,2394.9,2,1,1,4,0,2394.9,1,718.47,0.00038852288866948406
14616.0,243,5,5277.8,2,3,2,7,0,1055.56,5,1583.3399999999997,0.0008620464515955242
12982.0,243,8,27448.1,2,4,4,10,0,3431.0125,8,8234.429999999998,0.004503573888252775
14339.0,243,2,6202.7,2,2,2,6,0,3101.35,2,1860.81,0.001013963598687097
17574.0,243,1,1856.5,2,1,1,4,0,1856.5,1,556.9499999999999,0.00030008933694053745
14311.0,243,2,5164.5,2,2,2,6,0,2582.25,2,1549.35,0.0008434366421399344
14326.0,243,3,9409.8,2,2,3,7,0,3136.6,3,2822.9399999999996,0.001540737825562848
16552.0,243,2,4750.2,2,2,2,6,0,2375.1,2,1425.06,0.0007753868269814971
17972.0,242,1,1360.4,2,1,1,4,0,1360.4,1,408.12,0.00021860366641169202
15212.0,242,2,2082.8,2,2,1,5,0,1041.4,2,624.84,0.00033725968009852526
17278.0,242,2,2712.4,2,2,1,5,0,1356.2,2,813.72,0.0004406730607979026
14669.0,242,7,32439.3,2,3,4,9,0,4634.185714285714,7,9731.789999999999,0.005323391019362579
15777.0,242,7,17626.1,2,3,3,8,0,2518.0142857142855,7,5287.829999999999,0.0028902857287399345
13484.0,242,3,7907.2,2,3,2,7,0,2635.733333333333,3,2372.1599999999994,0.00129393200307415
16697.0,242,1,1127.5,2,2,1,5,0,1127.5,1,338.25,0.00018034925668347572
13740.0,241,5,15977.7,2,3,3,8,0,3195.54,5,4793.31,0.002619531890199825
16097.0,241,1,1850.5,2,1,1,4,0,1850.5,1,555.15,0.00029910382187669333
17746.0,241,4,9041.8,2,3,3,8,0,2260.45,4,2712.5399999999995,0.0014802929016470747
15147.0,241,1,6235.0,2,1,2,5,0,6235.0,1,1870.5,0.0010192689547807911
13221.0,241,2,8474.1,2,2,2,6,0,4237.05,2,2542.23,0.0013870467513563563
14154.0,240,8,64607.0,2,4,4,10,0,8075.875,8,19382.1,0.010607016505899047
15230.0,240,2,4296.0,2,2,2,6,0,2148.0,2,1288.8,0.0007007833366484966
14206.0,240,3,11850.1,2,2,3,7,0,3950.0333333333333,3,3555.03,0.00194156322727932
17142.0,240,4,12837.5,2,3,3,8,0,3209.375,4,3851.25,0.0021037461562859357
14105.0,240,5,59888.3,2,3,4,9,0,11977.66,5,17966.49,0.009831958183938833
15135.0,240,2,3056.8,2,2,1,5,0,1528.4,2,917.0400000000001,0.0004972416254625557
17362.0,240,7,10240.4,2,4,3,9,0,1462.9142857142856,7,3072.12,0.001677165960901004
15139.0,240,2,1789.6,2,2,1,5,0,894.8,2,536.88,0.00028910084397867545
17601.0,240,2,4214.8,2,2,2,6,0,2107.4,2,1264.44,0.0006874460327844727
15935.0,240,2,4168.6,2,2,2,6,0,2084.3,2,1250.5800000000002,0.000679857566792873
16957.0,240,2,4166.4,2,2,2,6,0,2083.2,2,1249.9199999999998,0.0006794962112694633
12582.0,239,4,19804.0,2,3,3,8,0,4951.0,4,5941.2,0.0032480112716642903
12769.0,239,1,11436.0,2,1,3,6,0,11436.0,1,3430.7999999999997,0.0018735462626230108
17367.0,239,1,1684.0,2,1,1,4,0,1684.0,1,505.2,0.00027175577885501877
15246.0,239,3,7804.0,2,3,2,7,0,2601.3333333333335,3,2341.2,0.001276981143976031
12639.0,239,3,13123.7,2,3,3,8,0,4374.566666666667,3,3937.11,0.0021507552248313006
13120.0,239,1,306.0,2,1,1,4,0,306.0,1,91.8,4.541581919215031e-05
17697.0,237,1,3389.5,2,1,1,4,0,3389.5,1,1016.8499999999999,0.0005518884357527126
17582.0,237,5,14507.0,2,3,3,8,0,2901.4,5,4352.099999999999,0.0023779657228005643
18213.0,237,1,2324.8,2,1,1,4,0,2324.8,1,697.44,0.00037700878767357184
16193.0,237,2,6304.3,2,2,2,6,0,3152.15,2,1891.29,0.001030651653768191
17990.0,237,6,15276.1,2,3,3,8,0,2546.016666666667,6,4582.830000000001,0.0025042923287343184
12878.0,237,2,8549.9,2,2,2,6,0,4274.95,2,2564.97,0.0013994970916629203
14532.0,237,11,38591.8,2,4,4,10,0,3508.3454545454547,11,11577.54,0.006333954591079414
13474.0,237,3,6637.9,2,3,2,7,0,2212.633333333333,3,1991.37,0.0010854462913179245
16947.0,236,5,9552.1,2,3,3,8,0,1910.42,5,2865.63,0.0015641109578270183
16217.0,236,2,3042.5,2,2,1,5,0,1521.25,2,912.75,0.0004948928145603938
18009.0,236,8,21558.3,2,4,3,9,0,2694.7875,8,6467.49,0.0035361594510812497
12754.0,236,3,30107.4,2,2,4,8,0,10035.800000000001,3,9032.22,0.004940370589799558
16617.0,236,1,1518.5,2,1,1,4,0,1518.5,1,455.55,0.00024457198834398485
15749.0,236,3,445343.0,2,3,4,9,0,148447.66666666666,3,133602.9,0.07314386039719213
15717.0,235,5,6070.0,2,3,2,7,0,1214.0,5,1821.0,0.0009921672905250777
15225.0,235,1,4094.0,2,1,2,5,0,4094.0,1,1228.2,0.0006676043294990776
14242.0,235,2,2805.5,2,2,1,5,0,1402.75,2,841.65,0.0004559649695385506
12733.0,235,4,24248.7,2,3,4,9,0,6062.175,4,7274.61,0.003978064405708958
14672.0,235,4,11131.4,2,3,3,8,0,2782.85,4,3339.4199999999996,0.001823514947881857
17217.0,235,2,2180.0,2,2,1,5,0,1090.0,2,654.0,0.0003532250241328001
13101.0,235,4,6954.0,2,3,2,7,0,1738.5,4,2086.2,0.001137366509931446
12585.0,235,2,20401.0,2,2,3,7,0,10200.5,2,6120.3,0.0033460700205167814
13485.0,234,11,30192.2,2,4,4,10,0,2744.745454545455,11,9057.660000000002,0.004954299202701889
15517.0,234,1,2670.3,2,1,1,4,0,2670.3,1,801.09,0.0004337580300999296
14148.0,234,2,4662.9,2,2,2,6,0,2331.45,2,1398.87,0.000761047582802565
17946.0,234,2,1495.8,2,2,1,5,0,747.9,2,448.73999999999995,0.00024084345635244119
17120.0,234,1,3074.6,2,1,1,4,0,3074.6,1,922.3799999999999,0.0005001653201519599
17548.0,234,4,7312.6,2,3,2,7,0,1828.15,4,2193.78,0.001196267460247197
14770.0,233,8,36376.4,2,4,4,10,0,4547.05,8,10912.92,0.005970069579006033
17718.0,233,2,4391.8,2,2,2,6,0,2195.9,2,1317.54,0.0007165187271678745
12354.0,233,1,10794.0,2,1,3,6,0,10794.0,1,3238.2,0.001768096150791689
16587.0,233,1,2251.5,2,1,1,4,0,2251.5,1,675.4499999999999,0.0003649690786436093
16163.0,233,6,28495.8,2,3,4,9,0,4749.3,6,8548.74,0.004675661243651025
12622.0,233,1,1801.0,2,1,1,4,0,1801.0,1,540.3,0.00029097332259997926
13482.0,233,2,3360.9,2,2,1,5,0,1680.45,2,1008.27,0.000547190813948389
12506.0,233,1,735.0,2,1,1,4,0,735.0,1,220.5,0.00011588014625700559
12573.0,228,5,7174.1,2,3,2,7,0,1434.8200000000002,5,2152.23,0.0011735184875234616
16823.0,228,7,22600.9,2,4,3,9,0,3228.7000000000003,7,6780.27,0.0037074091186752316
17670.0,228,1,2057.0,2,1,1,4,0,2057.0,1,617.1,0.0003330219653239955
17277.0,228,2,10653.5,2,2,3,7,0,5326.75,2,3196.0499999999997,0.0017450186730466723
16834.0,228,2,8989.6,2,2,2,6,0,4494.8,2,2696.88,0.0014717189205916313
18183.0,228,2,6320.7,2,2,2,6,0,3160.35,2,1896.2099999999998,0.001033345394942698
15891.0,227,1,5245.2,2,1,2,5,0,5245.2,1,1573.56,0.0008566918197486379
16698.0,227,2,19980.0,2,2,3,7,0,9990.0,2,5994.0,0.0032769197135370516
16965.0,227,1,2011.9,2,1,1,4,0,2011.9,1,603.57,0.00032561417709410046
17187.0,227,2,4677.1,2,2,2,6,0,2338.55,2,1403.13,0.000763379968453663
18220.0,227,6,19217.6,2,3,3,8,0,3202.933333333333,6,5765.28,0.0031516935994245904
14022.0,226,2,7921.5,2,2,2,6,0,3960.75,2,2376.45,0.0012962808139763118
16227.0,226,3,10272.2,2,2,3,7,0,3424.066666666667,3,3081.6600000000003,0.0016823891907393781
17893.0,226,1,1122.5,2,2,1,5,0,1122.5,1,336.75,0.0001795279941302723
15210.0,226,3,11761.9,2,2,3,7,0,3920.633333333333,3,3528.5699999999997,0.0019270761558408112
15143.0,226,2,5636.3,2,2,2,6,0,2818.15,2,1690.89,0.0009209309766602112
13229.0,226,1,1609.5,2,1,1,4,0,1609.5,1,482.84999999999997,0.00025951896681228743
17991.0,226,3,3205.5,2,2,1,5,0,1068.5,3,961.65,0.000521665973794826
14271.0,226,2,2191.3,2,2,1,5,0,1095.65,2,657.39,0.0003550810775030399
15223.0,226,5,14179.5,2,3,3,8,0,2835.9,5,4253.849999999999,0.002324173025565739
14304.0,223,3,17250.1,2,3,3,8,0,5750.033333333333,3,5175.03,0.0028285267847390364
16634.0,223,6,18146.1,2,3,3,8,0,3024.35,6,5443.829999999999,0.0029756970342730924
16055.0,221,1,1348.0,2,1,1,4,0,1348.0,1,404.4,0.0002165669352797475
14149.0,221,1,4466.2,2,1,2,5,0,4466.2,1,1339.86,0.0007287391139595417
17501.0,221,2,2886.0,2,2,1,5,0,1443.0,2,865.8,0.00046918729664512603
13731.0,220,2,6105.9,2,2,2,6,0,3052.95,2,1831.7699999999998,0.0009980639556570782
16610.0,220,1,756.6,2,1,1,4,0,756.6,1,226.98,0.00011942800048684445
17646.0,220,12,41497.9,2,4,4,10,0,3458.1583333333333,12,12449.37,0.006811288812252318
17443.0,220,1,5342.4,2,1,2,5,0,5342.4,1,1602.7199999999998,0.0008726571637829127
14245.0,220,2,16934.5,2,2,3,7,0,8467.25,2,5080.349999999999,0.0027766886923808348
17394.0,220,1,2038.7,2,1,1,4,0,2038.7,1,611.61,0.0003300161443792709
13762.0,219,5,24724.8,2,3,4,9,0,4944.96,5,7417.44,0.004056265026024989
17849.0,219,8,10637.6,2,4,3,9,0,1329.7,8,3191.28,0.0017424070581274855
14393.0,219,1,679.5,2,1,1,4,0,679.5,1,203.85,0.00010676413191644738
17578.0,219,7,10473.3,2,4,3,9,0,1496.185714285714,7,3141.99,0.0017154203706292203
14697.0,219,2,1886.1,2,2,1,5,0,943.05,2,565.8299999999999,0.00030495121125550184
16714.0,219,4,15298.0,2,3,3,8,0,3824.5,4,4589.4,0.0025078894587173485
16109.0,219,3,9394.8,2,2,3,7,0,3131.6,3,2818.4399999999996,0.001538274037903238
17374.0,219,3,7271.1,2,2,2,6,0,2423.7000000000003,3,2181.33,0.0011894509810556084
16990.0,219,2,3440.0,2,2,1,5,0,1720.0,2,1032.0,0.0005601831875400674
13711.0,219,9,17922.6,2,4,3,9,0,1991.3999999999999,9,5376.78,0.0029389865981448993
14423.0,219,3,9166.1,2,2,3,7,0,3055.366666666667,3,2749.83,0.0015007094887197125
18239.0,219,6,21503.6,2,3,3,8,0,3583.933333333333,6,6451.079999999999,0.0035271748387492034
14340.0,219,1,1347.0,2,1,1,4,0,1347.0,1,404.09999999999997,0.00021640268276910677
14199.0,219,4,10917.0,2,3,3,8,0,2729.25,4,3275.1,0.0017882992096004938
15759.0,219,7,8309.3,2,4,2,8,0,1187.042857142857,7,2492.7899999999995,0.0013599779376027707
16457.0,219,1,2083.6,2,1,1,4,0,2083.6,1,625.0799999999999,0.00033739108210703773
15668.0,218,1,763.2,2,1,1,4,0,763.2,1,228.96,0.000120512067057073
16319.0,218,1,4044.0,2,1,2,5,0,4044.0,1,1213.2,0.0006593917039670431
12414.0,218,6,9524.1,2,3,3,8,0,1587.3500000000001,6,2857.23,0.001559511887529079
18078.0,218,4,8446.0,2,3,2,7,0,2111.5,4,2533.7999999999997,0.0013824312558073529
18227.0,218,2,3887.5,2,2,2,6,0,1943.75,2,1166.25,0.0006336861860517755
13723.0,218,6,12092.0,2,3,3,8,0,2015.3333333333333,6,3627.6,0.0019812959096033025
13952.0,218,14,128235.2,2,4,4,10,0,9159.657142857142,14,38470.56,0.02105810810344689
17174.0,218,1,599.0,2,1,1,4,0,599.0,1,179.7,9.354180480987198e-05
17604.0,218,6,9459.3,2,3,3,8,0,1576.55,6,2837.7899999999995,0.001548868324839562
15552.0,218,2,2525.2,2,2,1,5,0,1262.6,2,757.56,0.0004099249908059657
15235.0,218,16,29378.1,2,4,4,10,0,1836.13125,16,8813.429999999998,0.004820581233789303
15092.0,216,3,7764.6,2,3,2,7,0,2588.2000000000003,3,2329.38,0.001270509595056788
13561.0,216,11,18207.2,2,4,3,9,0,1655.2,11,5462.16,0.0029857328626732393
13642.0,216,4,5147.2,2,3,2,7,0,1286.8,4,1544.1599999999999,0.0008405950737058504
14353.0,216,3,3765.0,2,2,2,6,0,1255.0,3,1129.5,0.0006135652534982911
14161.0,216,7,33188.8,2,3,4,9,0,4741.257142857144,7,9956.640000000001,0.005446498276087775
12355.0,215,2,9476.1,2,2,3,7,0,4738.05,2,2842.83,0.0015516277670183259
18120.0,215,1,1111.5,2,2,1,5,0,1111.5,1,333.45,0.0001777212165132247
16756.0,215,7,13123.7,2,4,3,9,0,1874.814285714286,7,3937.11,0.0021507552248313006
12888.0,215,2,3541.2,2,2,2,6,0,1770.6,2,1062.36,0.0005768055416169051
12821.0,215,2,2208.0,2,2,1,5,0,1104.0,2,662.4,0.0003578240944307394
14699.0,215,4,7026.0,2,3,2,7,0,1756.5,4,2107.7999999999997,0.0011491926906975756
17597.0,214,5,34840.9,2,3,4,9,0,6968.18,5,10452.27,0.005717859848917256
13990.0,214,1,3113.0,2,1,1,4,0,3113.0,1,933.9,0.0005064726165605623
16306.0,214,7,11928.2,2,4,3,9,0,1704.0285714285715,7,3578.46,0.0019543913483603577
14288.0,214,1,4266.0,2,1,2,5,0,4266.0,1,1279.8,0.000695855761329276
15381.0,214,5,18905.7,2,3,3,8,0,3781.1400000000003,5,5671.71,0.00310046324135576
15063.0,214,1,3708.0,2,2,2,6,0,3708.0,1,1112.3999999999999,0.0006042028603917718
15433.0,214,2,5333.0,2,2,2,6,0,2666.5,2,1599.8999999999999,0.0008711131901828902
16431.0,214,3,6428.1,2,3,2,7,0,2142.7000000000003,3,1928.43,0.001050986114585508
15732.0,213,10,16820.7,2,4,3,9,0,1682.0700000000002,10,5046.21,0.002757996756669925
14920.0,213,3,16071.7,2,3,3,8,0,5357.233333333334,3,4821.51,0.0026349716262000496
13052.0,213,7,31685.3,2,3,4,9,0,4526.471428571428,7,9505.589999999998,0.005199544626339499
17889.0,213,7,7748.7,2,4,2,8,0,1106.9571428571428,7,2324.6099999999997,0.0012678979801376009
13235.0,213,1,10310.7,2,1,3,6,0,10310.7,1,3093.21,0.0016887129123990445
18133.0,213,1,9315.0,2,2,3,7,0,9315.0,1,2794.5,0.0015251666875541112
15729.0,213,3,1925.5,2,3,1,6,0,641.8333333333334,3,577.65,0.000311422760174745
15079.0,213,11,37673.5,2,4,4,10,0,3424.8636363636365,11,11302.05,0.0061831215105580695
14988.0,212,7,20666.0,2,4,3,9,0,2952.285714285714,7,6199.8,0.0033895969358365636
12590.0,212,2,98642.6,2,2,4,8,0,49321.3,2,29592.78,0.016197449257061257
16244.0,212,2,25793.8,2,2,4,8,0,12896.9,2,7738.139999999999,0.004231850959899885
12625.0,212,4,51648.8,2,3,4,9,0,12912.2,4,15494.64,0.00847859962251488
13837.0,212,2,2712.4,2,2,1,5,0,1356.2,2,813.72,0.0004406730607979026
14000.0,212,5,20463.4,2,3,3,8,0,4092.6800000000003,5,6139.02,0.0033563193771807606
18218.0,212,4,11420.0,2,3,3,8,0,2855.0,4,3426.0,0.0018709182224527598
16943.0,212,5,12994.9,2,3,3,8,0,2598.98,5,3898.47,0.00212959950146078
12976.0,212,8,31563.8,2,4,4,10,0,3945.475,8,9469.14,0.005179587946296656
16006.0,212,2,3471.7,2,2,1,5,0,1735.85,2,1041.51,0.0005653899921273772
17970.0,212,1,5825.9,2,1,2,5,0,5825.9,1,1747.7699999999998,0.0009520732526776855
16116.0,212,1,6127.8,2,1,2,5,0,6127.8,1,1838.34,0.0010016610856401094
14873.0,211,2,8541.3,2,2,2,6,0,4270.65,2,2562.39,0.0013980845200714106
12857.0,211,6,36880.0,2,3,4,9,0,6146.666666666667,6,11064.0,0.006052787143364683
12770.0,211,2,32464.5,2,2,4,8,0,16232.25,2,9739.35,0.005327530182630724
15333.0,209,1,10285.6,2,1,3,6,0,10285.6,1,3085.68,0.001684590174381963
14689.0,209,1,1128.0,2,2,1,5,0,1128.0,1,338.4,0.00018043138293879606
17263.0,209,1,634.4,2,1,1,4,0,634.4,1,190.32,9.935634368655234e-05
14489.0,208,4,15749.3,2,3,3,8,0,3937.325,4,4724.79,0.0025820166167694913
14888.0,208,1,3692.0,2,2,2,6,0,3692.0,1,1107.6,0.0006015748202215208
15813.0,208,2,13039.1,2,2,3,7,0,6519.55,2,3911.73,0.0021368594624310983
17504.0,207,18,95651.2,2,4,4,10,0,5313.955555555555,18,28695.359999999997,0.0157061042967307
13976.0,207,4,11923.6,2,3,3,8,0,2980.9,4,3577.08,0.0019536357868114103
14320.0,207,5,13467.5,2,3,3,8,0,2693.5,5,4040.25,0.002207225237989569
12690.0,206,1,3890.1,2,1,2,5,0,3890.1,1,1167.03,0.0006341132425794412
17556.0,206,2,3006.7,2,2,1,5,0,1503.35,2,902.0099999999999,0.0004890125746794571
13572.0,206,1,13842.5,2,1,3,6,0,13842.5,1,4152.75,0.002268819929479827
13659.0,206,12,48948.8,2,4,4,10,0,4079.066666666667,12,14684.640000000001,0.008035117843785022
13531.0,206,6,17385.2,2,3,3,8,0,2897.5333333333333,6,5215.56,0.0028507172989265936
14620.0,206,2,4127.8,2,2,2,6,0,2063.9,2,1238.34,0.0006731560643587328
13887.0,205,1,3495.5,2,2,2,6,0,3495.5,1,1048.6499999999999,0.0005692992018806256
15648.0,205,2,6573.5,2,2,2,6,0,3286.75,2,1972.05,0.0010748684296326642
12897.0,205,4,5142.5,2,3,2,7,0,1285.625,4,1542.75,0.0008398230869058393
14442.0,205,7,53670.2,2,4,4,10,0,7667.171428571428,7,16101.059999999998,0.008810619647523967
17871.0,205,5,11189.9,2,3,3,8,0,2237.98,5,3356.97,0.0018331237197543374
17245.0,205,2,3716.3,2,2,2,6,0,1858.15,2,1114.89,0.0006055661562300897
14896.0,205,8,20924.2,2,4,3,9,0,2615.525,8,6277.26,0.0034320069340839894
12353.0,205,2,4067.6,2,2,2,6,0,2033.8,2,1220.28,0.0006632680632181634
13243.0,204,5,12780.4,2,3,3,8,0,2556.08,5,3834.12,0.002094367337928352
13391.0,204,1,598.0,2,1,1,4,0,598.0,1,179.4,9.337755229923129e-05
17455.0,204,1,1317.0,2,1,1,4,0,1317.0,1,395.09999999999997,0.00021147510744988612
18048.0,204,3,4017.3,2,2,2,6,0,1339.1000000000001,3,1205.19,0.0006550061619329369
16226.0,204,5,6721.7,2,3,2,7,0,1344.34,5,2016.5099999999998,0.001099210651709614
13227.0,202,1,2577.0,2,1,1,4,0,2577.0,1,773.1,0.0004184332708571534
15292.0,202,1,1809.4,2,1,1,4,0,1809.4,1,542.82,0.0002923530436893611
15705.0,202,1,1431.0,2,1,1,4,0,1431.0,1,429.3,0.0002301998936629246
15724.0,202,3,3108.5,2,2,1,5,0,1036.1666666666667,3,932.55,0.0005057334802626792
14647.0,202,2,5199.7,2,2,2,6,0,2599.85,2,1559.9099999999999,0.0008492183305144865
17176.0,202,3,9023.2,2,2,3,7,0,3007.7333333333336,3,2706.96,0.0014772378049491583
14195.0,202,6,26156.0,2,3,4,9,0,4359.333333333333,6,7846.799999999999,0.004291343219253942
13479.0,201,4,8513.7,2,3,2,7,0,2128.425,4,2554.11,0.0013935511507777276
13737.0,201,1,3396.0,2,1,1,4,0,3396.0,1,1018.8,0.000552956077071877
13339.0,201,1,8601.2,2,2,2,6,0,8601.2,1,2580.36,0.0014079232454587878
17715.0,201,2,4896.0,2,2,2,6,0,2448.0,2,1468.8,0.0007993348430329096
13223.0,201,6,9691.2,2,3,3,8,0,1615.2,6,2907.36,0.0015869584820571382
14817.0,201,7,39598.6,2,4,4,10,0,5656.942857142857,7,11879.58,0.006499324018792459
17375.0,200,4,6605.5,2,3,2,7,0,1651.375,4,1981.6499999999999,0.0010801245099731661
18202.0,200,3,13969.9,2,3,3,8,0,4656.633333333333,3,4190.969999999999,0.0022897456993354504
15314.0,200,3,8204.5,2,3,2,7,0,2734.8333333333335,3,2461.35,0.0013427642744876266
15042.0,200,2,3154.5,2,2,1,5,0,1577.25,2,946.3499999999999,0.0005132890957521508
16763.0,199,2,9647.0,2,2,3,7,0,4823.5,2,2894.1,0.0015796985210868196
14985.0,199,2,2967.5,2,2,1,5,0,1483.75,2,890.25,0.0004825738762623422
14009.0,199,3,10999.1,2,2,3,7,0,3666.366666666667,3,3299.73,0.0018017843407240942
17770.0,199,5,11432.7,2,3,3,8,0,2286.54,5,3429.81,0.0018730042293378967
17955.0,199,6,9499.0,2,3,3,8,0,1583.1666666666667,6,2849.7,0.0015553891495119977
15882.0,199,8,14959.8,2,4,3,9,0,1869.975,8,4487.94,0.0024523392596186677
16448.0,199,2,3678.7,2,2,2,6,0,1839.35,2,1103.61,0.0005993902618299997
14705.0,199,1,1790.0,2,1,1,4,0,1790.0,1,537.0,0.0002891665449829317
17550.0,198,9,25476.4,2,4,4,10,0,2830.711111111111,9,7642.92,0.0041797172130225305
16838.0,198,4,11596.1,2,3,3,8,0,2899.025,4,3478.83,0.001899843089576585
14740.0,198,11,41610.6,2,4,4,10,0,3782.781818181818,11,12483.179999999998,0.006829800070201522
14816.0,198,1,2718.5,2,1,1,4,0,2718.5,1,815.55,0.00044167500111281073
16449.0,198,2,7076.9,2,2,2,6,0,3538.45,2,2123.0699999999997,0.0011575531434891864
16356.0,198,6,4158.7,2,3,2,7,0,693.1166666666667,6,1247.61,0.00067823146693753
12547.0,198,3,3835.8,2,3,2,7,0,1278.6000000000001,3,1150.74,0.0006251943312516519
12974.0,198,2,4089.5,2,2,2,6,0,2044.75,2,1226.85,0.0006668651932011944
14828.0,197,13,98394.6,2,4,4,10,0,7568.8153846153855,13,29518.38,0.016156714634422368
13135.0,197,2,33714.5,2,2,4,8,0,16857.25,2,10114.35,0.005532845820931585
16323.0,197,2,3536.6,2,2,2,6,0,1768.3,2,1060.98,0.0005760499800679579
15104.0,197,2,10274.4,2,2,3,7,0,5137.2,2,3082.3199999999997,0.0016827505462627872
14625.0,197,11,44978.8,2,4,4,10,0,4088.9818181818187,11,13493.640000000001,0.00738303537654149
12999.0,197,3,4558.8,2,2,2,6,0,1519.6000000000001,3,1367.64,0.0007439488964448695
16034.0,197,6,9287.2,2,3,3,8,0,1547.8666666666668,6,2786.1600000000003,0.0015206004677583002
14280.0,197,1,1340.4,2,1,1,4,0,1340.4,1,402.12,0.00021531861619887826
16275.0,197,3,21511.1,2,3,3,8,0,7170.366666666666,3,6453.329999999999,0.0035284067325790087
16567.0,195,2,8656.0,2,2,2,6,0,4328.0,2,2596.7999999999997,0.0014169242830418974
15897.0,195,2,2220.5,2,2,1,5,0,1110.25,2,666.15,0.000359877250813748
17152.0,195,4,20165.0,2,3,3,8,0,5041.25,4,6049.5,0.0033073064280055788
15925.0,195,1,2071.5,2,1,1,4,0,2071.5,1,621.4499999999999,0.00033540362672828544
12426.0,195,2,13452.1,2,2,3,7,0,6726.05,2,4035.63,0.0022046957493257026
17051.0,195,4,7143.9,2,3,2,7,0,1785.975,4,2143.1699999999996,0.0011685580617021125
16889.0,195,6,25309.0,2,3,4,9,0,4218.166666666667,6,7592.7,0.004152221342741279
13398.0,193,2,6703.4,2,2,2,6,0,3351.7,2,2011.0199999999998,0.0010962048307648895
18190.0,193,5,7456.2,2,3,2,7,0,1491.24,5,2236.8599999999997,0.0012198541207751996
16810.0,193,2,8420.4,2,2,2,6,0,4210.2,2,2526.12,0.0013782263915349514
13070.0,193,4,7517.0,2,3,2,7,0,1879.25,4,2255.1,0.0012298406734221536
18231.0,193,28,68809.7,2,4,4,10,0,2457.4892857142854,28,20642.91,0.01129732053236867
16483.0,193,1,1393.5,2,1,1,4,0,1393.5,1,418.05,0.0002240404245138988
12790.0,193,2,5918.5,2,2,2,6,0,2959.25,2,1775.55,0.0009672830351630133
17454.0,193,10,15479.4,2,4,3,9,0,1547.94,10,4643.820000000001,0.00253768486414757
15643.0,192,3,6640.0,2,3,2,7,0,2213.3333333333335,3,1992.0,0.00108579122159027
14377.0,192,2,6170.5,2,2,2,6,0,3085.25,2,1851.1499999999999,0.0010086746678444668
17472.0,192,4,9351.0,2,3,3,8,0,2337.75,4,2805.2999999999997,0.0015310797779371757
16424.0,192,2,4430.6,2,2,2,6,0,2215.3,2,1329.18,0.0007228917245807333
13475.0,192,4,14317.8,2,3,3,8,0,3579.45,4,4295.339999999999,0.0023468891477873457
13062.0,192,1,3469.8,2,1,1,4,0,3469.8,1,1040.94,0.00056507791235716
15918.0,191,3,5828.8,2,2,2,6,0,1942.9333333333334,3,1748.64,0.0009525495849585436
15658.0,191,8,24234.7,2,4,4,10,0,3029.3375,8,7270.41,0.0039757648705599875
16529.0,191,4,20120.0,2,3,3,8,0,5030.0,4,6036.0,0.003299915065026748
17900.0,191,2,1122.0,2,2,1,5,0,561.0,2,336.59999999999997,0.00017944586787495192
17531.0,191,3,12668.2,2,3,3,8,0,4222.733333333334,3,3800.46,0.0020759382062344673
14453.0,191,1,1199.3,2,1,1,4,0,1199.3,1,359.78999999999996,0.00019214258694747713
13885.0,190,2,5068.0,2,2,2,6,0,2534.0,2,1520.3999999999999,0.0008275862748631079
15405.0,190,2,6598.4,2,2,2,6,0,3299.2,2,1979.5199999999998,0.0010789583171476173
16967.0,190,1,3190.2,2,1,1,4,0,3190.2,1,957.06,0.0005191529103820234
12601.0,190,6,6812.6,2,3,2,7,0,1135.4333333333334,6,2043.78,0.0011141412049268527
15508.0,190,6,10002.7,2,3,3,8,0,1667.1166666666668,6,3000.81,0.0016381231391217124
16659.0,190,1,391.2,2,1,1,4,0,391.2,1,117.35999999999999,5.941013309873695e-05
13294.0,190,3,16895.3,2,3,3,8,0,5631.766666666666,3,5068.589999999999,0.0027702499939637197
16230.0,190,2,5420.3,2,2,2,6,0,2710.15,2,1626.09,0.0008854524343618224
16117.0,190,3,6544.0,2,3,2,7,0,2181.3333333333335,3,1963.1999999999998,0.0010700229805687637
16883.0,188,19,23965.9,2,4,4,10,0,1261.363157894737,19,7189.77,0.003931613795699771
17708.0,188,4,8879.3,2,3,2,7,0,2219.825,4,2663.7899999999995,0.001453601868667963
14682.0,188,6,15148.1,2,3,3,8,0,2524.6833333333334,6,4544.43,0.0024832680073723096
12468.0,188,5,36707.4,2,3,4,9,0,7341.4800000000005,5,11012.22,0.0060244371600281
14512.0,188,7,12234.7,2,4,3,9,0,1747.814285714286,7,3670.4100000000003,0.0020047347428717287
16963.0,188,1,1105.5,2,2,1,5,0,1105.5,1,331.65,0.00017673570144938056
13682.0,188,1,595.0,2,1,1,4,0,595.0,1,178.5,9.288479476730923e-05
16849.0,187,1,1245.7,2,1,1,4,0,1245.7,1,373.71,0.00019976390344120506
16611.0,187,6,17851.3,2,3,3,8,0,2975.2166666666667,6,5355.389999999999,0.002927275394136218
16520.0,187,6,24826.2,2,3,4,9,0,4137.7,6,7447.859999999999,0.004072920230603954
15852.0,187,3,2572.6,2,3,1,6,0,857.5333333333333,3,771.78,0.00041771055981033433
12802.0,187,7,24164.2,2,4,4,10,0,3452.0285714285715,7,7249.26,0.0039641850685598196
15386.0,187,1,3941.4,2,1,2,5,0,3941.4,1,1182.42,0.0006425393963753086
18072.0,186,1,2474.4,2,1,1,4,0,2474.4,1,742.32,0.0004015809632654188
14542.0,186,1,1032.5,2,1,1,4,0,1032.5,1,309.75,0.00016474526817261033
17987.0,186,5,10036.4,2,3,3,8,0,2007.28,5,3010.9199999999996,0.0016436584487303034
12891.0,186,11,8405.0,2,4,2,8,0,764.0909090909091,11,2521.5,0.0013756969028710848
17124.0,186,1,2988.9,2,1,1,4,0,2988.9,1,896.67,0.00048608887999005286
17026.0,186,3,2089.8,2,3,1,6,0,696.6,3,626.94,0.00033840944767301006
14375.0,186,3,11329.9,2,2,3,7,0,3776.633333333333,3,3398.97,0.0018561190712440337
17874.0,186,6,6834.6,2,3,2,7,0,1139.1000000000001,6,2050.38,0.001117754760160948
17854.0,186,6,10714.5,2,3,3,8,0,1785.75,6,3214.35,0.0017550380761957543
13395.0,186,3,11802.3,2,2,3,7,0,3934.1,3,3540.6899999999996,0.0019337119572706949
17707.0,186,8,6093.0,2,4,2,8,0,761.625,8,1827.8999999999999,0.0009959450982698133
12868.0,186,8,22470.6,2,4,3,9,0,2808.825,8,6741.179999999999,0.0036860070165387494
14867.0,186,16,29520.6,2,4,4,10,0,1845.0375,16,8856.179999999998,0.004843987216555601
13466.0,185,5,10133.5,2,3,3,8,0,2026.7,5,3040.0499999999997,0.0016596073675135142
12383.0,185,5,18505.6,2,3,3,8,0,3701.12,5,5551.679999999999,0.0030347458118484202
16955.0,185,6,13094.1,2,3,3,8,0,2182.35,6,3928.2299999999996,0.002145893350516336
16832.0,185,5,4176.1,2,3,2,7,0,835.22,5,1252.8300000000002,0.0006810894606226782
15609.0,185,1,2984.8,2,1,1,4,0,2984.8,1,895.44,0.0004854154446964261
14622.0,185,1,3205.8,2,1,1,4,0,3205.8,1,961.74,0.0005217152495480182
17409.0,185,10,77935.1,2,4,4,10,0,7793.51,10,23380.530000000002,0.012796190392969206
14231.0,184,4,12356.2,2,3,3,8,0,3089.05,4,3706.86,0.002024691422914572
15780.0,184,3,4752.8,2,2,2,6,0,1584.2666666666667,3,1425.84,0.0007758138835091629
13900.0,184,6,16105.9,2,3,3,8,0,2684.3166666666666,6,4831.7699999999995,0.002640589062063961
16113.0,184,1,1613.8,2,1,1,4,0,1613.8,1,484.14,0.00026022525260804244
14501.0,184,2,2512.1,2,2,1,5,0,1256.05,2,753.63,0.0004077732829165727
14241.0,184,2,3337.0,2,2,1,5,0,1668.5,2,1001.0999999999999,0.0005432651789440765
13811.0,184,3,8145.0,2,3,2,7,0,2715.0,3,2443.5,0.0013329912501045058
16614.0,183,3,11797.9,2,2,3,7,0,3932.633333333333,3,3539.37,0.001932989246223876
13533.0,183,3,2707.9,2,3,1,6,0,902.6333333333333,3,812.37,0.0004399339245000195
16581.0,183,1,1058.4,2,1,1,4,0,1058.4,1,317.52000000000004,0.0001689994081982042
15098.0,183,3,399165.0,2,3,4,9,0,133055.0,3,119749.5,0.06555900796082643
17234.0,183,1,1498.9,2,1,1,4,0,1498.9,1,449.67,0.00024135263913542735
13686.0,183,3,4090.4,2,2,2,6,0,1363.4666666666667,3,1227.12,0.000667013020460771
14450.0,181,7,11284.4,2,4,3,9,0,1612.0571428571427,7,3385.3199999999997,0.0018486455820098825
18281.0,181,2,2011.4,2,2,1,5,0,1005.7,2,603.42,0.0003255320508387801
14823.0,181,3,3214.3,2,2,1,5,0,1071.4333333333334,3,964.29,0.000523111395888464
13080.0,180,4,2807.3,2,3,1,6,0,701.825,4,842.19,0.00045626062405770395
13663.0,180,5,20475.1,2,3,3,8,0,4095.0199999999995,5,6142.53,0.003358241131555256
13936.0,180,3,9396.6,2,2,3,7,0,3132.2000000000003,3,2818.98,0.0015385696924223912
17795.0,180,2,3503.9,2,2,2,6,0,1751.95,2,1051.17,0.0005706789229700074
12732.0,180,1,2362.6,2,1,1,4,0,2362.6,1,708.78,0.0003832175325757898
14573.0,180,13,26214.2,2,4,4,10,0,2016.4769230769232,13,7864.26,0.004300902715373231
15069.0,180,1,11095.3,2,1,3,6,0,11095.3,1,3328.5899999999997,0.0018175854322477283
17349.0,180,5,8522.5,2,3,2,7,0,1704.5,5,2556.75,0.0013949965728713657
13476.0,179,5,20614.7,2,3,3,8,0,4122.9400000000005,5,6184.410000000001,0.0033811707820406967
17179.0,179,6,15072.6,2,3,3,8,0,2512.1,6,4521.78,0.0024708669428189375
15912.0,179,9,10747.0,2,4,3,9,0,1194.111111111111,9,3224.1,0.0017603762827915767
17749.0,179,3,10261.8,2,2,3,7,0,3420.6,3,3078.5399999999995,0.0016806809646287145
16644.0,178,2,8337.8,2,2,2,6,0,4168.9,2,2501.3399999999997,0.0013646591341560303
15574.0,178,6,15187.0,2,3,3,8,0,2531.1666666666665,6,4556.099999999999,0.002489657430036232
17536.0,178,3,3648.3,2,2,2,6,0,1216.1000000000001,3,1094.49,0.0005943969855065228
12809.0,178,3,17559.4,2,3,3,8,0,5853.133333333334,3,5267.820000000001,0.0028793300862802016
18165.0,178,1,3024.6,2,1,1,4,0,3024.6,1,907.38,0.0004919526946199254
16461.0,178,3,16152.2,2,3,3,8,0,5384.066666666667,3,4845.66,0.0026481939533066247
13343.0,178,1,3534.3,2,2,2,6,0,3534.3,1,1060.29,0.0005756721992934843
14222.0,178,1,6831.7,2,1,2,5,0,6831.7,1,2049.5099999999998,0.0011172784278800898
16276.0,177,3,26293.9,2,3,4,9,0,8764.633333333333,3,7888.17,0.0043139936404712935
12908.0,177,5,17760.0,2,3,3,8,0,3552.0,5,5328.0,0.0029122791399147233
15585.0,177,1,4553.0,2,1,2,5,0,4553.0,1,1365.8999999999999,0.0007429962318831534
13951.0,177,3,6744.5,2,3,2,7,0,2248.1666666666665,3,2023.35,0.0011029556089522218
18168.0,177,16,37702.7,2,4,4,10,0,2356.41875,16,11310.81,0.006187917683868777
15219.0,177,2,6854.5,2,2,2,6,0,3427.25,2,2056.35,0.0011210233851226975
16257.0,177,1,469.5,2,1,1,4,0,469.5,1,140.85,7.227110468190285e-05
17446.0,177,2,1209.0,2,2,1,5,0,604.5,2,362.7,0.0001937358363006918
14037.0,177,6,8369.5,2,3,2,7,0,1394.9166666666667,6,2510.85,0.0013698659387433403
13826.0,177,1,1895.0,2,1,1,4,0,1895.0,1,568.5,0.00030641305860020396
16739.0,177,2,7864.3,2,2,2,6,0,3932.15,2,2359.29,0.0012868855703676645
17204.0,176,9,55046.9,2,4,4,10,0,6116.322222222222,9,16514.07,0.009036746078923004
14491.0,176,2,4681.3,2,2,2,6,0,2340.65,2,1404.39,0.0007640698289983538
16050.0,174,3,3007.0,2,2,1,5,0,1002.3333333333334,3,902.1,0.0004890618504326494
14162.0,174,2,2893.6,2,2,1,5,0,1446.8,2,868.0799999999999,0.00047043561572599526
15535.0,174,6,10878.2,2,3,3,8,0,1813.0333333333335,6,3263.46,0.001781926212187635
16484.0,174,2,4043.0,2,2,2,6,0,2021.5,2,1212.8999999999999,0.0006592274514564024
18062.0,174,6,16326.7,2,3,3,8,0,2721.116666666667,6,4898.01,0.002676856016413425
12837.0,174,2,6884.1,2,2,2,6,0,3442.05,2,2065.23,0.001125885259437662
16805.0,174,5,10972.4,2,3,3,8,0,2194.48,5,3291.72,0.0017973987986899878
13568.0,174,1,1928.5,2,1,1,4,0,1928.5,1,578.55,0.000311915517706667
15909.0,174,1,1919.4,2,1,1,4,0,1919.4,1,575.82,0.0003104208198598368
17879.0,174,1,1785.2,2,1,1,4,0,1785.2,1,535.56,0.0002883781329318564
13618.0,174,1,1773.4,2,1,1,4,0,1773.4,1,532.02,0.00028643995330629625
17616.0,174,4,10608.0,2,3,3,8,0,2652.0,4,3182.4,0.001737545183812521
13005.0,174,4,9996.8,2,3,3,8,0,2499.2,4,2999.0399999999995,0.0016371540493089322
15076.0,173,3,14477.4,2,3,3,8,0,4825.8,3,4343.22,0.0023731038484856
15280.0,173,3,4062.2,2,3,2,7,0,1354.0666666666666,3,1218.6599999999999,0.0006623810996607036
15700.0,173,2,6966.8,2,2,2,6,0,3483.4,2,2090.04,0.0011394689420676468
16320.0,173,6,56289.9,2,3,4,9,0,9381.65,6,16886.969999999998,0.00924091194964938
15016.0,173,5,6303.0,2,3,2,7,0,1260.6,5,1890.8999999999999,0.0010304381255043578
17897.0,173,9,25850.0,2,4,4,10,0,2872.222222222222,9,7755.0,0.004241081950997891
15825.0,173,1,5329.4,2,1,2,5,0,5329.4,1,1598.82,0.0008705218811445838
15921.0,173,4,8021.1,2,3,2,7,0,2005.275,4,2406.33,0.0013126403640361245
18260.0,173,23,99621.1,2,4,4,10,0,4331.352173913044,23,29886.33,0.016358170338723173
15389.0,173,5,27338.0,2,3,4,9,0,5467.6,5,8201.4,0.004485489686831236
17960.0,172,3,1350.8,2,3,1,6,0,450.26666666666665,3,405.23999999999995,0.0002170268423095414
15412.0,172,1,1905.3,2,1,1,4,0,1905.3,1,571.5899999999999,0.00030810485945980304
15507.0,172,1,4923.6,2,1,2,5,0,4923.6,1,1477.0800000000002,0.0008038682123265926
16526.0,172,2,7172.1,2,2,2,6,0,3586.05,2,2151.63,0.0011731899825021801
17877.0,171,1,2376.1,2,1,1,4,0,2376.1,1,712.8299999999999,0.00038543494146943907
14998.0,171,4,7707.3,2,3,2,7,0,1926.825,4,2312.19,0.0012610979261970766
16114.0,171,1,1357.5,2,1,1,4,0,1357.5,1,407.25,0.00021812733413083404
14643.0,171,5,16798.9,2,3,3,8,0,3359.78,5,5039.67,0.002754416051937958
16247.0,171,1,1145.6,2,1,1,4,0,1145.6,1,343.67999999999995,0.00018332222712607216
16214.0,171,4,20382.5,2,3,3,8,0,5095.625,4,6114.75,0.0033430313490699286
15041.0,171,2,2940.2,2,2,1,5,0,1470.1,2,882.06,0.0004780897827218513
17709.0,170,5,6710.1,2,3,2,7,0,1342.02,5,2013.03,0.0010973053225861822
16647.0,170,4,5419.0,2,3,2,7,0,1354.75,4,1625.7,0.0008852389060979896
13929.0,170,11,34941.0,2,4,4,10,0,3176.4545454545455,11,10482.3,0.005734301525232389
14584.0,170,8,17479.1,2,4,3,9,0,2184.8875,8,5243.73,0.002866140609675754
13937.0,170,2,8801.3,2,2,2,6,0,4400.65,2,2640.39,0.0014407901728379895
14656.0,170,5,8146.5,2,3,2,7,0,1629.3,5,2443.95,0.0013332376288704667
17630.0,170,2,5036.0,2,2,2,6,0,2518.0,2,1510.8,0.0008223301945226059
15379.0,170,8,48778.4,2,4,4,10,0,6097.3,8,14633.52,0.00800712921597185
15130.0,170,1,3301.1,2,1,1,4,0,3301.1,1,990.3299999999999,0.0005373685138120758
16287.0,170,5,10069.8,2,3,3,8,0,2013.9599999999998,5,3020.9399999999996,0.0016491444825857025
15384.0,170,4,20277.9,2,3,3,8,0,5069.475,4,6083.37,0.0033258505364569123
13300.0,170,3,12855.1,2,3,3,8,0,4285.033333333334,3,3856.5300000000007,0.002106637000473212
17704.0,169,2,8851.9,2,2,2,6,0,4425.95,2,2655.5699999999997,0.0014491013498764082
13856.0,169,11,11420.3,2,4,3,9,0,1038.209090909091,11,3426.09,0.0018709674982059523
15665.0,169,5,40151.2,2,3,4,9,0,8030.24,5,12045.359999999999,0.006590089956172502
15258.0,169,2,6231.6,2,2,2,6,0,3115.8,2,1869.48,0.0010187104962446128
12548.0,167,1,952.0,2,1,1,4,0,952.0,1,285.59999999999997,0.0001515229410660349
14795.0,167,1,1314.5,2,1,1,4,0,1314.5,1,394.34999999999997,0.0002110644761732844
17969.0,167,20,23699.4,2,4,4,10,0,1184.97,20,7109.820000000001,0.0038878405016140277
15644.0,167,4,8130.0,2,3,2,7,0,2032.5,4,2439.0,0.0013305274624448955
17980.0,166,4,10334.2,2,3,3,8,0,2583.55,4,3100.26,0.0016925728463991008
18193.0,166,3,12073.5,2,2,3,7,0,4024.5,3,3622.0499999999997,0.0019782572381564496
15976.0,166,6,17466.4,2,3,3,8,0,2911.066666666667,6,5239.92,0.0028640546027906173
17110.0,166,3,5107.0,2,2,2,6,0,1702.3333333333333,3,1532.1,0.0008339921227780947
12493.0,166,2,4337.4,2,2,2,6,0,2168.7,2,1301.2199999999998,0.000707583390589021
13453.0,166,3,7816.9,2,3,2,7,0,2605.633333333333,3,2345.0699999999997,0.0012791000013632958
16545.0,165,2,6898.2,2,2,2,6,0,3449.1,2,2069.46,0.0011282012198376957
14351.0,165,1,510.0,2,1,1,4,0,510.0,1,153.0,7.892333136285072e-05
15146.0,165,2,13271.6,2,2,3,7,0,6635.8,2,3981.48,0.002175048171155058
16473.0,165,4,4708.3,2,3,2,7,0,1177.075,4,1412.49,0.0007685046467856524
13656.0,165,4,10788.5,2,3,3,8,0,2697.125,4,3236.5499999999997,0.001767192761983165
14481.0,165,5,23114.9,2,3,4,9,0,4622.9800000000005,5,6934.47,0.0037918349091445452
14327.0,164,6,18949.3,2,3,3,8,0,3158.2166666666667,6,5684.79,0.003107624650819694
17408.0,164,3,3160.9,2,2,1,5,0,1053.6333333333334,3,948.2700000000001,0.0005143403118202513
17391.0,164,2,5088.0,2,2,2,6,0,2544.0,2,1526.3999999999999,0.0008308713250759216
16553.0,164,33,166440.1,2,4,4,10,0,5043.639393939394,33,49932.03,0.02733335884722332
16801.0,164,4,16197.3,2,3,3,8,0,4049.325,4,4859.19,0.0026556017415365197
15537.0,164,1,1109.2,2,2,1,5,0,1109.2,1,332.76,0.00017734343573875112
14267.0,163,3,15162.4,2,3,3,8,0,5054.133333333333,3,4548.719999999999,0.002485616818274471
13745.0,163,2,7773.6,2,2,2,6,0,3886.8,2,2332.08,0.0012719878676525542
14803.0,163,3,8455.5,2,2,2,6,0,2818.5,3,2536.65,0.0013839916546584397
15578.0,163,1,1271.0,2,1,1,4,0,1271.0,1,381.3,0.0002039194919604145
17891.0,163,1,2038.6,2,1,1,4,0,2038.6,1,611.5799999999999,0.0003299997191282068
12424.0,163,4,33400.3,2,3,4,9,0,8350.075,4,10020.09,0.005481237682088281
15483.0,162,10,8622.0,2,4,2,8,0,862.2,10,2586.6,0.0014113396976801142
17123.0,162,3,9771.7,2,2,3,7,0,3257.2333333333336,3,2931.51,0.0016001808091637136
14016.0,162,11,114034.1,2,4,4,10,0,10366.736363636364,11,34210.23,0.018725541774587413
16498.0,162,2,1009.7,2,2,1,5,0,504.85,2,302.91,0.00016100031093000265
14338.0,162,3,9281.0,2,2,3,7,0,3093.6666666666665,3,2784.2999999999997,0.0015195821021923275
17505.0,162,5,24354.8,2,3,4,9,0,4870.96,5,7306.44,0.003995491597087934
12922.0,162,1,4053.8,2,1,2,5,0,4053.8,1,1216.14,0.000661001378571322
17939.0,160,1,991.4,2,1,1,4,0,991.4,1,297.41999999999996,0.00015799448998527802
15007.0,160,1,1569.1,2,1,1,4,0,1569.1,1,470.72999999999996,0.00025288316538240365
17899.0,160,1,1558.0,2,1,1,4,0,1558.0,1,467.4,0.000251059962514292
17105.0,160,2,6657.8,2,2,2,6,0,3328.9,2,1997.34,0.001088714916279674
13833.0,160,2,7013.6,2,2,2,6,0,3506.8,2,2104.08,0.0011471559595656311
17781.0,160,2,1880.2,2,2,1,5,0,940.1,2,564.06,0.00030398212144272177
17464.0,159,3,10009.4,2,2,3,7,0,3336.4666666666667,3,3002.8199999999997,0.0016392236309430049
16344.0,159,4,8424.2,2,3,2,7,0,2106.05,4,2527.26,0.001378850551075386
17765.0,159,4,5308.0,2,3,2,7,0,1327.0,4,1592.3999999999999,0.0008670068774168731
15349.0,159,2,4738.1,2,2,2,6,0,2369.05,2,1421.43,0.0007733993716027449
15646.0,158,5,9746.1,2,3,3,8,0,1949.22,5,2923.83,0.0015959759448913118
14352.0,158,4,10789.6,2,3,3,8,0,2697.4,4,3236.88,0.0017673734397448701
12980.0,158,21,162457.8,2,4,4,10,0,7736.085714285714,21,48737.34,0.026679256074098906
13085.0,158,8,24332.8,2,4,4,10,0,3041.6,8,7299.839999999999,0.003991878041853839
18142.0,158,2,10195.2,2,2,3,7,0,5097.6,2,3058.56,0.0016697417474200449
18203.0,158,4,5044.2,2,3,2,7,0,1261.05,4,1513.26,0.0008236770651098595
13338.0,158,4,24456.2,2,3,4,9,0,6114.05,4,7336.86,0.0040121468016669
14905.0,158,8,19713.9,2,4,3,9,0,2464.2375,8,5914.17,0.0032332121204555644
16146.0,158,4,9463.8,2,3,3,8,0,2365.95,4,2839.14,0.0015496074611374454
16338.0,158,1,2148.0,2,1,1,4,0,2148.0,1,644.4,0.0003479689437922981
17046.0,158,5,19060.7,2,3,3,8,0,3812.1400000000003,5,5718.21,0.003125922380505067
17440.0,157,4,3235.8,2,3,1,6,0,808.95,4,970.74,0.0005266428248672389
13253.0,157,4,29511.1,2,3,4,9,0,7377.775,4,8853.33,0.004842426817704516
16829.0,157,2,5133.2,2,2,2,6,0,2566.6,2,1539.9599999999998,0.0008382955385568807
17341.0,157,5,18898.3,2,3,3,8,0,3779.66,5,5669.49,0.003099247772777019
12977.0,157,4,5176.3,2,3,2,7,0,1294.075,4,1552.89,0.0008453748217654946
16919.0,157,24,51259.1,2,4,4,10,0,2135.795833333333,24,15377.729999999996,0.008414590419118202
12450.0,157,5,6882.0,2,3,2,7,0,1376.4,5,2064.6,0.0011255403291653165
15334.0,157,3,3516.7,2,2,2,6,0,1172.2333333333333,3,1055.01,0.0005727813551062082
15889.0,157,8,18062.8,2,4,3,9,0,2257.85,8,5418.839999999999,0.0029620148001367236
14645.0,157,3,8768.9,2,2,2,6,0,2922.9666666666667,3,2630.6699999999996,0.001435468391493231
13583.0,156,2,14450.3,2,2,3,7,0,7225.15,2,4335.089999999999,0.002368652605447237
18013.0,156,2,1872.9,2,2,1,5,0,936.45,2,561.87,0.00030278307811504475
14021.0,156,7,17165.8,2,4,3,9,0,2452.2571428571428,7,5149.74,0.0028146802980920263
14459.0,156,2,53757.4,2,2,4,8,0,26878.7,2,16127.22,0.008824942466451836
15512.0,156,4,3315.8,2,3,1,6,0,828.95,4,994.74,0.0005397830257184939
13699.0,156,2,7641.5,2,2,2,6,0,3820.75,2,2292.45,0.0012502901109969192
13291.0,156,11,33208.4,2,4,4,10,0,3018.9454545454546,11,9962.52,0.005449717625296333
13302.0,156,2,1592.0,2,2,1,5,0,796.0,2,477.59999999999997,0.0002566445478760754
15182.0,155,11,29989.5,2,4,4,10,0,2726.318181818182,11,8996.85,0.004921005218795021
18037.0,155,15,1674.2,2,4,1,7,0,111.61333333333333,15,502.26,0.00027014610425074
12648.0,155,4,11120.0,2,3,3,8,0,2780.0,4,3336.0,0.0018216424692605534
16091.0,155,2,3150.6,2,2,1,5,0,1575.3,2,945.18,0.0005126485109606521
15920.0,155,9,5716.4,2,4,2,8,0,635.1555555555556,9,1714.9199999999998,0.0009340876027625302
16398.0,155,2,17058.0,2,2,3,7,0,8529.0,2,5117.4,0.00279697387744496
14104.0,155,5,7715.8,2,3,2,7,0,1543.16,5,2314.74,0.0012624940725375223
13955.0,155,3,5451.7,2,2,2,6,0,1817.2333333333333,3,1635.51,0.0008906099631959401
14264.0,155,6,15173.6,2,3,3,8,0,2528.9333333333334,6,4552.08,0.002487456446393647
17787.0,153,4,26014.7,2,3,4,9,0,6503.675,4,7804.41,0.004268134339500413
17126.0,153,9,20704.4,2,4,3,9,0,2300.488888888889,9,6211.320000000001,0.003395904232245166
18024.0,153,2,3897.8,2,2,2,6,0,1948.9,2,1169.34,0.0006353779869113745
12717.0,152,3,13089.1,2,3,3,8,0,4363.033333333334,3,3926.7300000000005,0.002145072087963133
13754.0,152,3,4470.5,2,2,2,6,0,1490.1666666666667,3,1341.1499999999999,0.0007294453997552967
15265.0,152,4,33456.4,2,3,4,9,0,8364.1,4,10036.92,0.005490452247935223
14552.0,152,3,5112.8,2,2,2,6,0,1704.2666666666667,3,1533.84,0.0008349447873398108
13675.0,152,2,4868.2,2,2,2,6,0,2434.1,2,1460.4599999999998,0.0007947686232370984
13678.0,152,1,2326.0,2,1,1,4,0,2326.0,1,697.8,0.00037720589068634063
15577.0,152,5,3979.8,2,3,2,7,0,795.96,5,1193.94,0.000648846692783911
17337.0,152,4,20278.7,2,3,3,8,0,5069.675,4,6083.61,0.0033259819384654247
15045.0,152,2,7356.6,2,2,2,6,0,3678.3,2,2206.98,0.001203494570715387
12669.0,151,3,27440.3,2,3,4,9,0,9146.766666666666,3,8232.09,0.004502292718669778
14548.0,151,9,26274.9,2,4,4,10,0,2919.4333333333334,9,7882.47,0.00431087284276912
13420.0,150,2,1598.5,2,2,1,5,0,799.25,2,479.54999999999995,0.0002577121891952399
13667.0,150,1,3050.2,2,1,1,4,0,3050.2,1,915.06,0.0004961575588923271
15895.0,150,1,1791.7,2,1,1,4,0,1791.7,1,537.51,0.00028944577425102087
16450.0,150,3,15057.3,2,3,3,8,0,5019.099999999999,3,4517.19,0.002468353879406135
14400.0,150,3,17324.7,2,3,3,8,0,5774.900000000001,3,5197.41,0.0028407800220328315
16998.0,150,5,4020.0,2,3,2,7,0,804.0,5,1206.0,0.0006554496437116667
18121.0,150,2,6731.0,2,2,2,6,0,3365.5,2,2019.3,0.0011007382000585725
15795.0,150,8,19798.7,2,4,3,9,0,2474.8375,8,5939.61,0.0032471407333578943
12653.0,149,3,41608.3,2,2,4,8,0,13869.433333333334,3,12482.49,0.00682942228942705
14891.0,149,4,11067.3,2,3,3,8,0,2766.825,4,3320.1899999999996,0.0018129863619497889
14847.0,149,3,13489.5,2,3,3,8,0,4496.5,3,4046.85,0.0022108387932236644
15402.0,149,6,18305.4,2,3,3,8,0,3050.9,6,5491.62,0.003001862459218155
12915.0,149,4,11747.5,2,3,3,8,0,2936.875,4,3524.25,0.0019247109196875853
12405.0,149,1,17103.9,2,1,3,6,0,17103.9,1,5131.17,0.002804513067683368
14461.0,149,13,67135.0,2,4,4,10,0,5164.2307692307695,13,20140.5,0.011022246852798708
17259.0,149,6,18893.4,2,3,3,8,0,3148.9,6,5668.02,0.0030984429354748797
15256.0,149,2,1704.0,2,2,1,5,0,852.0,2,511.2,0.0002750408290678325
14958.0,148,6,9579.4,2,3,3,8,0,1596.5666666666666,6,2873.8199999999997,0.0015685950513675089
12815.0,148,2,10634.6,2,2,3,7,0,5317.3,2,3190.38,0.0017419143005955634
17948.0,148,1,3585.6,2,2,2,6,0,3585.6,1,1075.6799999999998,0.0005840983530893516
14722.0,148,3,5133.7,2,2,2,6,0,1711.2333333333333,3,1540.11,0.0008383776648122011
15004.0,148,1,12463.2,2,1,3,6,0,12463.2,1,3738.96,0.002042266441553126
17444.0,148,3,29400.4,2,2,4,8,0,9800.133333333333,3,8820.12,0.004824244064776591
12833.0,146,1,4173.8,2,1,2,5,0,4173.8,1,1252.14,0.0006807116798482046
16054.0,146,4,21118.8,2,3,3,8,0,5279.7,4,6335.639999999999,0.003463970472654667
17984.0,146,5,11912.7,2,3,3,8,0,2382.54,5,3573.81,0.0019518454344454271
15716.0,146,11,30568.1,2,4,4,10,0,2778.918181818182,11,9170.43,0.005016041721451723
13967.0,146,2,1663.0,2,2,1,5,0,831.5,2,498.9,0.0002683064761315643
16859.0,145,7,19324.1,2,4,3,9,0,2760.585714285714,7,5797.23,0.0031691864918078237
13564.0,145,37,172495.5,2,4,4,10,0,4662.040540540541,37,51748.65,0.028327973500156946
14758.0,145,7,28649.7,2,4,4,10,0,4092.8142857142857,7,8594.91,0.004700939705038627
13821.0,145,6,14107.3,2,3,3,8,0,2351.2166666666667,6,4232.19,0.002312313994297481
14117.0,144,1,900.0,2,1,1,4,0,900.0,1,270.0,0.00014298181051271915
12875.0,144,5,13569.9,2,3,3,8,0,2713.98,5,4070.97,0.0022240446950791757
15713.0,144,4,10107.9,2,3,3,8,0,2526.975,4,3032.37,0.0016554025032411129
12840.0,144,7,40419.7,2,4,4,10,0,5774.242857142856,7,12125.909999999998,0.006634191755279527
12947.0,144,6,19080.3,2,3,3,8,0,3180.0499999999997,6,5724.089999999999,0.003129141729713624
16112.0,144,4,1957.4,2,3,1,6,0,489.35,4,587.22,0.00031666241526418296
17866.0,143,3,11349.5,2,2,3,7,0,3783.1666666666665,3,3404.85,0.0018593384204525915
12521.0,143,1,5996.8,2,1,2,5,0,5996.8,1,1799.04,0.0009801440067461792
17962.0,143,4,6874.2,2,3,2,7,0,1718.55,4,2062.2599999999998,0.001124259159582319
12510.0,143,9,51780.2,2,4,4,10,0,5753.355555555555,9,15534.059999999998,0.008500182402413065
16807.0,143,6,21238.8,2,3,3,8,0,3539.7999999999997,6,6371.639999999999,0.0034836807739315493
15802.0,143,1,4514.2,2,1,2,5,0,4514.2,1,1354.26,0.0007366232344702948
16654.0,142,8,17114.7,2,4,3,9,0,2139.3375,8,5134.41,0.002806286994798287
17694.0,142,3,16959.7,2,3,3,8,0,5653.233333333334,3,5087.91,0.0027808278556489805
17660.0,142,2,3594.7,2,2,2,6,0,1797.35,2,1078.4099999999999,0.0005855930509361818
15108.0,142,4,13002.5,2,3,3,8,0,3250.625,4,3900.75,0.0021308478205416493
14259.0,142,1,1200.0,2,1,1,4,0,1200.0,1,360.0,0.00019225756370492563
15623.0,142,8,24370.5,2,4,4,10,0,3046.3125,8,7311.15,0.003998070361504993
15704.0,141,6,38179.6,2,3,4,9,0,6363.266666666666,6,11453.88,0.0062662497061933215
16866.0,141,3,2077.4,2,3,1,6,0,692.4666666666667,3,623.22,0.00033637271654106556
18146.0,141,2,1603.5,2,2,1,5,0,801.75,2,481.04999999999995,0.0002585334517484433
18262.0,141,3,5775.4,2,2,2,6,0,1925.1333333333332,3,1732.62,0.0009437785008903308
13037.0,139,12,39149.5,2,4,4,10,0,3262.4583333333335,12,11744.85,0.006425558216263725
17265.0,139,2,5629.0,2,2,2,6,0,2814.5,2,1688.7,0.0009197319333325341
17312.0,139,3,6443.0,2,3,2,7,0,2147.6666666666665,3,1932.8999999999999,0.0010534334769940544
12864.0,139,2,2995.7,2,2,1,5,0,1497.85,2,898.7099999999999,0.0004872057970624095
12763.0,139,2,8141.6,2,2,2,6,0,4070.8,2,2442.48,0.0013324327915683275
17649.0,139,3,15788.9,2,3,3,8,0,5262.966666666666,3,4736.669999999999,0.0025885210161908623
13802.0,139,19,262591.1,2,4,4,10,0,13820.584210526315,19,78777.32999999999,0.04312640199783613
12916.0,139,7,46540.2,2,4,4,10,0,6648.599999999999,7,13962.06,0.00763949924665586
16178.0,139,2,6126.0,2,2,2,6,0,3063.0,2,1837.8,0.0010013654311209561
16948.0,139,7,8687.7,2,4,2,8,0,1241.1000000000001,7,2606.31,0.0014221310876292074
17935.0,139,7,6861.4,2,4,2,8,0,980.1999999999999,7,2058.4199999999996,0.0011221567274461181
16305.0,139,1,3612.2,2,2,2,6,0,3612.2,1,1083.6599999999999,0.0005884674698723939
13116.0,139,1,5011.4,2,1,2,5,0,5011.4,1,1503.4199999999998,0.0008182895827608449
17693.0,138,1,2004.7,2,1,1,4,0,2004.7,1,601.41,0.0003244315590174875
14692.0,138,12,17450.9,2,4,3,9,0,1454.2416666666668,12,5235.27,0.002861508688875687
17040.0,138,2,4632.5,2,2,2,6,0,2316.25,2,1389.75,0.0007560543064790882
13296.0,138,6,7925.1,2,3,2,7,0,1320.8500000000001,6,2377.53,0.0012968721230146186
15372.0,138,8,60170.6,2,4,4,10,0,7521.325,8,18051.18,0.0098783266676927
14100.0,138,1,1949.0,2,1,1,4,0,1949.0,1,584.6999999999999,0.0003152826941748011
15855.0,137,6,10527.2,2,3,3,8,0,1754.5333333333335,6,3158.1600000000003,0.0017242735809527537
13492.0,137,3,12698.4,2,3,3,8,0,4232.8,3,3809.5200000000004,0.002080898632055816
13730.0,136,2,7526.0,2,2,2,6,0,3763.0,2,2257.7999999999997,0.0012313189460179195
16696.0,136,4,6579.0,2,3,2,7,0,1644.75,4,1973.6999999999998,0.0010757718184411878
15261.0,136,4,15080.0,2,3,3,8,0,3770.0,4,4524.0,0.002472082411397679
13194.0,136,2,4727.8,2,2,2,6,0,2363.9,2,1418.34,0.0007717075707431457
16447.0,136,3,7751.4,2,3,2,7,0,2583.7999999999997,3,2325.4199999999996,0.0012683414619163308
15245.0,135,8,46108.4,2,4,4,10,0,5763.55,8,13832.52,0.007568575012561212
12743.0,135,2,5464.3,2,2,2,6,0,2732.15,2,1639.29,0.0008926795448300127
12507.0,135,4,18440.6,2,3,3,8,0,4610.15,4,5532.179999999999,0.0030240693986567754
17931.0,135,14,34372.9,2,4,4,10,0,2455.207142857143,14,10311.87,0.0056409896739374145
12853.0,135,11,39075.0,2,4,4,10,0,3552.2727272727275,11,11722.5,0.006413321404220994
16951.0,135,3,12777.5,2,3,3,8,0,4259.166666666667,3,3833.25,0.0020938910056474943
12453.0,135,1,7070.9,2,1,2,5,0,7070.9,1,2121.27,0.0011565676284253424
15639.0,135,3,10650.8,2,2,3,7,0,3550.2666666666664,3,3195.24,0.0017445751912679424
18151.0,135,6,18794.4,2,3,3,8,0,3132.4,6,5638.320000000001,0.0030821819369214517
15118.0,135,1,2448.0,2,1,1,4,0,2448.0,1,734.4,0.0003972446969845046
18268.0,135,6,14902.3,2,3,3,8,0,2483.7166666666667,6,4470.69,0.002442894740256828
15746.0,135,1,1968.8,2,1,1,4,0,1968.8,1,590.64,0.00031853489388548677
14002.0,135,2,5297.3,2,2,2,6,0,2648.65,2,1589.19,0.0008652493755530178
16147.0,134,5,23989.1,2,3,4,9,0,4797.82,5,7196.73,0.0039354244539466345
13414.0,134,6,24941.4,2,3,4,9,0,4156.900000000001,6,7482.42,0.0040918421198297625
15776.0,134,1,2416.2,2,1,1,4,0,2416.2,1,724.8599999999999,0.00039202146714613064
13106.0,134,2,6034.6,2,2,2,6,0,3017.3,2,1810.38,0.0009863527516483974
15149.0,134,5,15546.1,2,3,3,8,0,3109.2200000000003,5,4663.830000000001,0.002548640506607304
18064.0,134,11,44950.3,2,4,4,10,0,4086.390909090909,11,13485.09,0.00737835417998823
17926.0,134,5,10354.9,2,3,3,8,0,2070.98,5,3106.47,0.0016959728733693627
15942.0,134,1,3374.4,2,1,1,4,0,3374.4,1,1012.3199999999999,0.0005494082228420382
14143.0,134,1,1158.0,2,1,1,4,0,1158.0,1,347.4,0.00018535895825801672
15120.0,134,1,3588.2,2,2,2,6,0,3588.2,1,1076.4599999999998,0.0005845254096170173
12942.0,132,3,9426.5,2,2,3,7,0,3142.1666666666665,3,2827.95,0.0015434808424905477
17695.0,132,5,17460.4,2,3,3,8,0,3492.0800000000004,5,5238.12,0.002863069087726773
14885.0,132,3,15981.2,2,3,3,8,0,5327.066666666667,3,4794.36,0.002620106773987067
13722.0,132,10,56354.1,2,4,4,10,0,5635.41,10,16906.23,0.009251456960832512
13388.0,132,3,11856.5,2,2,3,7,0,3952.1666666666665,3,3556.95,0.0019426144433474203
15438.0,132,1,1565.8,2,1,1,4,0,1565.8,1,469.73999999999995,0.0002523411320972894
17941.0,131,4,14332.8,2,3,3,8,0,3583.2,4,4299.839999999999,0.0023493529354469563
14403.0,131,6,18805.1,2,3,3,8,0,3134.183333333333,6,5641.53,0.0030839394387853067
17615.0,131,6,7332.0,2,3,2,7,0,1222.0,6,2199.6,0.0011994539589536262
17053.0,131,1,4984.8,2,1,2,5,0,4984.8,1,1495.44,0.0008139204659778028
12534.0,131,1,10891.8,2,1,3,6,0,10891.8,1,3267.5399999999995,0.001784160046332348
17282.0,131,5,23396.6,2,3,4,9,0,4679.32,5,7018.98,0.0038381048413920265
17353.0,130,4,32420.0,2,3,4,9,0,8105.0,4,9726.0,0.005320220945907213
13075.0,130,1,9196.1,2,2,3,7,0,9196.1,1,2758.83,0.0015056370640389332
13850.0,130,1,15954.8,2,1,3,6,0,15954.8,1,4786.44,0.0026157705077061526
14076.0,130,1,1224.7,2,1,1,4,0,1224.7,1,367.41,0.00019631460071775064
15342.0,130,1,4060.9,2,1,2,5,0,4060.9,1,1218.27,0.0006621675713968708
14133.0,130,4,9111.4,2,3,3,8,0,2277.85,4,2733.4199999999996,0.0014917248763876667
12644.0,130,4,19184.9,2,3,3,8,0,4796.225,4,5755.47,0.00314632254232664
17887.0,130,1,1113.5,2,2,1,5,0,1113.5,1,334.05,0.00017804972153450608
17553.0,130,4,37576.0,2,3,4,9,0,9394.0,4,11272.8,0.006167106890770602
12378.0,130,2,54163.2,2,2,4,8,0,27081.6,2,16248.96,0.008891596135269826
12643.0,129,12,83504.2,2,4,4,10,0,6958.683333333333,12,25051.26,0.013710929049978261
14972.0,129,2,1450.7,2,2,1,5,0,725.35,2,435.21,0.00023343566812254616
17514.0,129,2,5428.3,2,2,2,6,0,2714.15,2,1628.49,0.0008867664544469479
16835.0,129,6,15384.1,2,3,3,8,0,2564.016666666667,6,4615.2300000000005,0.0025220315998835123
18178.0,129,11,61037.4,2,4,4,10,0,5548.854545454546,11,18311.22,0.010020700743916049
12750.0,129,1,2758.8,2,1,1,4,0,2758.8,1,827.64,0.0004482943772916305
17429.0,129,5,13574.6,2,3,3,8,0,2714.92,5,4072.38,0.002224816681879187
12917.0,129,6,43592.0,2,3,4,9,0,7265.333333333333,6,13077.6,0.007155249994784983
16324.0,129,3,4286.8,2,3,2,7,0,1428.9333333333334,3,1286.04,0.0006992722135506022
15374.0,129,2,3073.2,2,2,1,5,0,1536.6,2,921.9599999999999,0.0004999353666370629
13218.0,128,1,626.4,2,1,1,4,0,626.4,1,187.92,9.804232360142683e-05
17692.0,128,12,29758.0,2,4,4,10,0,2479.8333333333335,12,8927.4,0.004882980762581701
17723.0,128,7,33784.0,2,3,4,9,0,4826.285714285715,7,10135.199999999999,0.005544261370421112
12693.0,128,7,17030.2,2,4,3,9,0,2432.8857142857146,7,5109.06,0.0027924076576491493
14778.0,128,2,7308.6,2,2,2,6,0,3654.3,2,2192.58,0.0011956104502046342
13791.0,128,2,15160.0,2,2,3,7,0,7580.0,2,4548.0,0.002485222612248934
15254.0,128,3,10883.5,2,2,3,7,0,3627.8333333333335,3,3265.0499999999997,0.0017827967504940305
15133.0,128,5,18069.0,2,3,3,8,0,3613.8,5,5420.7,0.002963033165702696
17267.0,128,2,3176.2,2,2,1,5,0,1588.1,2,952.8599999999999,0.0005168533752330538
14344.0,128,20,33337.0,2,4,4,10,0,1666.85,20,10001.1,0.005470840498164725
18099.0,128,1,1683.1,2,1,1,4,0,1683.1,1,504.92999999999995,0.0002716079515954421
13402.0,128,4,15351.3,2,3,3,8,0,3837.825,4,4605.389999999999,0.002516644117534497
16572.0,128,3,10096.0,2,2,3,7,0,3365.3333333333335,3,3028.7999999999997,0.0016534478983644884
16174.0,127,7,22467.5,2,4,3,9,0,3209.6428571428573,7,6740.25,0.0036854978337557635
17400.0,127,8,46770.5,2,4,4,10,0,5846.3125,8,14031.15,0.007677326599856411
16302.0,127,1,2332.2,2,1,1,4,0,2332.2,1,699.66,0.00037822425625231286
13082.0,127,21,73357.5,2,4,4,10,0,3493.214285714286,21,22007.25,0.01204430810026039
17457.0,127,14,59848.1,2,4,4,10,0,4274.864285714286,14,17954.43,0.009825355233011077
13513.0,127,3,8245.9,2,3,2,7,0,2748.633333333333,3,2473.77,0.0013495643284281514
13248.0,125,2,4656.8,2,2,2,6,0,2328.4,2,1397.04,0.0007600456424876569
13752.0,125,7,15907.3,2,3,3,8,0,2272.4714285714285,7,4772.19,0.00260796851345072
14079.0,125,2,6187.3,2,2,2,6,0,3093.65,2,1856.19,0.0010114341100232304
14053.0,125,4,5723.0,2,3,2,7,0,1430.75,4,1716.8999999999999,0.0009351716693327588
14331.0,125,2,4626.6,2,2,2,6,0,2313.3,2,1387.98,0.0007550852166663081
16788.0,124,5,19503.0,2,3,3,8,0,3900.6,5,5850.9,0.003198571265961443
15985.0,124,7,27152.8,2,4,4,10,0,3878.9714285714285,7,8145.839999999999,0.00445507012186058
17331.0,124,1,1752.0,2,1,1,4,0,1752.0,1,525.6,0.00028292494957858557
13869.0,124,10,81115.7,2,4,4,10,0,8111.57,10,24334.71,0.013318611928312978
17085.0,124,28,78914.1,2,4,4,10,0,2818.3607142857145,28,23674.23,0.01295699360088644
18248.0,123,2,8040.2,2,2,2,6,0,4020.1,2,2412.06,0.0013157775869893616
13217.0,123,4,6664.8,2,3,2,7,0,1666.2,4,1999.44,0.0010898646838541591
14127.0,123,6,19000.8,2,3,3,8,0,3166.7999999999997,6,5700.24,0.0031160836551176892
13162.0,123,16,92754.9,2,4,4,10,0,5797.18125,16,27826.469999999998,0.015230379750162077
13355.0,123,1,6747.0,2,1,2,5,0,6747.0,1,2024.1,0.0011033662402288235
13280.0,123,7,23226.3,2,4,4,10,0,3318.042857142857,7,6967.889999999999,0.0038101326388299173
15247.0,123,3,9760.6,2,2,3,7,0,3253.5333333333333,3,2928.18,0.0015983576062956017
16292.0,122,5,12537.6,2,3,3,8,0,2507.52,5,3761.2799999999997,0.002054486828344793
17994.0,122,11,23133.2,2,4,4,10,0,2103.018181818182,11,6939.96,0.0037948407300892697
14024.0,122,3,6457.4,2,3,2,7,0,2152.4666666666667,3,1937.2199999999998,0.00105579871314728
13307.0,121,3,2733.4,2,3,1,6,0,911.1333333333333,3,820.02,0.00044412236352135703
13645.0,121,1,2521.0,2,1,1,4,0,2521.0,1,756.3,0.00040923513026127484
14346.0,121,5,23157.5,2,3,4,9,0,4631.5,5,6947.25,0.0037988320660978384
15581.0,121,38,77945.9,2,4,4,10,0,2051.207894736842,38,23383.769999999997,0.012797964320084124
17248.0,121,2,5461.6,2,2,2,6,0,2730.8,2,1638.48,0.0008922360630512829
15689.0,120,3,5210.3,2,2,2,6,0,1736.7666666666667,3,1563.09,0.0008509594071272778
14406.0,120,1,1567.5,2,1,1,4,0,1567.5,1,470.25,0.00025262036136537854
16045.0,120,8,34349.3,2,4,4,10,0,4293.6625,8,10304.79,0.005637113314686294
16317.0,120,5,21925.1,2,3,3,8,0,4385.0199999999995,5,6577.53,0.003596407271984254
13873.0,120,8,10389.2,2,4,3,9,0,1298.65,8,3116.76,0.0017016067344843386
17642.0,120,5,18244.9,2,3,3,8,0,3648.9800000000005,5,5473.47,0.0029919251823243933
12399.0,120,7,19623.0,2,3,3,8,0,2803.285714285714,7,5886.9,0.0032182815672383257
15192.0,120,5,19813.9,2,3,3,8,0,3962.78,5,5944.17,0.0032496373715196333
13888.0,120,7,21690.5,2,4,3,9,0,3098.6428571428573,7,6507.15,0.0035578736329879485
14855.0,120,7,65203.0,2,4,4,10,0,9314.714285714286,7,19560.899999999998,0.010704911002240898
17122.0,120,4,5705.0,2,3,2,7,0,1426.25,4,1711.5,0.0009322151241412264
17048.0,118,7,20716.8,2,4,3,9,0,2959.542857142857,7,6215.04,0.0033979409633771106
14301.0,118,4,19921.8,2,3,3,8,0,4980.45,4,5976.54,0.0032673602174177634
15683.0,118,2,5245.4,2,2,2,6,0,2622.7,2,1573.62,0.000856724670250766
15624.0,117,4,5881.3,2,3,2,7,0,1470.325,4,1764.39,0.0009611728417671798
16961.0,117,3,7945.6,2,3,2,7,0,2648.5333333333333,3,2383.68,0.0013002392994827525
15480.0,117,5,62790.0,2,3,4,9,0,12558.0,5,18837.0,0.010308569694064918
13621.0,117,1,2138.5,2,1,1,4,0,2138.5,1,641.55,0.00034640854494121155
13799.0,117,9,28035.7,2,4,4,10,0,3115.077777777778,9,8410.71,0.004600088663505243
12758.0,117,7,99032.4,2,4,4,10,0,14147.485714285713,7,29709.719999999998,0.016261474885708997
16902.0,117,1,17068.8,2,1,3,6,0,17068.8,1,5120.639999999999,0.0027987478045598795
13720.0,117,4,7999.0,2,3,2,7,0,1999.75,4,2399.7,0.0013090103835509653
17252.0,117,2,3538.6,2,2,2,6,0,1769.3,2,1061.58,0.0005763784850892393
17958.0,117,2,9738.8,2,2,3,7,0,4869.4,2,2921.64,0.0015947769015636347
18143.0,117,2,10001.6,2,2,3,7,0,5000.8,2,3000.48,0.0016379424613600078
16272.0,117,1,4117.0,2,1,2,5,0,4117.0,1,1235.1,0.0006713821372438133
14006.0,116,7,21966.7,2,4,3,9,0,3138.1,7,6590.01,0.003603240176426907
15002.0,116,9,48172.8,2,4,4,10,0,5352.533333333334,9,14451.84,0.007907657895527848
15768.0,116,34,156010.9,2,4,4,10,0,4588.555882352941,34,46803.27,0.025620336563249455
12641.0,116,1,1859.0,2,1,1,4,0,1859.0,1,557.6999999999999,0.00030049996821713914
16927.0,116,3,5430.5,2,2,2,6,0,1810.1666666666667,3,1629.1499999999999,0.0008871278099703574
14918.0,116,9,59558.1,2,4,4,10,0,6617.566666666667,9,17867.43,0.009777722004925278
13655.0,115,6,22805.1,2,3,3,8,0,3800.85,6,6841.53,0.00374094948134806
14323.0,115,2,6050.6,2,2,2,6,0,3025.3,2,1815.18,0.0009889807918186484
17398.0,115,3,6533.8,2,3,2,7,0,2177.9333333333334,3,1960.1399999999999,0.0010683476049602287
18073.0,115,12,38775.2,2,4,4,10,0,3231.2666666666664,12,11632.56,0.006364078501530915
15541.0,115,1,851.3,2,1,1,4,0,851.3,1,255.39,0.00013498271324451764
17070.0,115,2,4453.2,2,2,2,6,0,2226.6,2,1335.9599999999998,0.0007266038313212128
15122.0,115,11,44974.7,2,4,4,10,0,4088.609090909091,11,13492.409999999998,0.007382361941247861
15734.0,115,4,22633.0,2,3,3,8,0,5658.25,4,6789.9,0.0037126816242667973
16092.0,115,6,15879.4,2,3,3,8,0,2646.5666666666666,6,4763.82,0.0026033858684038447
16755.0,115,7,29005.8,2,4,4,10,0,4143.685714285714,7,8701.74,0.004759430024077776
17045.0,114,5,8276.8,2,3,2,7,0,1655.36,5,2483.0399999999995,0.0013546397310069483
13273.0,114,1,1389.8,2,1,1,4,0,1389.8,1,416.94,0.00022343269022452825
12729.0,114,1,4530.1,2,1,2,5,0,4530.1,1,1359.03,0.0007392348493894817
17742.0,114,11,20984.8,2,4,3,9,0,1907.709090909091,11,6295.44,0.003441960636228815
15232.0,114,2,6120.6,2,2,2,6,0,3060.3,2,1836.18,0.0010004784675634966
12688.0,114,1,48738.1,2,1,4,7,0,48738.1,1,14621.429999999998,0.008000509839793028
15797.0,114,6,28210.8,2,3,4,9,0,4701.8,6,8463.24,0.0046288492781184284
15472.0,114,1,3715.6,2,2,2,6,0,3715.6,1,1114.6799999999998,0.0006054511794726411
13027.0,114,19,173352.0,2,4,4,10,0,9123.78947368421,19,52005.6,0.028468655775520695
16582.0,114,1,3136.2,2,1,1,4,0,3136.2,1,940.8599999999999,0.0005102832748074262
14745.0,113,12,25718.1,2,4,4,10,0,2143.1749999999997,12,7715.429999999999,0.004219417044844385
15938.0,113,9,7348.1,2,4,2,8,0,816.4555555555556,9,2204.43,0.0012020984243749412
12513.0,113,1,6122.9,2,1,2,5,0,6122.9,1,1836.87,0.00100085624833797
12968.0,113,1,1359.5,2,1,1,4,0,1359.5,1,407.84999999999997,0.00021845583915211538
17747.0,113,1,714.0,2,1,1,4,0,714.0,1,214.2,0.00011243084353355112
12418.0,113,4,20212.0,2,3,3,8,0,5053.0,4,6063.599999999999,0.003315026296005691
14772.0,113,1,1392.6,2,1,1,4,0,1392.6,1,417.78,0.00022389259725432217
15396.0,113,2,7963.8,2,2,2,6,0,3981.9,2,2389.14,0.001303228695176413
16419.0,113,8,14874.2,2,4,3,9,0,1859.275,8,4462.26,0.0024382792447078254
13242.0,113,7,6994.0,2,3,2,7,0,999.1428571428571,7,2098.2,0.0011439366103570736
14013.0,111,5,10845.7,2,3,3,8,0,2169.1400000000003,5,3253.71,0.0017765880055918128
17029.0,111,7,21373.0,2,4,3,9,0,3053.285714285714,7,6411.9,0.00350572346085953
14460.0,111,9,10935.0,2,4,3,9,0,1215.0,9,3280.5,0.001791255754792026
16536.0,111,1,5489.7,2,1,2,5,0,5489.7,1,1646.9099999999999,0.0008968515586002861
14224.0,111,9,18979.0,2,4,3,9,0,2108.777777777778,9,5693.7,0.0031125029503857224
14246.0,111,3,14740.6,2,3,3,8,0,4913.533333333334,3,4422.18,0.0024163351092862293
14566.0,111,4,40920.0,2,3,4,9,0,10230.0,4,12276.0,0.006716367286353064
15313.0,111,1,520.0,2,1,1,4,0,520.0,1,156.0,8.05658564692576e-05
13933.0,110,2,6087.9,2,2,2,6,0,3043.95,2,1826.37,0.000995107410465546
17585.0,110,7,20933.0,2,4,3,9,0,2990.4285714285716,7,6279.9,0.003433452356177627
14045.0,110,16,113130.3,2,4,4,10,0,7070.64375,16,33939.09,0.018577090355470356
12363.0,110,2,5520.0,2,2,2,6,0,2760.0,2,1656.0,0.0009018284096726991
17083.0,110,9,40497.9,2,4,4,10,0,4499.766666666666,9,12149.369999999997,0.006647036301611628
16952.0,110,5,7987.8,2,3,2,7,0,1597.56,5,2396.3399999999997,0.0013071707554317895
14265.0,110,4,13733.5,2,3,3,8,0,3433.375,4,4120.05,0.002250916405819992
17242.0,109,5,28892.8,2,3,4,9,0,5778.5599999999995,5,8667.839999999998,0.004740869490375377
14364.0,109,8,37173.5,2,4,4,10,0,4646.6875,8,11152.05,0.006100995255237725
13425.0,109,5,34036.3,2,3,4,9,0,6807.26,5,10210.890000000001,0.0055857022788557585
14523.0,109,1,2410.9,2,1,1,4,0,2410.9,1,723.27,0.00039115092883973505
16550.0,109,18,94351.3,2,4,4,10,0,5241.738888888889,18,28305.39,0.015492592458148872
13593.0,109,14,55236.9,2,4,4,10,0,3945.4928571428572,14,16571.07,0.009067954055944735
12593.0,109,3,4181.0,2,2,2,6,0,1393.6666666666667,3,1254.3,0.0006818942979248175
18018.0,109,4,2979.9,2,3,1,6,0,744.975,4,893.97,0.00048461060739428673
13140.0,109,5,12156.8,2,3,3,8,0,2431.3599999999997,5,3647.0399999999995,0.001991939472292819
14930.0,109,6,52466.3,2,3,4,9,0,8744.383333333333,6,15739.89,0.008612876049963643
14973.0,108,3,13144.5,2,3,3,8,0,4381.5,3,3943.35,0.002154171677052627
13411.0,108,1,2135.5,2,1,1,4,0,2135.5,1,640.65,0.0003459157874092895
14875.0,108,3,28624.0,2,3,4,9,0,9541.333333333334,3,8587.199999999999,0.00469671841551516
17869.0,108,7,10361.6,2,4,3,9,0,1480.2285714285715,7,3108.48,0.0016970733651906554
15800.0,108,7,12425.8,2,4,3,9,0,1775.1142857142856,7,3727.74,0.002036123397655164
17256.0,108,5,4989.3,2,3,2,7,0,997.86,5,1496.79,0.0008146596022756857
16340.0,108,3,15260.6,2,3,3,8,0,5086.866666666667,3,4578.18,0.002501746414819387
17268.0,108,11,17338.9,2,4,3,9,0,1576.2636363636366,11,5201.67,0.0028431124076839297
12649.0,108,8,22946.5,2,4,3,9,0,2868.3125,8,6883.95,0.003764174786352653
14407.0,108,6,21577.3,2,3,3,8,0,3596.2166666666667,6,6473.19,0.0035392802487834224
15812.0,108,12,52014.7,2,4,4,10,0,4334.558333333333,12,15604.409999999998,0.008538699616158307
17189.0,107,5,9576.3,2,3,3,8,0,1915.2599999999998,5,2872.89,0.001568085868584523
18200.0,107,1,1638.0,2,1,1,4,0,1638.0,1,491.4,0.0002642001633655471
14055.0,107,3,15209.6,2,3,3,8,0,5069.866666666667,3,4562.88,0.002493369536776712
17844.0,107,1,515.6,2,1,1,4,0,515.6,1,154.68,7.984314542243858e-05
14196.0,107,1,3355.2,2,1,1,4,0,3355.2,1,1006.56,0.000546254574637737
15263.0,107,1,1565.1,2,1,1,4,0,1565.1,1,469.53,0.0002522261553398409
16309.0,107,2,7065.7,2,2,2,6,0,3532.85,2,2119.71,0.001155713515370011
12624.0,107,2,6411.3,2,2,2,6,0,3205.65,2,1923.3899999999999,0.0010482266724067444
16429.0,107,1,2845.5,2,1,1,4,0,2845.5,1,853.65,0.0004625350699641782
17134.0,107,3,6371.0,2,2,2,6,0,2123.6666666666665,3,1911.3,0.0010416072962279247
14314.0,107,2,2298.0,2,2,1,5,0,1149.0,2,689.4,0.00037260682038840135
13000.0,107,4,10325.0,2,3,3,8,0,2581.25,4,3097.5,0.0016910617233012063
15663.0,107,1,1381.4,2,1,1,4,0,1381.4,1,414.42,0.0002220529691351465
12715.0,107,1,3538.6,2,2,2,6,0,3538.6,1,1061.58,0.0005763784850892393
14687.0,107,3,14020.6,2,3,3,8,0,4673.533333333334,3,4206.18,0.0022980733016249337
16093.0,107,1,170.0,2,2,1,5,0,170.0,1,51.0,2.3077477745016703e-05
16503.0,107,11,36143.4,2,4,4,10,0,3285.7636363636366,11,10843.02,0.005931798744026753
13003.0,106,3,1490.5,2,3,1,6,0,496.8333333333333,3,447.15,0.00023997291804604557
17146.0,106,13,58602.4,2,4,4,10,0,4507.876923076923,13,17580.72,0.009620745880505972
15074.0,106,3,15663.3,2,3,3,8,0,5221.099999999999,3,4698.99,0.002567890900854392
16641.0,106,2,5545.0,2,2,2,6,0,2772.5,2,1663.5,0.0009059347224387163
13489.0,106,4,4495.2,2,3,2,7,0,1123.8,4,1348.56,0.0007335024367681217
14210.0,106,16,58615.2,2,4,4,10,0,3663.45,16,17584.559999999998,0.00962284831264217
15641.0,106,12,53455.5,2,4,4,10,0,4454.625,12,16036.65,0.008775354633489411
15095.0,104,10,31416.4,2,4,4,10,0,3141.6400000000003,10,9424.92,0.005155377126228219
15625.0,104,9,32364.0,2,4,4,10,0,3596.0,9,9709.199999999999,0.005311022805311334
14472.0,104,9,22282.2,2,4,3,9,0,2475.8,9,6684.66,0.003655061843534044
13778.0,104,4,11244.9,2,3,3,8,0,2811.225,4,3373.47,0.0018421576078395754
15325.0,104,8,16020.1,2,4,3,9,0,2002.5125,8,4806.03,0.0026264961966509896
15569.0,104,10,35863.5,2,4,4,10,0,3586.35,10,10759.05,0.005885824466298423
16816.0,104,4,4170.6,2,3,2,7,0,1042.65,4,1251.18,0.0006801860718141543
16806.0,104,4,8014.9,2,3,2,7,0,2003.725,4,2404.47,0.001311621998470152
13301.0,104,4,6180.9,2,3,2,7,0,1545.225,4,1854.2699999999998,0.0010103828939551297
17298.0,102,5,9575.6,2,3,3,8,0,1915.1200000000001,5,2872.68,0.0015679708918270743
12814.0,102,1,1259.2,2,1,1,4,0,1259.2,1,377.76,0.00020198131233485435
15866.0,102,1,2305.3,2,1,1,4,0,2305.3,1,691.59,0.0003738058637160784
14078.0,102,9,16926.3,2,4,3,9,0,1880.6999999999998,9,5077.889999999999,0.0027753418217935813
14513.0,101,6,7880.1,2,3,2,7,0,1313.3500000000001,6,2364.03,0.0012894807600357875
15596.0,101,9,31300.4,2,4,4,10,0,3477.8222222222225,9,9390.12,0.0051363238349938995
16278.0,101,3,11178.4,2,2,3,7,0,3726.133333333333,3,3353.52,0.0018312348158819696
16842.0,101,3,12641.9,2,3,3,8,0,4213.966666666666,3,3792.5699999999993,0.0020716183652046164
17320.0,101,6,28957.7,2,3,4,9,0,4826.283333333334,6,8687.310000000001,0.004751529478315959
16180.0,101,13,162498.7,2,4,4,10,0,12499.900000000001,13,48749.61,0.026685974001784112
16780.0,101,3,6055.5,2,2,2,6,0,2018.5,3,1816.6499999999999,0.0009897856291207876
15260.0,101,25,91882.3,2,4,4,10,0,3675.292,25,27564.69,0.015087053009377013
17588.0,101,7,29395.5,2,4,4,10,0,4199.357142857143,7,8818.65,0.004823439227474452
16083.0,101,4,23514.2,2,3,4,9,0,5878.55,4,7054.26,0.003857420936643372
13045.0,100,3,8089.2,2,3,2,7,0,2696.4,3,2426.76,0.0013238259600107556
16456.0,100,13,68629.1,2,4,4,10,0,5279.161538461539,13,20588.73,0.01126765652894696
16808.0,100,2,2884.2,2,2,1,5,0,1442.1,2,865.2599999999999,0.00046889164212597276
13376.0,100,3,10197.6,2,2,3,7,0,3399.2000000000003,3,3059.28,0.0016701359534455828
15829.0,100,2,6361.4,2,2,2,6,0,3180.7,2,1908.4199999999998,0.0010400304721257742
12436.0,100,1,5090.1,2,1,2,5,0,5090.1,1,1527.03,0.0008312162553482671
13631.0,100,11,30704.2,2,4,4,10,0,2791.2909090909093,11,9211.26,0.005038396488149921
13470.0,100,2,1650.0,2,2,1,5,0,825.0,2,495.0,0.0002661711934932354
14420.0,100,4,16391.7,2,3,3,8,0,4097.925,4,4917.51,0.0026875324296050697
13099.0,100,1,2073.6,2,1,1,4,0,2073.6,1,622.0799999999999,0.00033574855700063087
18027.0,99,1,1153.1,2,1,1,4,0,1153.1,1,345.92999999999995,0.0001845541209558773
14463.0,99,4,7865.7,2,3,2,7,0,1966.425,4,2359.71,0.0012871155238825616
14276.0,99,7,21026.8,2,4,3,9,0,3003.828571428571,7,6308.04,0.003448859241675724
14171.0,99,2,4987.9,2,2,2,6,0,2493.95,2,1496.37,0.0008144296487607888
14436.0,99,2,2717.0,2,2,1,5,0,1358.5,2,815.1,0.0004414286223468498
18087.0,99,17,147615.2,2,4,4,10,0,8683.24705882353,17,44284.560000000005,0.024241321759663433
17722.0,97,5,44303.6,2,3,4,9,0,8860.72,5,13291.08,0.007272132081356897
17050.0,97,11,46917.9,2,4,4,10,0,4265.263636363637,11,14075.37,0.007701537419924849
16761.0,97,1,3166.2,2,1,1,4,0,3166.2,1,949.8599999999999,0.0005152108501266469
12710.0,97,3,11490.2,2,2,3,7,0,3830.066666666667,3,3447.06,0.0018824487486997362
13240.0,97,8,17385.2,2,4,3,9,0,2173.15,8,5215.56,0.0028507172989265936
17774.0,97,9,33280.5,2,4,4,10,0,3697.8333333333335,9,9984.15,0.0054615602313135255
14965.0,97,2,5990.0,2,2,2,6,0,2995.0,2,1797.0,0.0009790270896738226
17229.0,97,2,3187.6,2,2,1,5,0,1593.8,2,956.28,0.0005187258538543576
12851.0,97,2,2841.3,2,2,1,5,0,1420.65,2,852.39,0.0004618452094194873
13548.0,97,3,9089.9,2,2,3,7,0,3029.9666666666667,3,2726.97,0.0014881934474088921
14565.0,96,5,38592.2,2,3,4,9,0,7718.44,5,11577.659999999998,0.006334020292083669
13192.0,96,6,25585.8,2,3,4,9,0,4264.3,6,7675.740000000001,0.004197686437686622
18196.0,96,4,14643.1,2,3,3,8,0,3660.775,4,4392.93,0.0024003204894987623
15364.0,96,2,9131.9,2,2,3,7,0,4565.95,2,2739.5699999999997,0.0014950920528558008
12422.0,96,17,52318.0,2,4,4,10,0,3077.529411764706,17,15695.4,0.008588517402635628
12616.0,96,3,11311.0,2,2,3,7,0,3770.3333333333335,3,3393.2999999999997,0.0018530146987929248
15307.0,96,1,2053.0,2,1,1,4,0,2053.0,1,615.9,0.0003323649552814327
16172.0,96,8,18845.5,2,4,3,9,0,2355.6875,8,5653.65,0.0030905752402151905
17309.0,96,3,3305.9,2,2,1,5,0,1101.9666666666667,3,991.77,0.000538156925863151
12816.0,96,2,5722.0,3,2,2,7,0,2861.0,2,1716.6,0.000935007416822118
16820.0,96,1,4976.1,3,1,2,6,0,4976.1,1,1492.8300000000002,0.0008124914691352287
12502.0,96,5,37238.7,3,3,4,10,0,7447.74,5,11171.609999999999,0.0061117045189314975
16551.0,96,7,22371.2,3,4,3,10,0,3195.8857142857146,7,6711.36,0.003669680316981065
15491.0,96,6,31000.9,3,3,4,10,0,5166.816666666667,6,9300.27,0.005087130208057013
13851.0,96,8,46064.6,3,4,4,11,0,5758.075,8,13819.38,0.007561380752595149
13748.0,96,9,22683.5,3,4,3,10,0,2520.3888888888887,9,6805.05,0.003720976376054152
13744.0,96,2,11563.6,3,2,3,8,0,5781.8,2,3469.08,0.0018945048829807627
13931.0,96,11,52573.8,3,4,4,11,0,4779.436363636364,11,15772.14,0.008630533194857517
13130.0,95,1,640.0,3,1,1,5,0,640.0,1,192.0,0.0001002761577461402
13158.0,95,5,15081.8,3,3,3,9,0,3016.3599999999997,5,4524.54,0.0024723780659168322
17339.0,95,3,3623.6,3,2,2,7,0,1207.8666666666666,3,1087.0799999999997,0.0005903399484936976
12461.0,95,2,8268.8,3,2,2,7,0,4134.4,2,2480.64,0.001353325710921823
13122.0,95,2,9223.9,3,2,3,8,0,4611.95,2,2767.1699999999996,0.0015102032838347442
14208.0,95,2,5670.5,3,2,2,7,0,2835.25,2,1701.1499999999999,0.0009265484125241226
17560.0,95,8,18958.0,3,4,3,10,0,2369.75,8,5687.4,0.0031090536476622676
16400.0,95,9,31594.4,3,4,4,11,0,3510.488888888889,9,9478.32,0.005184614073122261
15462.0,95,4,7370.5,3,3,2,8,0,1842.625,4,2211.15,0.0012057776806132928
16175.0,95,7,18364.4,3,4,3,10,0,2623.4857142857145,7,5509.320000000001,0.003011553357345956
17460.0,95,16,22282.7,3,4,3,10,0,1392.66875,16,6684.81,0.0036551439697893647
16828.0,94,2,1285.0,3,2,1,6,0,642.5,2,385.5,0.00020621902710938413
13210.0,94,1,3534.8,3,2,2,7,0,3534.8,1,1060.44,0.0005757543255488048
15071.0,94,4,14555.6,3,3,3,9,0,3638.9,4,4366.68,0.002385948394817702
18093.0,94,8,44527.1,3,4,4,11,0,5565.8875,8,13358.13,0.007308842517485091
14223.0,93,3,9911.3,3,2,3,8,0,3303.7666666666664,3,2973.39,0.0016231104596491535
15653.0,93,2,8774.4,3,2,2,7,0,4387.2,2,2632.3199999999997,0.001436371780301755
13249.0,93,9,16089.3,3,4,3,10,0,1787.6999999999998,9,4826.79,0.0026378624703873254
12592.0,93,5,25826.6,3,3,4,10,0,5165.32,5,7747.98,0.004237238442248899
15400.0,93,8,13023.0,3,4,3,10,0,1627.875,8,3906.8999999999996,0.002134214997009783
13848.0,93,8,33350.0,3,4,4,11,0,4168.75,8,10005.0,0.005472975780803054
15198.0,93,5,5713.5,3,3,2,8,0,1142.7,5,1714.05,0.0009336112704816722
15488.0,93,5,4319.2,3,3,2,8,0,863.8399999999999,5,1295.76,0.0007045939948953605
14410.0,93,11,26511.4,3,4,4,11,0,2410.127272727273,11,7953.420000000001,0.004349718561535643
16031.0,93,2,5489.4,3,2,2,7,0,2744.7,2,1646.82,0.000896802282847094
13814.0,93,3,22573.2,3,3,3,9,0,7524.400000000001,3,6771.96,0.0037028593241304844
18222.0,93,1,4430.0,3,1,2,6,0,4430.0,1,1329.0,0.0007227931730743488
15885.0,93,15,19518.2,3,4,3,10,0,1301.2133333333334,15,5855.46,0.0032010679041231814
13889.0,93,6,19912.3,3,3,3,9,0,3318.7166666666667,6,5973.69,0.0032657998185666765
13330.0,93,6,28061.8,3,3,4,10,0,4676.966666666666,6,8418.539999999999,0.004604375654032966
13244.0,93,1,1217.4,3,1,1,5,0,1217.4,1,365.22,0.00019511555739007362
13925.0,93,4,6782.5,3,3,2,8,0,1695.625,4,2034.75,0.001109197204356568
16027.0,92,15,20483.6,3,4,3,10,0,1365.5733333333333,15,6145.079999999999,0.0033596372778957016
14915.0,92,11,18112.5,3,4,3,10,0,1646.590909090909,11,5433.75,0.002970178149915566
16723.0,92,4,13016.3,3,3,3,9,0,3254.075,4,3904.8899999999994,0.00213311450518849
13441.0,92,2,7209.0,3,2,2,7,0,3604.5,2,2162.7,0.0011792509001448215
14628.0,92,5,19980.0,3,3,3,9,0,3996.0,5,5994.0,0.0032769197135370516
14414.0,92,8,23993.3,3,4,4,11,0,2999.1625,8,7197.99,0.0039361143144913254
15652.0,92,5,14203.4,3,3,3,9,0,2840.68,5,4261.0199999999995,0.002328098660570051
12535.0,92,2,7163.5,3,2,2,7,0,3581.75,2,2149.0499999999997,0.00117177741091067
15636.0,90,4,14445.8,3,3,3,9,0,3611.45,4,4333.74,0.002367913469149354
14212.0,90,2,21901.4,3,2,3,8,0,10950.7,2,6570.42,0.00359251448748207
16796.0,90,1,3056.2,3,1,1,5,0,3056.2,1,916.8599999999999,0.0004971430739561712
13372.0,90,1,3786.4,3,2,2,7,0,3786.4,1,1135.92,0.0006170802572260019
13611.0,90,10,33195.3,3,4,4,11,0,3319.53,10,9958.59,0.005447565917406939
12635.0,90,4,29304.1,3,3,4,10,0,7326.025,4,8791.23,0.004808426548001893
14837.0,90,9,34603.2,3,4,4,11,0,3844.7999999999997,9,10380.96,0.005678817027137964
12965.0,90,1,7719.1,3,1,2,6,0,7719.1,1,2315.73,0.0012630361058226366
16384.0,90,4,13589.5,3,3,3,9,0,3397.375,4,4076.85,0.0022272640442877333
18215.0,90,5,22474.9,3,3,3,9,0,4494.9800000000005,5,6742.47,0.0036867133023345045
15939.0,90,16,90603.9,3,4,4,11,0,5662.74375,16,27181.17,0.014877072599773956
18255.0,90,2,3031.5,3,2,1,6,0,1515.75,2,909.4499999999999,0.0004930860369433462
13124.0,90,4,47824.5,3,3,4,10,0,11956.125,4,14347.35,0.007850448746071697
15035.0,90,1,2527.3,3,1,1,5,0,2527.3,1,758.19,0.0004102699210783112
15764.0,89,8,45030.8,3,4,4,11,0,5628.85,8,13509.24,0.007391576507094805
13375.0,89,2,17922.3,3,2,3,8,0,8961.15,2,5376.69,0.002938937322391707
17433.0,89,2,5699.6,3,2,2,7,0,2849.8,2,1709.88,0.0009313281605837667
17919.0,89,2,18403.2,3,2,3,8,0,9201.6,2,5520.96,0.003017926354758814
12884.0,89,1,3090.5,3,1,1,5,0,3090.5,1,927.15,0.0005027769350711468
14307.0,89,10,50710.3,3,4,4,11,0,5071.030000000001,10,15213.09,0.008324448641278594
14500.0,89,3,3568.5,3,2,2,7,0,1189.5,3,1070.55,0.0005812896351573959
15673.0,89,9,64147.9,3,4,4,11,0,7127.544444444445,9,19244.37,0.010531608178263908
15980.0,89,7,65936.8,3,4,4,11,0,9419.542857142858,7,19781.04,0.010825439494549036
16209.0,89,9,41467.8,3,4,4,11,0,4607.533333333334,9,12440.34,0.006806344811682033
16475.0,89,4,5443.0,3,3,2,8,0,1360.75,4,1632.8999999999999,0.000889180966353366
16141.0,89,2,9559.4,3,2,3,8,0,4779.7,2,2867.8199999999997,0.0015653100011546951
12924.0,89,12,24694.0,3,4,4,11,0,2057.8333333333335,12,7408.2,0.004051206048697256
15996.0,89,7,16869.0,3,4,3,10,0,2409.8571428571427,7,5060.7,0.00276593015293387
16211.0,89,3,10905.9,3,2,3,8,0,3635.2999999999997,3,3271.77,0.0017864760067323822
16984.0,89,9,107548.0,3,4,4,11,0,11949.777777777777,9,32264.399999999998,0.01766018356532084
15201.0,88,7,18429.5,3,4,3,10,0,2632.785714285714,7,5528.849999999999,0.003022246195788664
16098.0,88,14,44481.0,3,4,4,11,0,3177.214285714286,14,13344.3,0.007301270476744555
14163.0,88,5,25946.2,3,3,4,10,0,5189.24,5,7783.859999999999,0.004256883042521525
17037.0,88,1,12673.2,3,1,3,7,0,12673.2,1,3801.96,0.0020767594687876706
16036.0,88,4,25568.4,3,3,4,10,0,6392.1,4,7670.52,0.004194828444001474
16959.0,88,1,1173.5,3,1,1,5,0,1173.5,1,352.05,0.00018790487217294738
14753.0,88,2,8695.1,3,2,2,7,0,4347.55,2,2608.53,0.0014233465562079487
18251.0,88,9,262788.6,3,4,4,11,0,29198.73333333333,9,78836.57999999999,0.04315884186868767
16451.0,88,3,10131.5,3,2,3,8,0,3377.1666666666665,3,3039.45,0.001659278862492233
15343.0,88,1,3645.0,3,2,2,7,0,3645.0,1,1093.5,0.0005938549522214085
15216.0,88,2,4860.9,3,2,2,7,0,2430.45,2,1458.2699999999998,0.0007935695799094213
16229.0,88,6,28678.6,3,3,4,10,0,4779.766666666666,6,8603.58,0.004705686602596143
17347.0,87,1,2289.6,3,1,1,5,0,2289.6,1,686.88,0.0003712270992990196
14177.0,87,13,22293.4,3,4,3,10,0,1714.8769230769233,13,6688.02,0.00365690147165322
18173.0,87,5,26963.6,3,3,4,10,0,5392.719999999999,5,8089.079999999999,0.004423993546847362
12566.0,87,1,3516.5,3,2,2,7,0,3516.5,1,1054.95,0.0005727485046040801
12756.0,87,1,1120.8,3,2,1,6,0,1120.8,1,336.23999999999995,0.00017924876486218307
14660.0,87,2,2857.4,3,2,1,6,0,1428.7,2,857.22,0.0004644896748408024
16745.0,87,17,71943.0,3,4,4,11,0,4231.941176470588,17,21582.899999999998,0.011811972923959137
17033.0,87,4,13327.9,3,3,3,9,0,3331.975,4,3998.37,0.002184295587504129
13877.0,87,3,4496.8,3,2,2,7,0,1498.9333333333334,3,1349.04,0.0007337652407851468
17640.0,87,6,31689.4,3,3,4,10,0,5281.566666666667,6,9506.82,0.005200218061633127
17594.0,86,4,24978.8,3,3,4,10,0,6244.7,4,7493.639999999999,0.004097985163727723
17786.0,86,2,2787.4,3,2,1,6,0,1393.7,2,836.22,0.0004529919990959542
12722.0,86,4,9976.3,3,3,3,9,0,2494.075,4,2992.89,0.0016337868728407983
17333.0,86,1,4942.5,3,1,2,6,0,4942.5,1,1482.75,0.0008069725847777016
14557.0,86,1,7883.8,3,1,2,6,0,7883.8,1,2365.14,0.001290088494325158
15417.0,86,1,5088.0,3,1,2,6,0,5088.0,1,1526.3999999999999,0.0008308713250759216
15322.0,86,2,13908.6,3,2,3,8,0,6954.3,2,4172.58,0.0022796770204331763
17002.0,86,7,25715.5,3,4,4,11,0,3673.6428571428573,7,7714.65,0.004218989988316719
17898.0,86,4,2991.8,3,3,1,7,0,747.95,4,897.5400000000001,0.0004865652122709109
17047.0,86,6,22892.3,3,3,3,9,0,3815.383333333333,6,6867.69,0.003755272300275928
13662.0,86,11,22501.1,3,4,3,10,0,2045.5545454545454,11,6750.329999999999,0.0036910167181132903
13134.0,86,6,24752.3,3,3,4,10,0,4125.383333333333,6,7425.69,0.004060781970067608
13518.0,86,1,6594.4,3,1,2,6,0,6594.4,1,1978.3199999999997,0.0010783013071050543
15466.0,86,4,15710.1,3,3,3,9,0,3927.525,4,4713.03,0.0025755779183523763
15205.0,86,2,6532.4,3,2,2,7,0,3266.2,2,1959.7199999999998,0.0010681176514453319
13539.0,86,7,15693.6,3,4,3,10,0,2241.942857142857,7,4708.079999999999,0.0025728677519268046
17846.0,86,1,20331.0,3,1,3,7,0,20331.0,1,6099.3,0.0033345723447719333
14894.0,86,3,14928.1,3,3,3,9,0,4976.033333333334,3,4478.43,0.0024471324550313584
12995.0,86,1,2113.2,3,1,1,5,0,2113.2,1,633.9599999999999,0.0003422529564220021
15523.0,85,16,173599.9,3,4,4,11,0,10849.99375,16,52079.969999999994,0.02850937397290852
16108.0,85,4,22359.2,3,3,3,9,0,5589.8,4,6707.76,0.003667709286853377
12871.0,85,3,7440.2,3,2,2,7,0,2480.0666666666666,3,2232.06,0.0012172260806049488
12434.0,85,3,11034.3,3,2,3,8,0,3678.1,3,3310.2899999999995,0.0018075660290986463
15975.0,85,1,3710.1,3,2,2,7,0,3710.1,1,1113.03,0.0006045477906641173
13563.0,85,2,7775.3,3,2,2,7,0,3887.65,2,2332.59,0.0012722670969206435
16573.0,85,2,6636.1,3,2,2,7,0,3318.05,2,1990.83,0.0010851506367987713
16709.0,85,14,90874.6,3,4,4,11,0,6491.042857142857,14,27262.38,0.014921535754404393
15410.0,85,10,46857.2,3,4,4,11,0,4685.719999999999,10,14057.159999999998,0.0076915672925289575
13141.0,85,17,76685.8,3,4,4,11,0,4510.929411764706,17,23005.74,0.012590989731425795
15099.0,85,1,4104.8,3,1,2,6,0,4104.8,1,1231.44,0.0006693782566139971
14124.0,85,1,4195.8,3,1,2,6,0,4195.8,1,1258.74,0.0006843252350822996
16878.0,85,1,133.0,3,1,1,5,0,133.0,1,39.9,1.7000134851311236e-05
15947.0,83,1,17082.4,3,1,3,7,0,17082.4,1,5124.72,0.0028009816387045933
13067.0,83,3,5085.1,3,2,2,7,0,1695.0333333333335,3,1525.53,0.0008303949927950637
17802.0,83,10,50531.2,3,4,4,11,0,5053.12,10,15159.359999999999,0.008295031016622847
13334.0,83,5,62637.5,3,3,4,10,0,12527.5,5,18791.25,0.010283521186192213
16370.0,83,4,13205.6,3,3,3,9,0,3301.4,4,3961.68,0.002164207505452773
18194.0,83,6,41620.4,3,3,4,10,0,6936.733333333334,6,12486.12,0.006831409744805802
12497.0,82,3,62485.0,3,2,4,9,0,20828.333333333332,3,18745.5,0.010258472678319508
13228.0,82,1,3580.0,3,2,2,7,0,3580.0,1,1074.0,0.0005831785390297638
15504.0,82,4,4238.5,3,3,2,8,0,1059.625,4,1271.55,0.000691338817286657
18232.0,82,4,5929.7,3,3,2,8,0,1482.425,4,1778.9099999999999,0.0009691226632821889
12379.0,82,4,16202.2,3,3,3,9,0,4050.55,4,4860.66,0.002656406578838659
16527.0,82,2,12724.4,3,2,3,8,0,6362.2,2,3817.3199999999997,0.0020851691973324737
18017.0,82,4,6880.0,3,3,2,8,0,1720.0,4,2064.0,0.0011252118241440352
14934.0,82,5,35035.0,3,3,4,10,0,7007.0,5,10510.5,0.005749741261232614
17628.0,82,1,757.5,3,1,1,5,0,757.5,1,227.25,0.00011957582774642107
15675.0,82,4,5420.4,3,3,2,8,0,1355.1,4,1626.12,0.0008854688596128864
16080.0,82,4,6025.6,3,3,2,8,0,1506.4,4,1807.68,0.000984874479052631
12752.0,82,1,43667.8,3,2,4,9,0,43667.8,1,13100.34,0.007167700335091547
17058.0,82,3,11798.9,3,2,3,8,0,3932.9666666666667,3,3539.6699999999996,0.0019331534987345165
12527.0,82,5,7355.1,3,3,2,8,0,1471.02,5,2206.53,0.0012032481919494263
13325.0,82,1,6753.0,3,1,2,6,0,6753.0,1,2025.8999999999999,0.0011043517552926675
13562.0,82,8,48381.8,3,4,4,11,0,6047.725,8,14514.54,0.007941986670251752
17848.0,82,30,36509.0,3,4,4,11,0,1216.9666666666667,30,10952.699999999999,0.005991849461916988
16906.0,82,7,14488.0,3,4,3,10,0,2069.714285714286,7,4346.4,0.002374844925098391
18094.0,82,13,63915.2,3,4,4,11,0,4916.553846153846,13,19174.56,0.010493386619037821
13774.0,82,1,3450.0,3,1,1,5,0,3450.0,1,1035.0,0.0005618257126464743
17873.0,81,18,65158.8,3,4,4,11,0,3619.9333333333334,18,19547.64,0.01069765104127058
16624.0,81,2,8105.7,3,2,2,7,0,4052.85,2,2431.71,0.0013265361264363268
16777.0,81,5,13077.6,3,3,3,9,0,2615.52,5,3923.2799999999997,0.0021431831840907647
14236.0,81,5,17446.4,3,3,3,9,0,3489.28,5,5233.92,0.002860769552577804
16584.0,81,5,31636.7,3,3,4,10,0,6327.34,5,9491.01,0.005191561954322362
15026.0,81,5,10616.1,3,3,3,9,0,2123.2200000000003,5,3184.8300000000004,0.0017388756291487107
13356.0,81,1,7682.4,3,1,2,6,0,7682.4,1,2304.72,0.0012570080386821233
16928.0,81,29,41132.3,3,4,4,11,0,1418.3551724137933,29,12339.69,0.006751238094362082
16215.0,81,1,2423.5,3,1,1,5,0,2423.5,1,727.05,0.0003932205104738077
13038.0,81,3,9084.6,3,2,3,8,0,3028.2000000000003,3,2725.38,0.0014873229091024965
15341.0,81,2,24027.2,3,2,4,9,0,12013.6,2,7208.16,0.003941682474602045
15888.0,81,3,4291.6,3,2,2,7,0,1430.5333333333335,3,1287.48,0.0007000606256016776
12604.0,80,2,2541.8,3,2,1,6,0,1270.9,2,762.5400000000001,0.0004126515824826012
14887.0,80,1,18620.0,3,1,3,7,0,18620.0,1,5586.0,0.0030535362990657153
12435.0,80,6,139259.3,3,3,4,10,0,23209.88333333333,6,41777.78999999999,0.0228688442060009
12550.0,80,1,9648.3,3,2,3,8,0,9648.3,1,2894.49,0.0015799120493506524
13908.0,80,4,23695.5,3,3,4,10,0,5923.875,4,7108.65,0.0038871999168225285
12520.0,80,5,26342.6,3,3,4,10,0,5268.5199999999995,5,7902.779999999999,0.004321992737739494
14356.0,80,2,7012.3,3,2,2,7,0,3506.15,2,2103.69,0.0011469424313017983
12390.0,80,1,5498.4,3,1,2,6,0,5498.4,1,1649.5199999999998,0.0008982805554428601
16627.0,80,1,3228.0,3,1,1,5,0,3228.0,1,968.4,0.0005253616552842415
14951.0,80,1,3116.9,3,1,1,5,0,3116.9,1,935.0699999999999,0.000507113201352061
13946.0,80,6,18762.3,3,3,3,9,0,3127.0499999999997,6,5628.69,0.003076909431329885
17415.0,80,1,5078.4,3,1,2,6,0,5078.4,1,1523.5199999999998,0.000829294500973771
16493.0,80,7,21320.9,3,4,3,10,0,3045.842857142857,7,6396.27,0.0034971659050551506
13959.0,80,6,10761.8,3,3,3,9,0,1793.6333333333332,6,3228.5399999999995,0.0017628072199490587
17475.0,80,1,1943.7,3,1,1,5,0,1943.7,1,583.11,0.0003144121558684055
12701.0,80,6,24464.1,3,3,4,10,0,4077.35,6,7339.23,0.004013444396500961
17731.0,80,6,17089.9,3,3,3,9,0,2848.316666666667,6,5126.97,0.0028022135325343985
13529.0,79,2,3077.6,3,2,1,6,0,1538.8,2,923.28,0.000500658077683882
12409.0,79,7,234192.9,3,4,4,11,0,33456.12857142857,7,70257.87,0.03846192635015974
15603.0,79,2,884.8,3,2,1,6,0,442.4,2,265.44,0.00014048517235098066
13279.0,79,1,1377.5,3,1,1,5,0,1377.5,1,413.25,0.0002214123843436478
12579.0,79,1,4404.2,3,1,2,6,0,4404.2,1,1321.26,0.0007185554582998191
12739.0,79,4,27267.3,3,3,4,10,0,6816.825,4,8180.19,0.004473877034328939
16735.0,79,14,62705.6,3,4,4,11,0,4478.971428571428,14,18811.679999999997,0.010294706782166842
13486.0,79,3,11224.1,3,2,3,8,0,3741.366666666667,3,3367.23,0.001838741155618249
16236.0,79,1,4322.0,3,1,2,6,0,4322.0,1,1296.6,0.0007050539019251544
16213.0,79,1,1590.0,3,1,1,5,0,1590.0,1,477.0,0.00025631604285479407
13320.0,79,6,22281.0,3,3,3,9,0,3713.5,6,6684.3,0.0036548647405212752
16715.0,79,2,6255.2,3,2,2,7,0,3127.6,2,1876.56,0.001022586855495733
12854.0,79,7,29940.2,3,4,4,11,0,4277.171428571429,7,8982.06,0.004912907570020435
17311.0,79,6,35665.6,3,3,4,10,0,5944.266666666666,6,10699.679999999998,0.005853318894442631
12930.0,79,2,4158.0,3,2,2,7,0,2079.0,2,1247.3999999999999,0.0006781164901800815
14854.0,79,11,43228.6,3,4,4,11,0,3929.872727272727,11,12968.58,0.007095560632418157
17172.0,79,3,9565.7,3,2,3,8,0,3188.566666666667,3,2869.71,0.0015663447919717316
15067.0,79,5,38778.8,3,3,4,10,0,7755.76,5,11633.640000000001,0.006364669810569223
14038.0,79,5,30698.8,3,3,4,10,0,6139.76,5,9209.640000000001,0.005037509524592461
17079.0,79,1,1188.0,3,1,1,5,0,1188.0,1,356.4,0.00019028653357723734
14147.0,79,9,25902.0,3,4,4,11,0,2878.0,9,7770.599999999999,0.004249623081551207
13055.0,79,4,23211.1,3,3,4,10,0,5802.775,4,6963.329999999999,0.0038076360006681787
12425.0,79,2,17414.1,3,2,3,8,0,8707.05,2,5224.23,0.002855464196484109
13220.0,79,5,13360.9,3,3,3,9,0,2672.18,5,4008.2699999999995,0.0021897159203552717
15810.0,79,8,29990.4,3,4,4,11,0,3748.8,8,8997.12,0.004921153046054598
17027.0,79,9,13271.1,3,4,3,10,0,1474.5666666666666,9,3981.3299999999995,0.0021749660448997375
12609.0,79,9,34358.6,3,4,4,11,0,3817.6222222222223,9,10307.58,0.005638640863035252
13519.0,79,2,3432.1,3,2,1,6,0,1716.05,2,1029.6299999999999,0.0005588855927060059
17603.0,79,4,17934.8,3,3,3,9,0,4483.7,4,5380.44,0.0029409904787747153
14014.0,78,3,19482.1,3,3,3,9,0,6494.033333333333,3,5844.629999999999,0.0031951383884890523
17388.0,78,11,26915.7,3,4,4,11,0,2446.8818181818183,11,8074.71,0.0044161258515876736
16978.0,78,3,7688.8,3,2,2,7,0,2562.9333333333334,3,2306.64,0.0012580592547502237
15744.0,78,1,348.0,3,1,1,5,0,348.0,1,104.39999999999999,5.2314424639059214e-05
17480.0,78,2,9020.3,3,2,3,8,0,4510.15,2,2706.0899999999997,0.0014767614726683002
15549.0,78,8,23459.6,3,4,4,11,0,2932.45,8,7037.879999999999,0.00384845274956239
18189.0,78,3,14037.3,3,3,3,9,0,4679.099999999999,3,4211.19,0.002300816318552633
14880.0,78,3,7061.9,3,3,2,8,0,2353.9666666666667,3,2118.5699999999997,0.001155089355829576
15978.0,78,3,32794.2,3,2,4,9,0,10931.4,3,9838.259999999998,0.005381684235388959
15475.0,78,1,4541.1,3,1,2,6,0,4541.1,1,1362.3300000000002,0.0007410416270065294
15075.0,78,1,7730.3,3,1,2,6,0,7730.3,1,2319.09,0.0012648757339418124
14652.0,78,1,1141.8,3,1,1,5,0,1141.8,1,342.53999999999996,0.00018269806758563754
16485.0,78,5,22946.8,3,3,3,9,0,4589.36,5,6884.04,0.0037642240621058452
16872.0,78,6,12131.3,3,3,3,9,0,2021.8833333333332,6,3639.39,0.0019877510332714813
13336.0,78,1,7951.2,3,1,2,6,0,7951.2,1,2385.3599999999997,0.0013011591135423403
13127.0,78,1,2591.7,3,1,1,5,0,2591.7,1,777.5099999999999,0.0004208477827635714
12516.0,78,4,26486.2,3,3,4,10,0,6621.55,4,7945.86,0.0043455793982674976
18155.0,76,3,3716.2,3,2,2,7,0,1238.7333333333333,3,1114.86,0.0006055497309790255
16594.0,76,1,1810.9,3,1,1,5,0,1810.9,1,543.27,0.0002925994224553221
14152.0,76,7,19973.4,3,3,3,9,0,2853.342857142857,7,5992.02,0.003275835646966823
14757.0,76,1,4205.0,3,1,2,6,0,4205.0,1,1261.5,0.0006858363581801939
17506.0,76,1,3022.0,3,1,1,5,0,3022.0,1,906.6,0.0004915256380922597
16689.0,76,2,4226.0,3,2,2,7,0,2113.0,2,1267.8,0.0006892856609036484
17154.0,76,1,3293.4,3,1,1,5,0,3293.4,1,988.02,0.0005361037694801425
18066.0,76,3,14404.0,3,3,3,9,0,4801.333333333333,3,4321.2,0.0023610477142045733
13670.0,76,1,3497.0,3,2,2,7,0,3497.0,1,1049.1,0.0005695455806465867
15154.0,76,3,13884.1,3,3,3,9,0,4628.033333333334,3,4165.2300000000005,0.00227565283392248
14806.0,76,2,3034.3,3,2,1,6,0,1517.15,2,910.2900000000001,0.0004935459439731402
14561.0,76,3,10807.6,3,2,3,8,0,3602.5333333333333,3,3242.28,0.0017703299849364026
12348.0,76,5,20194.0,3,3,3,9,0,4038.8,5,6058.2,0.0033120697508141586
16480.0,76,1,7692.9,3,1,2,6,0,7692.9,1,2307.87,0.0012587326900438507
16342.0,76,4,3224.1,3,3,1,7,0,806.025,4,967.2299999999999,0.0005247210704927427
15312.0,76,12,29301.9,3,4,4,11,0,2441.8250000000003,12,8790.57,0.004808065192478483
13787.0,76,6,12225.0,3,3,3,9,0,2037.5,6,3667.5,0.002003141493518514
15366.0,76,7,23890.8,3,4,4,11,0,3412.9714285714285,7,7167.24,0.003919278432150655
14235.0,76,9,47179.9,3,4,4,11,0,5242.211111111112,9,14153.970000000003,0.007744571577712711
17498.0,76,1,2722.2,3,1,1,5,0,2722.2,1,816.66,0.0004422827354021813
12545.0,76,2,10003.9,3,2,3,8,0,5001.95,2,3001.1699999999996,0.001638320242134481
15799.0,76,4,14242.9,3,3,3,9,0,3560.725,4,4272.87,0.0023345866347403584
16198.0,76,2,10300.4,3,2,3,8,0,5150.2,2,3090.12,0.0016870211115394454
12412.0,75,6,25969.3,3,3,4,10,0,4328.216666666666,6,7790.789999999998,0.004260677275517325
13434.0,75,5,16668.6,3,3,3,9,0,3333.72,5,5000.579999999999,0.0027330139498014756
12612.0,75,1,7040.4,3,1,2,6,0,7040.4,1,2112.12,0.0011515579268508015
15243.0,75,2,9272.8,3,2,3,8,0,4636.4,2,2781.8399999999997,0.0015182352316050738
17674.0,75,2,8517.0,3,2,2,7,0,4258.5,2,2555.1,0.001394093184062842
15958.0,75,4,4929.9,3,3,2,8,0,1232.475,4,1478.9699999999998,0.0008049030031436288
12823.0,75,18,65015.0,3,4,4,11,0,3611.9444444444443,18,19504.5,0.01067403153024045
13639.0,75,2,13462.7,3,2,3,8,0,6731.35,2,4038.81,0.002206436825938494
14908.0,75,2,3819.0,3,2,2,7,0,1909.5,2,1145.7,0.0006224348890728883
16468.0,75,3,7875.2,3,3,2,8,0,2625.0666666666666,3,2362.56,0.0012886759227336481
13390.0,75,1,5440.8,3,1,2,6,0,5440.8,1,1632.24,0.0008888196108299566
16778.0,75,2,2459.4,3,2,1,6,0,1229.7,2,737.82,0.0003991171756058085
16603.0,75,2,4824.7,3,2,2,7,0,2412.35,2,1447.4099999999999,0.0007876236390242284
13405.0,75,6,12138.1,3,3,3,9,0,2023.0166666666667,6,3641.43,0.001988867950343838
13233.0,75,4,11764.6,3,3,3,9,0,2941.15,4,3529.38,0.001927519637619541
13927.0,75,2,7082.6,3,2,2,7,0,3541.3,2,2124.78,0.0011584893827998387
17997.0,75,8,19706.7,3,4,3,10,0,2463.3375,8,5912.01,0.0032320295023789514
16383.0,75,7,29748.4,3,4,4,11,0,4249.771428571429,7,8924.52,0.004881403938479551
13866.0,75,1,1456.7,3,1,1,5,0,1456.7,1,437.01,0.0002344211831863903
14473.0,75,2,2343.4,3,2,1,6,0,1171.7,2,703.02,0.0003800638843714886
15626.0,75,3,10675.2,3,2,3,8,0,3558.4,3,3202.56,0.0017485829525275753
13979.0,74,7,34162.3,3,3,4,10,0,4880.328571428572,7,10248.69,0.0056063980951964855
17788.0,74,2,11179.0,3,2,3,8,0,5589.5,2,3353.7,0.001831333367388354
16181.0,74,1,3055.4,3,1,1,5,0,3055.4,1,916.62,0.0004970116719476586
13514.0,74,4,8159.0,3,3,2,8,0,2039.75,4,2447.7,0.0013352907852534754
13555.0,74,13,89991.9,3,4,4,11,0,6922.453846153846,13,26997.569999999996,0.014776550063261853
17805.0,74,2,9270.3,3,2,3,8,0,4635.15,2,2781.0899999999997,0.0015178246003284721
13016.0,74,3,7898.9,3,3,2,8,0,2632.9666666666667,3,2369.6699999999996,0.0012925687072358322
16122.0,74,6,10013.4,3,3,3,9,0,1668.8999999999999,6,3004.02,0.0016398806409855678
13035.0,74,3,13642.0,3,3,3,9,0,4547.333333333333,3,4092.6,0.0022358873010963694
17656.0,74,5,16746.9,3,3,3,9,0,3349.38,5,5024.070000000001,0.0027458749213846423
14272.0,74,4,9208.1,3,3,3,9,0,2302.025,4,2762.43,0.0015076080941666215
12987.0,74,5,13122.1,3,3,3,9,0,2624.42,5,3936.63,0.0021504924208142757
16629.0,74,2,4177.3,3,2,2,7,0,2088.65,2,1253.19,0.0006812865636354469
15674.0,74,13,69482.3,3,4,4,11,0,5344.792307692308,13,20844.69,0.011407796771025595
16266.0,74,14,17579.5,3,4,3,10,0,1255.6785714285713,14,5273.849999999999,0.002882631561744079
17061.0,74,11,52322.3,3,4,4,11,0,4756.572727272727,11,15696.69,0.008589223688431385
14818.0,74,6,11704.1,3,3,3,9,0,1950.6833333333334,6,3511.23,0.0019175823607257795
14101.0,74,13,99619.3,3,4,4,11,0,7663.0230769230775,13,29885.79,0.016357874684204018
16462.0,74,3,1360.0,3,3,1,7,0,453.3333333333333,3,408.0,0.00021853796540743575
15827.0,74,28,37940.7,3,4,4,11,0,1355.0249999999999,28,11382.21,0.006227009781401261
17591.0,74,8,27766.7,3,4,4,11,0,3470.8375,8,8330.01,0.004555904738142899
12455.0,74,10,58799.5,3,4,4,11,0,5879.95,10,17639.85,0.00965312005035325
18278.0,74,2,4142.0,3,2,2,7,0,2071.0,2,1242.6,0.0006754884500098305
17950.0,73,7,14328.1,3,4,3,10,0,2046.8714285714286,7,4298.43,0.0023485809486469456
14109.0,73,1,1442.0,3,1,1,5,0,1442.0,1,432.59999999999997,0.00023200667127997216
15348.0,73,1,1580.4,3,1,1,5,0,1580.4,1,474.12,0.00025473921875264347
13061.0,73,1,2486.1,3,1,1,5,0,2486.1,1,745.8299999999999,0.0004035027176399148
16909.0,73,1,3791.4,3,2,2,7,0,3791.4,1,1137.42,0.0006179015197792054
13321.0,73,2,5673.6,3,2,2,7,0,2836.8,2,1702.0800000000002,0.0009270575953071088
18265.0,73,2,8015.1,3,2,2,7,0,4007.55,2,2404.53,0.0013116548489722805
17783.0,73,3,3799.1,3,2,2,7,0,1266.3666666666666,3,1139.7299999999998,0.0006191662641111384
15036.0,73,3,4655.5,3,2,2,7,0,1551.8333333333333,3,1396.6499999999999,0.000759832114223824
17513.0,73,3,11588.0,3,2,3,8,0,3862.6666666666665,3,3476.4,0.0018985126442403956
16281.0,73,3,34240.2,3,2,4,9,0,11413.4,3,10272.06,0.005619193365775394
16690.0,73,4,3530.3,3,3,2,8,0,882.575,4,1059.09,0.0005750151892509216
17370.0,73,4,4461.8,3,3,2,8,0,1115.45,4,1338.54,0.0007280164029127227
13505.0,73,4,43936.3,3,3,4,10,0,10984.075,4,13180.890000000001,0.007211802134198573
12393.0,73,6,23994.5,3,3,4,10,0,3999.0833333333335,6,7198.349999999999,0.003936311417504094
14947.0,73,6,10497.9,3,3,3,9,0,1749.6499999999999,6,3149.37,0.0017194609823909812
13515.0,73,6,12658.2,3,3,3,9,0,2109.7000000000003,6,3797.46,0.00207429568112806
16321.0,73,7,6045.5,3,4,2,9,0,863.6428571428571,7,1813.6499999999999,0.0009881431040143806
16681.0,73,7,19218.4,3,4,3,10,0,2745.4857142857145,7,5765.52,0.0031518250014331032
18242.0,73,8,36052.1,3,4,4,11,0,4506.5125,8,10815.63,0.005916802489805257
15841.0,73,9,27424.1,3,4,4,11,0,3047.1222222222223,9,8227.23,0.0044996318279973985
16182.0,73,9,99716.5,3,4,4,11,0,11079.611111111111,9,29914.949999999997,0.01637384002823829
13397.0,73,10,31918.7,3,4,4,11,0,3191.87,10,9575.609999999999,0.005237881162323036
14978.0,73,10,31421.4,3,4,4,11,0,3142.1400000000003,10,9426.42,0.005156198388781423
14609.0,73,10,14862.0,3,4,3,10,0,1486.2,10,4458.599999999999,0.0024362753640780085
13901.0,73,15,56763.4,3,4,4,11,0,3784.226666666667,15,17029.02,0.009318685513437746
12372.0,72,3,12980.4,3,3,3,9,0,4326.8,3,3894.1200000000003,0.0021272178400564903
13364.0,72,1,1349.6,3,1,1,5,0,1349.6,1,404.87999999999994,0.00021682973929677254
13741.0,72,3,6684.3,3,3,2,8,0,2228.1,3,2005.2899999999997,0.0010930676078116522
12718.0,72,1,2382.5,3,1,1,5,0,2382.5,1,714.75,0.0003864861575375395
17905.0,72,13,23835.2,3,4,4,11,0,1833.4769230769232,13,7150.56,0.0039101459925590335
15062.0,72,8,25856.2,3,4,4,11,0,3232.025,8,7756.86,0.004242100316563864
16574.0,72,3,13017.8,3,3,3,9,0,4339.266666666666,3,3905.3399999999997,0.0021333608839544517
16268.0,72,2,6676.5,3,2,2,7,0,3338.25,2,2002.9499999999998,0.001091786438228655
12458.0,72,4,17774.9,3,3,3,9,0,4443.725,4,5332.47,0.0029147265023232696
12703.0,72,4,10065.3,3,3,3,9,0,2516.325,4,3019.5899999999997,0.0016484053462878193
15175.0,72,1,2241.4,3,1,1,5,0,2241.4,1,672.42,0.0003633101282861384
13503.0,72,6,19053.9,3,3,3,9,0,3175.65,6,5716.17,0.00312480546343271
18235.0,72,3,17964.8,3,3,3,9,0,5988.266666666666,3,5389.44,0.002945918054093936
18192.0,72,1,9579.7,3,2,3,8,0,9579.7,1,2873.9100000000003,0.0015686443271207015
18204.0,72,3,19937.0,3,3,3,9,0,6645.666666666667,3,5981.099999999999,0.0032698568555795016
17819.0,72,12,66125.2,3,4,4,11,0,5510.433333333333,12,19837.559999999998,0.01085638466755374
14681.0,72,6,8751.5,3,3,2,8,0,1458.5833333333333,6,2625.45,0.001432610397808083
13886.0,72,1,2435.6,3,1,1,5,0,2435.6,1,730.68,0.00039520796585256005
13354.0,72,1,7435.3,3,1,2,6,0,7435.3,1,2230.59,0.0012164212433028094
14409.0,72,9,37560.9,3,4,4,11,0,4173.433333333333,9,11268.27,0.006164626677859928
14475.0,72,4,11511.5,3,3,3,9,0,2877.875,4,3453.45,0.0018859473271763828
16650.0,72,7,19161.1,3,4,3,10,0,2737.2999999999997,7,5748.329999999999,0.0031424133325733913
17894.0,72,18,24533.8,3,4,4,11,0,1362.9888888888888,18,7360.139999999999,0.004024892796492617
12728.0,72,5,10701.7,3,3,3,9,0,2140.34,5,3210.51,0.0017529356440595537
16589.0,72,4,6123.6,3,3,2,8,0,1530.9,4,1837.0800000000002,0.0010009712250954187
17572.0,72,10,7230.1,3,4,2,9,0,723.01,10,2169.03,0.0011827166281193403
17427.0,72,1,1008.0,3,1,1,5,0,1008.0,1,302.4,0.00016072108166191346
16233.0,72,9,19657.1,3,4,3,10,0,2184.1222222222223,9,5897.129999999999,0.0032238825778511727
15030.0,72,8,19799.1,3,4,3,10,0,2474.8875,8,5939.73,0.0032472064343621507
17724.0,72,3,10330.0,3,2,3,8,0,3443.3333333333335,3,3099.0,0.0016918829858544096
14305.0,72,3,18589.6,3,3,3,9,0,6196.533333333333,3,5576.879999999999,0.003048543022742238
14164.0,71,2,16317.7,3,2,3,8,0,8158.85,2,4895.31,0.002675377743817659
12822.0,71,2,9488.8,3,2,3,8,0,4744.4,2,2846.64,0.0015537137739034626
15185.0,71,1,3106.2,3,1,1,5,0,3106.2,1,931.8599999999999,0.0005053556994882056
13092.0,71,12,21402.8,3,4,3,10,0,1783.5666666666666,12,6420.839999999999,0.003510618185676622
18008.0,71,23,197871.3,3,4,4,11,0,8603.1,23,59361.39,0.03249601235967292
18053.0,71,3,5710.7,3,2,2,7,0,1903.5666666666666,3,1713.2099999999998,0.0009331513634518782
13095.0,71,1,744.0,3,1,1,5,0,744.0,1,223.2,0.00011735841885277177
15834.0,71,7,37729.9,3,4,4,11,0,5389.9857142857145,7,11318.97,0.006192385352158204
15593.0,71,1,1998.0,3,1,1,5,0,1998.0,1,599.4,0.00032333106719619484
12842.0,71,4,19179.9,3,3,3,9,0,4794.975,4,5753.97,0.003145501279773437
13347.0,71,1,3413.6,3,1,1,5,0,3413.6,1,1024.08,0.0005558469212591532
17376.0,71,4,4536.4,3,3,2,8,0,1134.1,4,1360.9199999999998,0.000740269640206518
16101.0,71,4,32291.6,3,3,4,10,0,8072.9,4,9687.48,0.005299130923540949
13972.0,71,2,1902.5,3,2,1,6,0,951.25,2,570.75,0.00030764495243000914
12694.0,71,3,18433.5,3,3,3,9,0,6144.5,3,5530.05,0.003022903205831227
13764.0,71,6,29532.6,3,3,4,10,0,4922.099999999999,6,8859.779999999999,0.004845958246683289
16613.0,71,1,6185.9,3,1,2,6,0,6185.9,1,1855.7699999999998,0.0010112041565083333
14916.0,71,8,30429.5,3,4,4,11,0,3803.6875,8,9128.85,0.004993276323476924
15321.0,71,12,67097.3,3,4,4,11,0,5591.441666666667,12,20129.19,0.011016054533147553
16404.0,71,1,4430.5,3,1,2,6,0,4430.5,1,1329.1499999999999,0.0007228752993296691
15774.0,69,6,13299.4,3,3,3,9,0,2216.5666666666666,6,3989.8199999999997,0.002179614390950869
15164.0,69,9,20689.2,3,4,3,10,0,2298.8,9,6206.76,0.0033934075940834276
14970.0,69,12,49193.5,3,4,4,11,0,4099.458333333333,12,14758.05,0.008075310433138798
16693.0,69,5,11994.6,3,3,3,9,0,2398.92,5,3598.38,0.0019652977150668993
16667.0,69,2,5701.3,3,2,2,7,0,2850.65,2,1710.39,0.0009316073898518559
15579.0,69,5,13025.0,3,3,3,9,0,2605.0,5,3907.5,0.0021345435020310648
16591.0,69,1,2135.0,3,1,1,5,0,2135.0,1,640.5,0.00034583366115396917
13635.0,68,4,29991.6,3,3,4,10,0,7497.9,4,8997.48,0.004921350149067366
14651.0,68,9,20341.2,3,4,3,10,0,2260.133333333333,9,6102.359999999999,0.003336247720380467
16441.0,68,5,10344.3,3,3,3,9,0,2068.8599999999997,5,3103.2899999999995,0.0016942317967565713
16774.0,68,8,15944.5,3,4,3,10,0,1993.0625,8,4783.349999999999,0.0026140787068465537
12886.0,68,2,13784.0,3,2,3,8,0,6892.0,2,4135.2,0.0022592111576073466
13431.0,68,8,33162.4,3,4,4,11,0,4145.3,8,9948.72,0.005442162009806861
15299.0,68,10,79915.4,3,4,4,11,0,7991.539999999999,10,23974.62,0.01312145963979096
14488.0,68,1,10642.8,3,1,3,7,0,10642.8,1,3192.8399999999997,0.001743261171182817
15091.0,68,3,10466.1,3,2,3,8,0,3488.7000000000003,3,3139.83,0.0017142377525526074
16875.0,68,11,42345.3,3,4,4,11,0,3849.5727272727277,11,12703.59,0.006950476389769237
16183.0,68,4,10778.1,3,3,3,9,0,2694.525,4,3233.43,0.001765484535872502
14333.0,68,1,4152.0,3,1,2,6,0,4152.0,1,1245.6,0.0006771309751162374
12637.0,68,12,83403.1,3,4,4,11,0,6950.258333333334,12,25020.93,0.01369432312115249
15930.0,68,1,4266.3,3,1,2,6,0,4266.3,1,1279.89,0.0006959050370824682
14193.0,68,3,12101.9,3,3,3,9,0,4033.9666666666667,3,3630.5699999999997,0.001982922009458645
13344.0,68,3,25437.2,3,3,4,10,0,8479.066666666668,3,7631.160000000001,0.004173278514605416
18116.0,68,13,21543.0,3,4,3,10,0,1657.1538461538462,13,6462.9,0.003533646387668447
14644.0,68,7,22477.2,3,4,3,10,0,3211.0285714285715,7,6743.16,0.003687091083108978
16882.0,67,3,7051.2,3,3,2,8,0,2350.4,3,2115.36,0.0011533318539657211
14462.0,67,12,22700.1,3,4,3,10,0,1891.675,12,6810.03,0.0037237029677307876
15276.0,67,4,6495.3,3,3,2,8,0,1623.825,4,1948.59,0.0010620238833005623
14184.0,67,1,4528.9,3,1,2,6,0,4528.9,1,1358.6699999999998,0.0007390377463767128
13351.0,67,1,3739.4,3,2,2,7,0,3739.4,1,1121.82,0.0006093603892258895
17957.0,67,1,1116.8,3,2,1,6,0,1116.8,1,335.03999999999996,0.00017859175481962033
12457.0,67,8,29959.1,3,4,4,11,0,3744.8875,8,8987.73,0.004916011942471544
15241.0,67,11,30501.6,3,4,4,11,0,2772.872727272727,11,9150.479999999998,0.005005118929494116
15739.0,67,1,4491.2,3,1,2,6,0,4491.2,1,1347.36,0.000732845426725559
15339.0,67,7,18278.4,3,4,3,10,0,2611.2000000000003,7,5483.52,0.0029974276414308563
13552.0,67,22,69789.2,3,4,4,11,0,3172.2363636363634,22,20936.76,0.011458205866541222
15181.0,67,5,12002.0,3,3,3,9,0,2400.4,5,3600.6,0.0019665131836456404
12512.0,67,2,1380.3,3,2,1,6,0,690.15,2,414.09,0.0002218722913734417
13801.0,67,1,3248.0,3,1,1,5,0,3248.0,1,974.4,0.0005286467054970552
13317.0,67,19,64860.9,3,4,4,11,0,3413.7315789473687,19,19458.27,0.01064872021835072
16374.0,67,5,17714.5,3,3,3,9,0,3542.9,5,5314.349999999999,0.002904805650680572
17667.0,67,9,39507.0,3,4,4,11,0,4389.666666666667,9,11852.1,0.006484278488817771
16556.0,67,17,80125.8,3,4,4,11,0,4713.282352941176,17,24037.739999999994,0.013156018368029758
13792.0,67,3,3839.5,3,3,2,8,0,1279.8333333333333,3,1151.85,0.0006258020655410223
15255.0,67,9,37294.2,3,4,4,11,0,4143.799999999999,9,11188.259999999998,0.006120820533272056
12413.0,67,4,9994.5,3,3,3,9,0,2498.625,4,2998.35,0.0016367762685344587
15228.0,67,6,55802.7,3,3,4,10,0,9300.449999999999,6,16740.809999999998,0.009160888126465235
16253.0,67,7,73101.5,3,3,4,10,0,10443.07142857143,7,21930.45,0.012002259457536375
16881.0,67,1,4320.0,3,1,2,6,0,4320.0,1,1296.0,0.0007047253969038732
13947.0,66,1,906.0,3,1,1,5,0,906.0,1,271.8,0.00014396732557656327
16140.0,66,3,15576.0,3,3,3,9,0,5192.0,3,4672.8,0.0025535516566754604
15762.0,66,2,5837.5,3,2,2,7,0,2918.75,2,1751.25,0.0009539785818011176
16160.0,66,2,10254.4,3,2,3,8,0,5127.2,2,3076.3199999999997,0.0016794654960499734
17483.0,66,4,5917.3,3,3,2,8,0,1479.325,4,1775.19,0.0009670859321502446
15730.0,66,5,17265.8,3,3,3,9,0,3453.16,5,5179.74,0.002831105549156095
15127.0,66,2,7115.0,3,2,2,7,0,3557.5,2,2134.5,0.0011638111641445968
16106.0,66,1,1083.8,3,1,1,5,0,1083.8,1,325.14,0.00017317142196847764
13483.0,66,1,1403.4,3,1,1,5,0,1403.4,1,421.02000000000004,0.00022566652436924165
14389.0,66,5,18980.1,3,3,3,9,0,3796.0199999999995,5,5694.03,0.003112683628147427
15757.0,66,6,29403.6,3,3,4,10,0,4900.599999999999,6,8821.08,0.004824769672810642
18033.0,66,1,979.7,3,1,1,5,0,979.7,1,293.91,0.000156072735610782
17382.0,66,8,9022.8,3,4,3,10,0,1127.85,8,2706.8399999999997,0.0014771721039449019
16059.0,66,12,32177.7,3,4,4,11,0,2681.475,12,9653.31,0.005280422562578975
15244.0,66,3,9120.8,3,2,3,8,0,3040.2666666666664,3,2736.24,0.0014932688499876892
17222.0,66,6,16050.1,3,3,3,9,0,2675.016666666667,6,4815.030000000001,0.0026314237719702108
13989.0,66,5,20260.6,3,3,3,9,0,4052.12,5,6078.179999999999,0.0033230089680228283
16040.0,66,7,24169.0,3,4,4,11,0,3452.714285714286,7,7250.7,0.003964973480610895
16758.0,66,1,3693.4,3,2,2,7,0,3693.4,1,1108.02,0.0006018047737364179
12843.0,66,30,65884.1,3,4,4,11,0,2196.1366666666668,30,19765.23,0.010816783387238271
15048.0,66,4,4827.5,3,3,2,8,0,1206.875,4,1448.25,0.0007880835460540224
14054.0,66,1,924.6,3,1,1,5,0,924.6,1,277.38,0.00014702242227448008
14396.0,66,7,21219.3,3,4,3,10,0,3031.328571428571,7,6365.79,0.0034804778499740565
12789.0,66,3,2733.5,3,3,1,7,0,911.1666666666666,3,820.05,0.0004441387887724211
16803.0,66,1,3323.0,3,1,1,5,0,3323.0,1,996.9,0.0005409656437951069
17647.0,66,3,3316.6,3,2,1,6,0,1105.5333333333333,3,994.9799999999999,0.0005399144277270064
14518.0,65,1,1743.7,3,1,1,5,0,1743.7,1,523.11,0.00028156165374026786
13348.0,65,1,2337.6,3,1,1,5,0,2337.6,1,701.28,0.0003791112198097726
13771.0,65,9,57288.2,3,4,4,11,0,6365.355555555555,9,17186.46,0.00940488523102198
15264.0,65,2,8484.0,3,2,2,7,0,4242.0,2,2545.2,0.001388672851211699
13049.0,65,4,14082.4,3,3,3,9,0,3520.6,4,4224.719999999999,0.002308224106782528
13504.0,65,1,2959.3,3,1,1,5,0,2959.3,1,887.7900000000001,0.0004812270056750886
14317.0,65,1,5085.8,3,1,2,6,0,5085.8,1,1525.74,0.0008305099695525122
14959.0,65,4,6954.2,3,3,2,8,0,1738.55,4,2086.2599999999998,0.0011373993604335741
13177.0,65,2,5122.0,3,2,2,7,0,2561.0,2,1536.6,0.0008364559104377051
13422.0,65,1,26263.0,3,1,4,8,0,26263.0,1,7878.9,0.004308918237892496
16316.0,65,13,57449.1,3,4,4,11,0,4419.161538461538,13,17234.729999999996,0.009431313459984063
15306.0,65,9,34847.3,3,4,4,11,0,3871.9222222222224,9,10454.19,0.005718911064985357
16432.0,65,1,2874.0,3,1,1,5,0,2874.0,1,862.1999999999999,0.0004672162665174378
16895.0,65,5,11214.2,3,3,3,9,0,2242.84,5,3364.26,0.0018371150557629065
13845.0,65,1,3129.8,3,1,1,5,0,3129.8,1,938.94,0.0005092320587393259
16184.0,65,6,11587.9,3,3,3,9,0,1931.3166666666666,6,3476.37,0.0018984962189893314
15937.0,65,1,1453.5,3,1,1,5,0,1453.5,1,436.05,0.0002338955751523401
13602.0,65,4,10251.7,3,3,3,9,0,2562.925,4,3075.51,0.001679022014271244
12923.0,65,3,7898.7,3,3,2,8,0,2632.9,3,2369.61,0.0012925358567337044
15315.0,65,2,5705.0,3,2,2,7,0,2852.5,2,1711.5,0.0009322151241412264
14819.0,65,4,4701.6,3,3,2,8,0,1175.4,4,1410.48,0.0007674041549643598
15837.0,65,2,7770.1,3,2,2,7,0,3885.05,2,2331.03,0.001271412983865312
14538.0,65,5,13708.4,3,3,3,9,0,2741.68,5,4112.5199999999995,0.0022467936678029106
15300.0,65,1,4964.4,3,1,2,6,0,4964.4,1,1489.32,0.0008105697147607326
17921.0,65,10,24235.0,3,4,4,11,0,2423.5,10,7270.5,0.00397581414631318
13023.0,65,3,14490.3,3,3,3,9,0,4830.099999999999,3,4347.089999999999,0.0023752227058728647
15766.0,65,3,8310.6,3,3,2,8,0,2770.2000000000003,3,2493.18,0.0013601914658666037
13591.0,65,7,20939.4,3,4,3,10,0,2991.342857142857,7,6281.820000000001,0.003434503572245728
15416.0,65,7,45728.2,3,4,4,11,0,6532.599999999999,7,13718.46,0.007506126208015621
14257.0,65,9,59544.5,3,4,4,11,0,6616.055555555556,9,17863.35,0.009775488170780564
12939.0,65,20,252648.0,3,4,4,11,0,12632.4,20,75794.4,0.04149322285928471
15518.0,65,15,42189.4,3,4,4,11,0,2812.6266666666666,15,12656.82,0.006924869423360354
13276.0,64,5,19392.6,3,3,3,9,0,3878.5199999999995,5,5817.78,0.003180437788786711
13806.0,64,1,2563.8,3,1,1,5,0,2563.8,1,769.14,0.0004162651377166963
14029.0,64,2,4676.6,3,2,2,7,0,2338.3,2,1402.98,0.0007632978421983426
15874.0,64,21,112847.6,3,4,4,11,0,5373.695238095238,21,33854.28,0.018530656170712236
13587.0,64,4,16735.0,3,3,3,9,0,4183.75,4,5020.5,0.002743920316508018
13876.0,64,1,1227.0,3,1,1,5,0,1227.0,1,368.09999999999997,0.0001966923814922242
14067.0,64,2,3747.0,3,2,2,7,0,1873.5,2,1124.1,0.0006106087083067587
12740.0,64,1,4276.0,3,1,2,6,0,4276.0,1,1282.8,0.0006974982864356829
12519.0,64,2,7265.4,3,2,2,7,0,3632.7,2,2179.62,0.0011885147417449564
12420.0,64,1,6003.9,3,1,2,6,0,6003.9,1,1801.1699999999998,0.000981310199571728
12781.0,64,2,8267.4,3,2,2,7,0,4133.7,2,2480.22,0.001353095757406926
15815.0,64,5,21006.0,3,3,3,9,0,4201.2,5,6301.8,0.0034454427894543976
12885.0,64,3,11752.2,3,2,3,8,0,3917.4,3,3525.6600000000003,0.0019254829064875969
15706.0,64,4,10605.6,3,3,3,9,0,2651.4,4,3181.68,0.0017371509777869833
17030.0,64,1,1468.7,3,1,1,5,0,1468.7,1,440.61,0.00023639221331407857
13169.0,64,3,8400.8,3,3,2,8,0,2800.2666666666664,3,2520.24,0.0013750070423263938
13763.0,64,3,52174.4,3,2,4,9,0,17391.466666666667,3,15652.32,0.008564930742107625
16455.0,64,11,43843.7,3,4,4,11,0,3985.790909090909,11,13153.109999999999,0.0071965923517132435
13359.0,64,2,10433.1,3,2,3,8,0,5216.55,2,3129.93,0.0017088174197014646
18136.0,64,5,16313.6,3,3,3,9,0,3262.7200000000003,5,4894.080000000001,0.0026747043085240322
12492.0,64,3,7152.1,3,2,2,7,0,2384.0333333333333,3,2145.63,0.0011699049322893664
16477.0,64,11,43200.2,3,4,4,11,0,3927.290909090909,11,12960.06,0.007090895861115961
14792.0,64,1,62.0,3,1,1,5,0,62.0,1,18.599999999999998,5.3382065958223685e-06
14844.0,64,10,67024.3,3,4,4,11,0,6702.43,10,20107.29,0.011004064099870784
13689.0,64,2,12595.0,3,2,3,8,0,6297.5,2,3778.5,0.0020639149224555686
12394.0,64,2,12724.8,3,2,3,8,0,6362.4,2,3817.4399999999996,0.0020852348983367297
13419.0,64,1,2210.6,3,1,1,5,0,2210.6,1,663.18,0.0003582511509584052
16354.0,64,5,11295.1,3,3,3,9,0,2259.02,5,3388.53,0.001850403083873738
15606.0,62,17,52309.9,3,4,4,11,0,3077.0529411764705,17,15692.97,0.00858718695729944
16595.0,62,5,18101.8,3,3,3,9,0,3620.3599999999997,5,5430.54,0.0029684206480517106
15756.0,62,4,5329.6,3,3,2,8,0,1332.4,4,1598.88,0.0008705547316467121
16104.0,62,9,27786.1,3,4,4,11,0,3087.3444444444444,9,8335.83,0.004559091236849328
16921.0,62,3,4466.7,3,2,2,7,0,1488.8999999999999,3,1340.01,0.000728821240214862
16685.0,62,2,3242.4,3,2,1,6,0,1621.2,2,972.72,0.0005277268914374674
16518.0,62,4,9593.7,3,3,3,9,0,2398.425,4,2878.11,0.001570943862269671
13193.0,62,1,1178.8,3,1,1,5,0,1178.8,1,353.64,0.00018877541047934303
14514.0,62,9,45989.8,3,4,4,11,0,5109.977777777778,9,13796.94,0.007549094664799226
13260.0,62,1,5576.2,3,1,2,6,0,5576.2,1,1672.86,0.0009110594007707057
16380.0,62,1,17805.9,3,1,3,7,0,17805.9,1,5341.77,0.002919818330153131
14801.0,62,1,1931.4,3,1,1,5,0,1931.4,1,579.42,0.000312391849987525
18088.0,62,1,1676.7,3,1,1,5,0,1676.7,1,503.01,0.0002705567355273417
13259.0,62,9,14333.8,3,4,3,10,0,1592.6444444444444,9,4300.139999999999,0.0023495171879575967
16248.0,62,1,1529.4,3,1,1,5,0,1529.4,1,458.82,0.00024636234070996835
15553.0,61,1,4372.3,3,1,2,6,0,4372.3,1,1311.69,0.0007133158032103812
13473.0,61,8,26577.6,3,4,4,11,0,3322.2,8,7973.279999999999,0.004360592077740056
14201.0,61,10,11935.4,3,4,3,10,0,1193.54,10,3580.62,0.0019555739664369708
17552.0,61,12,30852.9,3,4,4,11,0,2571.0750000000003,12,9255.87,0.005062820836482192
14529.0,61,3,6200.4,3,2,2,7,0,2066.7999999999997,3,1860.12,0.0010135858179126233
13352.0,61,1,3979.8,3,1,2,6,0,3979.8,1,1193.94,0.000648846692783911
18169.0,61,1,2026.5,3,1,1,5,0,2026.5,1,607.9499999999999,0.00032801226374945444
14535.0,61,9,60307.3,3,4,4,11,0,6700.811111111111,9,18092.19,0.00990077998589728
14027.0,61,1,1048.2,3,1,1,5,0,1048.2,1,314.46,0.00016732403258966914
16776.0,61,2,6198.5,3,2,2,7,0,3099.25,2,1859.55,0.001013273738142406
16385.0,61,5,10306.1,3,3,3,9,0,2061.2200000000003,5,3091.8300000000004,0.0016879573508500974
17214.0,61,6,10691.2,3,3,3,9,0,1781.8666666666668,6,3207.36,0.0017512109926978263
17589.0,61,18,140498.7,3,4,4,11,0,7805.483333333334,18,42149.61,0.023072418767688972
16395.0,61,14,35378.5,3,4,4,11,0,2527.035714285714,14,10613.55,0.00580616199863769
13980.0,61,5,7999.2,3,3,2,8,0,1599.84,5,2399.7599999999998,0.0013090432340530933
13373.0,61,6,75871.9,3,3,4,10,0,12645.316666666666,6,22761.569999999996,0.012457304613015335
17648.0,61,5,22163.7,3,3,3,9,0,4432.74,5,6649.109999999999,0.003635597921023122
13224.0,61,2,21559.5,3,2,3,8,0,10779.75,2,6467.849999999999,0.003536356554094018
15128.0,61,5,17836.8,3,3,3,9,0,3567.3599999999997,5,5351.04,0.002924893732731928
13666.0,61,5,1279.0,3,3,1,7,0,255.8,5,383.7,0.00020523351204553998
16982.0,61,1,3840.6,3,1,2,6,0,3840.6,1,1152.1799999999998,0.0006259827433027271
15304.0,61,9,9195.5,3,4,3,10,0,1021.7222222222222,9,2758.65,0.0015055385125325488
14128.0,61,3,9242.1,3,2,3,8,0,3080.7000000000003,3,2772.63,0.001513192679528405
17462.0,61,2,6756.9,3,2,2,7,0,3378.45,2,2027.0699999999997,0.0011049923400841663
14665.0,61,7,27496.5,3,4,4,11,0,3928.0714285714284,7,8248.949999999999,0.004511523709767784
17025.0,61,5,15106.4,3,3,3,9,0,3021.2799999999997,5,4531.919999999999,0.0024764186776785927
12607.0,61,1,15795.1,3,1,3,7,0,15795.1,1,4738.53,0.002589539381756835
16179.0,61,1,2158.3,3,1,1,5,0,2158.3,1,647.49,0.00034966074465189723
15886.0,61,4,10528.7,3,3,3,9,0,2632.175,4,3158.61,0.0017245199597187145
15193.0,61,1,4993.2,3,1,2,6,0,4993.2,1,1497.9599999999998,0.0008153001870671844
17284.0,61,8,27931.6,3,4,4,11,0,3491.45,8,8379.48,0.004582989977147548
14451.0,61,12,33087.7,3,4,4,11,0,2757.308333333333,12,9926.31,0.005429892347262001
18126.0,61,1,2068.3,3,1,1,5,0,2068.3,1,620.49,0.0003348780186942353
15211.0,61,2,12774.8,3,2,3,8,0,6387.4,2,3832.4399999999996,0.0020934475238687644
13109.0,60,3,11340.3,3,2,3,8,0,3780.1,3,3402.0899999999997,0.001857827297354697
16086.0,60,10,28649.9,3,4,4,11,0,2864.9900000000002,10,8594.97,0.004700972555540754
17620.0,60,1,814.4,3,1,1,5,0,814.4,1,244.32,0.00012892179560187623
14175.0,60,8,76788.8,3,4,4,11,0,9598.6,8,23036.64,0.012607907740021785
13690.0,60,1,1722.5,3,1,1,5,0,1722.5,1,516.75,0.00027807950051468523
14952.0,60,32,176293.5,3,4,4,11,0,5509.171875,32,52888.049999999996,0.028951804535570277
13283.0,60,4,3733.6,3,3,2,8,0,933.4,4,1120.08,0.0006084077246641734
17863.0,60,12,57452.0,3,4,4,11,0,4787.666666666667,12,17235.6,0.009431789792264923
13517.0,60,3,21284.2,3,3,3,9,0,7094.733333333334,3,6385.26,0.003491137837914637
13627.0,60,7,22459.0,3,4,3,10,0,3208.4285714285716,7,6737.7,0.0036841016874153173
16171.0,60,1,732.0,3,1,1,5,0,732.0,1,219.6,0.00011538738872508352
12836.0,60,15,65856.2,3,4,4,11,0,4390.413333333333,15,19756.859999999997,0.010812200742191394
14857.0,60,7,36518.5,3,4,4,11,0,5216.928571428572,7,10955.55,0.005993409860768074
16136.0,60,4,9468.0,3,3,3,9,0,2367.0,4,2840.4,0.0015502973216821364
12824.0,60,1,3971.2,3,1,2,6,0,3971.2,1,1191.36,0.000647434121192401
12530.0,60,9,37592.6,3,4,4,11,0,4176.955555555555,9,11277.779999999999,0.006169833482447237
16120.0,60,6,30569.1,3,3,4,10,0,5094.849999999999,6,9170.73,0.005016205973962363
12772.0,60,1,8924.7,3,2,2,7,0,8924.7,1,2677.4100000000003,0.0014610589326510507
13919.0,60,4,13606.8,3,3,3,9,0,3401.7,4,4082.0399999999995,0.002230105612721817
16861.0,60,5,9465.9,3,3,3,9,0,1893.1799999999998,5,2839.77,0.001549952391409791
15199.0,60,10,31224.0,3,4,4,11,0,3122.4,10,9367.199999999999,0.00512377494318095
15840.0,59,2,3555.6,3,2,2,7,0,1777.8,2,1066.6799999999998,0.0005791707777701309
14541.0,59,14,24996.8,3,4,4,11,0,1785.4857142857143,14,7499.039999999999,0.004100941708919256
17913.0,59,14,34796.4,3,4,4,11,0,2485.457142857143,14,10438.92,0.005710550612193745
15038.0,59,9,13098.6,3,4,3,10,0,1455.4,9,3929.58,0.0021466324868142195
18277.0,59,5,11800.5,3,3,3,9,0,2360.1,5,3540.15,0.0019334163027515418
14775.0,59,3,14184.6,3,3,3,9,0,4728.2,3,4255.379999999999,0.002325010713370006
14761.0,59,3,4479.2,3,2,2,7,0,1493.0666666666666,3,1343.76,0.0007308743965978707
16203.0,59,6,11145.4,3,3,3,9,0,1857.5666666666666,6,3343.62,0.001825814483030827
16652.0,59,16,175503.9,3,4,4,11,0,10968.99375,16,52651.17,0.02882211075316839
14642.0,59,1,961.2,3,1,1,5,0,961.2,1,288.36,0.00015303406416392927
16753.0,59,1,2239.2,3,1,1,5,0,2239.2,1,671.7599999999999,0.00036294877276272884
18171.0,59,9,24373.1,3,4,4,11,0,2708.1222222222223,9,7311.929999999999,0.003998497418032659
13208.0,59,9,19885.0,3,4,3,10,0,2209.4444444444443,9,5965.5,0.003261315725026186
15281.0,59,16,85435.7,3,4,4,11,0,5339.73125,16,25630.71,0.014028182774280753
13464.0,59,6,30976.4,3,3,4,10,0,5162.733333333334,6,9292.92,0.005083106021546316
13865.0,59,4,5015.6,3,3,2,8,0,1253.9,4,1504.68,0.0008189794433055359
12679.0,59,4,11130.2,3,3,3,9,0,2782.55,4,3339.06,0.0018233178448690884
15831.0,59,3,8017.6,3,3,2,8,0,2672.5333333333333,3,2405.28,0.0013120654802488822
17064.0,59,3,8593.5,3,2,2,7,0,2864.5,3,2578.0499999999997,0.0014066585011268543
12667.0,59,1,6201.3,3,1,2,6,0,6201.3,1,1860.3899999999999,0.0010137336451722
15421.0,59,10,38053.4,3,4,4,11,0,3805.34,10,11416.02,0.006245521039350467
17489.0,59,2,3766.4,3,2,2,7,0,1883.2,2,1129.92,0.0006137952070131882
13842.0,59,18,56299.1,3,4,4,11,0,3127.7277777777776,18,16889.73,0.009242423072747275
14852.0,59,18,61471.8,3,4,4,11,0,3415.1000000000004,18,18441.54,0.010092052034538362
12602.0,59,1,1531.2,3,1,1,5,0,1531.2,1,459.36,0.0002466579952291216
17190.0,59,7,17430.4,3,4,3,10,0,2490.057142857143,7,5229.12,0.0028581415124075524
13520.0,59,11,69094.0,3,4,4,11,0,6281.272727272727,11,20728.2,0.011344017521143817
12633.0,59,7,56781.6,3,4,4,11,0,8111.657142857142,7,17034.48,0.009321674909131406
16121.0,58,5,14770.9,3,3,3,9,0,2954.18,5,4431.2699999999995,0.0024213119603586418
16430.0,58,7,11179.4,3,3,3,9,0,1597.0571428571427,7,3353.8199999999997,0.0018313990683926102
17181.0,58,3,4653.7,3,2,2,7,0,1551.2333333333333,3,1396.11,0.0007595364597046707
12876.0,58,4,40817.9,3,3,4,10,0,10204.475,4,12245.37,0.006699597105016651
18160.0,58,3,10038.8,3,2,3,8,0,3346.2666666666664,3,3011.64,0.0016440526547558411
13858.0,58,1,2161.7,3,1,1,5,0,2161.7,1,648.5099999999999,0.0003502192031880755
13930.0,58,2,3373.4,3,2,1,6,0,1686.7,2,1012.02,0.0005492439703313975
14421.0,58,6,24693.7,3,3,4,10,0,4115.616666666667,6,7408.11,0.004051156772944064
16793.0,58,1,2438.4,3,1,1,5,0,2438.4,1,731.52,0.000395667872882354
13827.0,58,3,4120.5,3,3,2,8,0,1373.5,3,1236.1499999999999,0.0006719570210310557
12359.0,58,10,89359.4,3,4,4,11,0,8935.939999999999,10,26807.819999999996,0.014672660350281619
17614.0,58,1,3900.7,3,1,2,6,0,3900.7,1,1170.2099999999998,0.0006358543191922325
15367.0,58,11,50813.3,3,4,4,11,0,4619.390909090909,11,15243.99,0.008341366649874586
15272.0,58,6,20854.8,3,3,3,9,0,3475.7999999999997,6,6256.44,0.0034206078098455253
16773.0,58,3,4212.4,3,3,2,8,0,1404.1333333333332,3,1263.7199999999998,0.000687051826758935
14975.0,58,2,4723.9,3,2,2,7,0,2361.95,2,1417.1699999999998,0.0007710669859516471
13487.0,58,5,8468.7,3,3,2,8,0,1693.7400000000002,5,2540.61,0.0013861597877988967
12613.0,58,10,68350.7,3,4,4,11,0,6835.07,10,20505.21,0.011221928629984593
12446.0,58,1,10023.1,3,1,3,7,0,10023.1,1,3006.93,0.0016414738903387824
16224.0,58,5,16165.4,3,3,3,9,0,3233.08,5,4849.62,0.002650362086447082
17509.0,58,8,61151.4,3,4,4,11,0,7643.925,8,18345.42,0.010039425530129086
17279.0,58,1,1878.3,3,1,1,5,0,1878.3,1,563.49,0.0003036700416725045
14537.0,58,2,6414.0,3,2,2,7,0,3207.0,2,1924.1999999999998,0.0010486701541854743
14555.0,58,6,23156.3,3,3,4,10,0,3859.383333333333,6,6946.889999999999,0.003798634963085069
13853.0,58,1,10901.4,3,1,3,7,0,10901.4,1,3270.4199999999996,0.0017857368704344988
14624.0,58,6,8140.7,3,3,2,8,0,1356.7833333333333,6,2442.21,0.0013322849643087509
14976.0,58,7,7908.6,3,4,2,9,0,1129.8,7,2372.58,0.001294161956589047
17169.0,58,3,11567.3,3,2,3,8,0,3855.7666666666664,3,3470.1899999999996,0.001895112617270133
13911.0,58,20,42349.9,3,4,4,11,0,2117.495,20,12704.969999999998,0.006951231951318183
16770.0,58,9,19321.3,3,4,3,10,0,2146.811111111111,9,5796.389999999999,0.0031687265847780296
12631.0,58,6,34815.7,3,3,4,10,0,5802.616666666666,6,10444.71,0.00571372068564911
16950.0,57,10,37843.7,3,4,4,11,0,3784.37,10,11353.109999999999,0.006211077287869114
18228.0,57,2,7799.0,3,2,2,7,0,3899.5,2,2339.7,0.0012761598814228275
16239.0,57,6,14922.0,3,3,3,9,0,2487.0,6,4476.599999999999,0.00244613051471645
13136.0,57,13,62745.6,3,4,4,11,0,4826.584615384615,13,18823.68,0.010301276882592471
15620.0,57,4,19423.6,3,3,3,9,0,4855.9,4,5827.079999999999,0.003185529616616572
17771.0,57,4,3874.1,3,3,2,8,0,968.525,4,1162.23,0.0006314852024091902
12454.0,57,5,166797.8,3,3,4,10,0,33359.56,5,50039.34,0.027392111970279496
13213.0,57,11,38515.2,3,4,4,11,0,3501.381818181818,11,11554.56,0.006321372848764336
17180.0,57,11,22569.8,3,4,3,10,0,2051.7999999999997,11,6770.939999999999,0.0037023008655943054
14089.0,57,1,1610.0,3,1,1,5,0,1610.0,1,483.0,0.0002596010930676078
16413.0,57,2,5289.8,3,2,2,7,0,2644.9,2,1586.94,0.0008640174817232127
17892.0,57,3,2441.0,3,3,1,7,0,813.6666666666666,3,732.3,0.00039609492941001975
14937.0,57,3,16218.8,3,3,3,9,0,5406.266666666666,3,4865.639999999999,0.0026591331705152943
16394.0,57,5,15553.4,3,3,3,9,0,3110.68,5,4666.0199999999995,0.0025498395499349803
15826.0,57,4,25982.8,3,3,4,10,0,6495.7,4,7794.839999999999,0.004262894684410975
16081.0,57,8,44601.8,3,4,4,11,0,5575.225,8,13380.54,0.00732111218002995
14567.0,57,2,15303.6,3,2,3,8,0,7651.8,2,4591.08,0.0025088092727769368
13006.0,57,1,815.7,3,1,1,5,0,815.7,1,244.71,0.00012913532386570913
17986.0,57,1,208.0,3,1,1,5,0,208.0,1,62.4,2.9319073149362857e-05
12940.0,55,2,9135.4,3,2,3,8,0,4567.7,2,2740.62,0.0014956669366430434
16206.0,55,13,26023.2,3,4,4,11,0,2001.7846153846153,13,7806.96,0.0042695304858408585
13034.0,55,3,9226.8,3,2,3,8,0,3075.6,3,2768.0399999999995,0.0015106796161156021
15440.0,55,3,3836.8,3,3,2,8,0,1278.9333333333334,3,1151.04,0.0006253585837622925
13878.0,55,4,24730.6,3,3,4,10,0,6182.65,4,7419.179999999999,0.004057217690586705
16052.0,55,1,3620.6,3,2,2,7,0,3620.6,1,1086.1799999999998,0.0005898471909617757
15994.0,55,3,12021.8,3,2,3,8,0,4007.2666666666664,3,3606.5399999999995,0.001969765383356326
15545.0,55,2,4280.5,3,2,2,7,0,2140.25,2,1284.1499999999999,0.0006982374227335659
13760.0,55,5,13636.4,3,3,3,9,0,2727.2799999999997,5,4090.919999999999,0.002234967487036781
16934.0,55,6,21109.9,3,3,3,9,0,3518.316666666667,6,6332.97,0.0034625086253099653
16674.0,55,2,3196.1,3,2,1,6,0,1598.05,2,958.8299999999999,0.0005201220001948035
14780.0,55,2,4476.8,3,2,2,7,0,2238.4,2,1343.04,0.000730480190572333
14211.0,54,18,44022.9,3,4,4,11,0,2445.7166666666667,18,13206.87,0.007226026401620056
16563.0,54,6,44227.6,3,3,4,10,0,7371.266666666666,6,13268.279999999999,0.007259648890548204
13875.0,54,14,48143.7,3,4,4,11,0,3438.835714285714,14,14443.109999999999,0.007902878147468203
16542.0,54,2,2573.2,3,2,1,6,0,1286.6,2,771.9599999999999,0.00041780911131671875
16932.0,54,3,4407.1,3,2,2,7,0,1469.0333333333335,3,1322.13,0.0007190317905806772
13015.0,54,11,65864.2,3,4,4,11,0,5987.654545454545,11,19759.26,0.010813514762276521
16389.0,54,4,13820.7,3,3,3,9,0,3455.175,4,4146.21,0.00226523922474786
17612.0,54,18,53948.6,3,4,4,11,0,2997.144444444444,18,16184.579999999996,0.008856347546486334
15335.0,54,1,1739.7,3,1,1,5,0,1739.7,1,521.91,0.00028090464369770506
12475.0,54,2,11496.4,3,2,3,8,0,5748.2,2,3448.9199999999996,0.0018834671142657082
13750.0,54,11,36021.8,3,4,4,11,0,3274.709090909091,11,10806.54,0.005911825638732845
15066.0,54,1,8935.9,3,2,2,7,0,8935.9,1,2680.77,0.001462898560770226
17201.0,54,4,12420.4,3,3,3,9,0,3105.1,4,3726.12,0.0020352364340977046
18042.0,54,2,2811.5,3,2,1,6,0,1405.75,2,843.4499999999999,0.00045695048460239475
14443.0,54,5,23864.7,3,3,4,10,0,4772.9400000000005,5,7159.410000000001,0.003914991441622934
15598.0,54,2,5480.2,3,2,2,7,0,2740.1,2,1644.06,0.0008952911597491996
16412.0,54,5,6472.3,3,3,2,8,0,1294.46,5,1941.69,0.0010582460755558265
17734.0,54,6,14423.2,3,3,3,9,0,2403.866666666667,6,4326.96,0.002364201362408875
17206.0,54,1,2042.4,3,1,1,5,0,2042.4,1,612.72,0.0003306238786686414
17527.0,54,4,9393.7,3,3,3,9,0,2348.425,4,2818.11,0.0015380933601415333
16737.0,54,2,8352.0,3,2,2,7,0,4176.0,2,2505.6,0.0013669915198071282
17520.0,54,1,5468.1,3,1,2,6,0,5468.1,1,1640.43,0.0008933037043704474
17785.0,54,3,4033.8,3,3,2,8,0,1344.6000000000001,3,1210.14,0.0006577163283585082
12794.0,54,2,8604.1,3,2,2,7,0,4302.05,2,2581.23,0.001408399577739646
17205.0,54,3,9993.5,3,2,3,8,0,3331.1666666666665,3,2998.0499999999997,0.0016366120160238179
17534.0,54,5,16688.3,3,3,3,9,0,3337.66,5,5006.49,0.0027362497242610978
17244.0,54,5,18260.4,3,3,3,9,0,3652.0800000000004,5,5478.12,0.0029944710962393237
12463.0,54,4,13447.8,3,3,3,9,0,3361.95,4,4034.3399999999997,0.0022039894635299474
14830.0,54,1,1971.3,3,1,1,5,0,1971.3,1,591.39,0.00031894552516208846
13923.0,54,1,3511.3,3,2,2,7,0,3511.3,1,1053.39,0.0005718943915487486
15012.0,54,3,8606.2,3,2,2,7,0,2868.7333333333336,3,2581.86,0.0014087445080119914
16363.0,54,1,1093.6,3,2,1,6,0,1093.6,1,328.08,0.00017478109657275638
14841.0,54,14,71630.0,3,4,4,11,0,5116.428571428572,14,21489.0,0.011760561888128603
13265.0,54,5,21076.6,3,3,3,9,0,4215.32,5,6322.98,0.00345703901670563
16734.0,53,3,6505.1,3,3,2,8,0,2168.366666666667,3,1951.53,0.001063633557904841
13637.0,53,3,8105.0,3,3,2,8,0,2701.6666666666665,3,2431.5,0.0013264211496788784
16848.0,53,4,14116.2,3,3,3,9,0,3529.05,4,4234.86,0.002313775841642183
15327.0,53,1,2087.5,3,1,1,5,0,2087.5,1,626.25,0.0003380316668985365
13594.0,53,2,5333.2,3,2,2,7,0,2666.6,2,1599.9599999999998,0.0008711460406850183
12611.0,53,1,11933.2,3,1,3,7,0,11933.2,1,3579.96,0.001955212610913561
12360.0,53,8,42528.9,3,4,4,11,0,5316.1125,8,12758.67,0.006980633150722867
17679.0,53,7,35776.1,3,3,4,10,0,5110.871428571429,7,10732.83,0.0058714687968684275
16515.0,53,10,32163.0,3,4,4,11,0,3216.3,10,9648.9,0.005278008050672556
14861.0,53,10,13807.3,3,4,3,10,0,1380.73,10,4142.19,0.0022630382411052744
16730.0,53,3,7431.1,3,2,2,7,0,2477.0333333333333,3,2229.33,0.0012157313827581184
15678.0,53,3,18938.9,3,2,3,8,0,6312.966666666667,3,5681.67,0.0031059164247090308
16249.0,53,5,18000.7,3,3,3,9,0,3600.1400000000003,5,5400.21,0.002951814719225937
14798.0,53,8,7243.1,3,4,2,9,0,905.3875,8,2172.93,0.001184851910757669
15637.0,53,5,7975.9,3,3,2,8,0,1595.1799999999998,5,2392.77,0.0013052161505551654
14639.0,53,9,49789.6,3,4,4,11,0,5532.177777777778,9,14936.88,0.008173221354731712
17262.0,53,11,27576.2,3,4,4,11,0,2506.927272727273,11,8272.86,0.004524614634865848
15505.0,53,5,36109.6,3,3,4,10,0,7221.92,5,10832.88,0.005926247009167097
15604.0,53,1,2163.9,3,1,1,5,0,2163.9,1,649.17,0.00035058055871148503
12759.0,53,8,50207.4,3,4,4,11,0,6275.925,8,15062.22,0.008241846053677391
14015.0,53,1,9173.4,3,2,3,8,0,9173.4,1,2752.02,0.0015019085320473896
14381.0,53,2,6313.4,3,2,2,7,0,3156.7,2,1894.0199999999998,0.001032146351615021
12863.0,53,6,27925.5,3,3,4,10,0,4654.25,6,8377.65,0.00458198803683264
16940.0,53,8,64276.6,3,4,4,11,0,8034.575,8,19282.98,0.010552747476383365
15140.0,53,8,32436.9,3,4,4,11,0,4054.6125,8,9731.07,0.005322996813337041
13032.0,53,9,28435.5,3,4,4,11,0,3159.5,9,8530.65,0.004665756817259391
13805.0,53,2,9246.0,3,2,3,8,0,4623.0,2,2773.7999999999997,0.0015138332643199034
14107.0,52,11,48773.0,3,4,4,11,0,4433.909090909091,11,14631.9,0.008006242252414388
17934.0,52,3,10491.5,3,2,3,8,0,3497.1666666666665,3,3147.45,0.0017184097663228808
16621.0,52,4,8134.8,3,3,2,8,0,2033.7,4,2440.44,0.0013313158744959709
16826.0,52,1,3417.0,3,1,1,5,0,3417.0,1,1025.1,0.0005564053797953315
12744.0,52,11,253170.6,3,4,4,11,0,23015.50909090909,11,75951.18,0.04157906122134553
18019.0,52,1,384.5,3,1,1,5,0,384.5,1,115.35,5.830964127744434e-05
17973.0,52,1,3370.4,3,1,1,5,0,3370.4,1,1011.12,0.0005487512127994755
15803.0,52,4,19296.6,3,3,3,9,0,4824.15,4,5788.98,0.003164669547765205
13849.0,52,5,34693.0,3,3,4,10,0,6938.6,5,10407.9,0.005693566902593498
12596.0,52,2,6182.7,3,2,2,7,0,3091.35,2,1854.81,0.0010106785484742832
14273.0,52,4,5599.7,3,3,2,8,0,1399.925,4,1679.9099999999999,0.0009149193347707618
17148.0,52,1,1248.8,3,1,1,5,0,1248.8,1,374.64,0.0002002730862241912
14306.0,52,6,31514.0,3,3,4,10,0,5252.333333333333,6,9454.199999999999,0.00517140817126675
14799.0,52,2,3381.5,3,2,1,6,0,1690.75,2,1014.4499999999999,0.0005505744156675871
14229.0,52,7,25940.4,3,4,4,11,0,3705.7714285714287,7,7782.12,0.00425593037795981
13491.0,52,27,45665.6,3,4,4,11,0,1691.3185185185184,27,13699.679999999998,0.007495844000849514
15853.0,52,1,1108.0,3,2,1,6,0,1108.0,1,332.4,0.00017714633272598228
16131.0,52,12,99574.2,3,4,4,11,0,8297.85,12,29872.260000000002,0.016350466895974126
15754.0,52,9,30376.1,3,4,4,11,0,3375.1222222222223,9,9112.83,0.004984505239408711
16123.0,52,1,3077.8,3,1,1,5,0,3077.8,1,923.34,0.0005006909281860101
15468.0,52,3,14304.8,3,3,3,9,0,4768.266666666666,3,4291.44,0.002344753865149017
15220.0,52,6,17789.6,3,3,3,9,0,2964.933333333333,6,5336.879999999999,0.002917141014229687
15006.0,52,2,8251.4,3,2,2,7,0,4125.7,2,2475.4199999999996,0.001350467717236675
15610.0,52,1,1124.6,3,2,1,6,0,1124.6,1,337.37999999999994,0.0001798729244026177
17824.0,52,1,2984.0,3,1,1,5,0,2984.0,1,895.1999999999999,0.0004852840426879135
12370.0,52,7,43203.1,3,4,4,11,0,6171.871428571429,7,12960.929999999998,0.007091372193396819
14776.0,52,15,37083.0,3,4,4,11,0,2472.2,15,11124.9,0.006086130403024743
16470.0,52,11,24586.0,3,4,4,11,0,2235.090909090909,11,7375.799999999999,0.004033466777548061
14495.0,51,3,1748.0,3,3,1,7,0,582.6666666666666,3,524.4,0.00028226793953602277
15469.0,51,3,8742.5,3,2,2,7,0,2914.1666666666665,3,2622.75,0.001431132125212317
14923.0,51,1,7491.0,3,1,2,6,0,7491.0,1,2247.2999999999997,0.0012255701081454954
17420.0,51,6,10844.3,3,3,3,9,0,1807.3833333333332,6,3253.2899999999995,0.0017763580520769155
17571.0,51,5,17037.5,3,3,3,9,0,3407.5,5,5111.25,0.002793606700976826
16099.0,51,7,15732.0,3,4,3,10,0,2247.4285714285716,7,4719.599999999999,0.0025791750483354072
15836.0,51,1,1373.7,3,1,1,5,0,1373.7,1,412.11,0.00022078822480321318
15807.0,51,5,18175.2,3,3,3,9,0,3635.04,5,5452.56,0.0029804767823327374
18252.0,51,7,15420.9,3,4,3,10,0,2202.985714285714,7,4626.2699999999995,0.0025280760922750892
14484.0,51,4,10709.8,3,3,3,9,0,2677.45,4,3212.9399999999996,0.001754266089395743
17672.0,51,7,57786.3,3,4,4,11,0,8255.185714285715,7,17335.89,0.009486699406572105
14638.0,51,1,4436.0,3,1,2,6,0,4436.0,1,1330.8,0.0007237786881381929
14261.0,51,2,11634.5,3,2,3,8,0,5817.25,2,3490.35,0.0019061503859851875
17764.0,51,5,16236.4,3,3,3,9,0,3247.2799999999997,5,4870.919999999999,0.00266202401470257
16260.0,51,1,10354.5,3,1,3,7,0,10354.5,1,3106.35,0.0016959071723651065
13245.0,51,2,9892.2,3,2,3,8,0,4946.1,2,2967.6600000000003,0.0016199732366959166
17125.0,51,1,2593.5,3,1,1,5,0,2593.5,1,778.05,0.0004211434372827247
18149.0,51,7,16247.1,3,4,3,10,0,2321.014285714286,7,4874.13,0.002663781516566426
17354.0,51,4,31434.6,3,3,4,10,0,7858.65,4,9430.38,0.005158366521921879
16846.0,51,3,8424.1,3,2,2,7,0,2808.0333333333333,3,2527.23,0.0013788341258243219
14585.0,51,5,11432.7,3,3,3,9,0,2286.54,5,3429.81,0.0018730042293378967
16177.0,51,8,22473.1,3,4,3,10,0,2809.1375,8,6741.929999999999,0.003686417647815351
14427.0,51,4,12635.2,3,3,3,9,0,3158.8,4,3790.56,0.0020705178733833244
16170.0,51,20,68690.0,3,4,4,11,0,3434.5,20,20607.0,0.011277659506844978
17092.0,51,11,55949.6,3,4,4,11,0,5086.327272727272,11,16784.879999999997,0.009185016820278353
17007.0,51,7,11201.0,3,3,3,9,0,1600.142857142857,7,3360.2999999999997,0.001834946922622449
15129.0,51,23,68601.8,3,4,4,11,0,2982.6869565217394,23,20580.54,0.01126317243540647
15664.0,51,4,12540.3,3,3,3,9,0,3135.075,4,3762.0899999999997,0.0020549303101235227
16593.0,51,8,10711.4,3,4,3,10,0,1338.925,8,3213.4199999999996,0.001754528893412768
15565.0,51,2,1731.6,3,2,1,6,0,865.8,2,519.4799999999999,0.00027957419836151546
12556.0,51,2,6037.1,3,2,2,7,0,3018.55,2,1811.13,0.000986763382924999
13897.0,51,3,11607.2,3,2,3,8,0,3869.066666666667,3,3482.1600000000003,0.001901666292444697
13366.0,51,1,561.6,3,1,1,5,0,561.6,1,168.48,8.739876091191023e-05
15587.0,51,7,15220.8,3,4,3,10,0,2174.4,7,4566.24,0.0024952091648958877
15121.0,51,2,4577.2,3,2,2,7,0,2288.6,2,1373.1599999999999,0.0007469711426406581
15296.0,51,12,103428.3,3,4,4,11,0,8619.025,12,31028.489999999994,0.0169835124972344
15301.0,51,17,76034.4,3,4,4,11,0,4472.611764705882,17,22810.319999999996,0.012483995645994448
14631.0,51,6,20256.9,3,3,3,9,0,3376.15,6,6077.070000000001,0.0033224012337334584
13573.0,51,6,9164.7,3,3,3,9,0,1527.45,6,2749.4100000000003,0.0015004795352048159
13761.0,51,6,19521.7,3,3,3,9,0,3253.616666666667,6,5856.51,0.003201642787910424
13669.0,51,3,4135.5,3,3,2,8,0,1378.5,3,1240.6499999999999,0.0006744208086906661
13157.0,50,9,56873.6,3,4,4,11,0,6319.288888888888,9,17062.079999999998,0.009336786140110348
17361.0,50,5,8806.4,3,3,2,8,0,1761.28,5,2641.9199999999996,0.001441627860642257
12403.0,50,2,10193.6,3,2,3,8,0,5096.8,2,3058.08,0.0016694789434030198
15286.0,50,1,2405.5,3,1,1,5,0,2405.5,1,721.65,0.00039026396528227535
14967.0,50,6,19826.1,3,3,3,9,0,3304.35,6,5947.829999999999,0.003251641252149449
13725.0,50,8,19805.6,3,4,3,10,0,2475.7,8,5941.679999999999,0.003248274075681315
16918.0,50,16,32132.9,3,4,4,11,0,2008.30625,16,9639.87,0.005273064050102272
13918.0,50,2,12128.4,3,2,3,8,0,6064.2,2,3638.52,0.0019872747009906234
15677.0,50,3,13056.3,3,3,3,9,0,4352.099999999999,3,3916.8899999999994,0.0021396846056141177
17940.0,50,16,303931.9,3,4,4,11,0,18995.74375,16,91179.57,0.04991673218973071
15819.0,50,10,39347.9,3,4,4,11,0,3934.79,10,11804.37,0.006458145914374838
14233.0,50,7,29042.7,3,4,4,11,0,4148.957142857143,7,8712.81,0.004765490941720417
12407.0,50,5,17081.2,3,3,3,9,0,3416.2400000000002,5,5124.36,0.002800784535691824
15740.0,50,1,1548.8,3,1,1,5,0,1548.8,1,464.64,0.0002495488394163977
16497.0,50,23,66952.8,3,4,4,11,0,2910.9913043478264,23,20085.84,0.010992320045359974
13974.0,50,2,6777.2,3,2,2,7,0,3388.6,2,2033.1599999999999,0.0011083266660501722
13917.0,50,2,2720.4,3,2,1,6,0,1360.2,2,816.12,0.0004419870808830281
17832.0,50,1,1553.7,3,1,1,5,0,1553.7,1,466.11,0.0002503536767185371
16153.0,50,11,51334.9,3,4,4,11,0,4666.809090909091,11,15400.469999999998,0.008427040759424766
17836.0,48,1,1102.1,3,2,1,6,0,1102.1,1,330.62999999999994,0.0001761772429132022
14731.0,48,3,3800.2,3,3,2,8,0,1266.7333333333333,3,1140.06,0.0006193469418728433
16686.0,48,16,50709.2,3,4,4,11,0,3169.325,16,15212.759999999998,0.00832426796351689
16007.0,48,7,30751.4,3,4,4,11,0,4393.057142857143,7,9225.42,0.005046149206652161
14800.0,48,17,77743.2,3,4,4,11,0,4573.129411764706,17,23322.96,0.012764670336177257
16017.0,48,5,15538.3,3,3,3,9,0,3107.66,5,4661.49,0.002547359337024306
16768.0,48,9,17081.2,3,4,3,10,0,1897.9111111111113,9,5124.36,0.002800784535691824
14504.0,48,4,6732.6,3,3,2,8,0,1683.15,4,2019.78,0.0011010010040755976
15000.0,48,1,4905.2,3,1,2,6,0,4905.2,1,1471.56,0.0008008459661308038
17111.0,48,2,4765.8,3,2,2,7,0,2382.9,2,1429.74,0.0007779491661474919
13598.0,48,5,7895.9,3,3,2,8,0,1579.1799999999998,5,2368.77,0.0012920759497039103
14312.0,47,11,30902.9,3,4,4,11,0,2809.3545454545456,11,9270.87,0.0050710334620142255
15592.0,47,1,3885.8,3,1,2,6,0,3885.8,1,1165.74,0.0006334069567836862
16019.0,47,27,174658.5,3,4,4,11,0,6468.833333333333,27,52397.549999999996,0.028683251680672754
16023.0,47,3,7198.1,3,3,2,8,0,2399.366666666667,3,2159.43,0.0011774605477788379
16444.0,47,17,36565.8,3,4,4,11,0,2150.929411764706,17,10969.74,0.006001179004521379
18240.0,47,1,4225.8,3,1,2,6,0,4225.8,1,1267.74,0.0006892528104015203
13165.0,47,3,14511.6,3,3,3,9,0,4837.2,3,4353.48,0.0023787212843495113
14019.0,47,3,14216.1,3,3,3,9,0,4738.7,3,4264.829999999999,0.002330184667455188
15068.0,47,4,11768.5,3,3,3,9,0,2942.125,4,3530.5499999999997,0.0019281602224110396
15806.0,47,3,7845.8,3,3,2,8,0,2615.266666666667,3,2353.7400000000002,0.001283846898920812
14997.0,47,4,7766.0,3,3,2,8,0,1941.5,4,2329.7999999999997,0.0012707395485716847
16742.0,47,14,28526.1,3,4,4,11,0,2037.5785714285714,14,8557.83,0.004680638094723437
15844.0,47,1,1307.4,3,1,1,5,0,1307.4,1,392.22,0.00020989828334773555
17317.0,47,3,26003.4,3,3,4,10,0,8667.800000000001,3,7801.02,0.0042662782861301735
13176.0,47,1,4928.4,3,1,2,6,0,4928.4,1,1478.5199999999998,0.0008046566243776678
16728.0,47,4,10546.7,3,3,3,9,0,2636.675,4,3164.01,0.001727476504910247
16325.0,47,12,35975.0,3,4,4,11,0,2997.9166666666665,12,10792.5,0.00590413862123486
17423.0,47,3,11189.5,3,2,3,8,0,3729.8333333333335,3,3356.85,0.0018330580187500812
15801.0,47,3,10639.5,3,2,3,8,0,3546.5,3,3191.85,0.0017427191378977026
14139.0,47,4,10868.0,3,3,3,9,0,2717.0,4,3260.4,0.0017802508365791
14764.0,47,1,2783.0,3,1,1,5,0,2783.0,1,834.9,0.00045226928804913515
16491.0,47,2,15331.6,3,2,3,8,0,7665.8,2,4599.48,0.0025134083430748758
14474.0,47,2,12780.8,3,2,3,8,0,6390.4,2,3834.24,0.0020944330389326086
12546.0,47,2,11615.0,3,2,3,8,0,5807.5,2,3484.5,0.0019029474620276942
17004.0,47,4,24251.6,3,3,4,10,0,6062.9,4,7275.48,0.003978540737989815
14145.0,47,7,76000.5,3,4,4,11,0,10857.214285714286,7,22800.149999999998,0.01247842748588373
15215.0,47,7,24224.3,3,4,4,11,0,3460.6142857142854,7,7267.29,0.003974056644449325
17186.0,47,2,1440.0,3,2,1,6,0,720.0,2,432.0,0.00023167816625869082
15786.0,47,5,85148.2,3,3,4,10,0,17029.64,5,25544.46,0.013980960177471554
15142.0,47,6,26199.2,3,3,4,10,0,4366.533333333334,6,7859.760000000001,0.00429843892771362
17344.0,47,2,4681.1,3,2,2,7,0,2340.55,2,1404.3300000000002,0.0007640369784962257
15277.0,47,2,4763.4,3,2,2,7,0,2381.7,2,1429.0199999999998,0.0007775549601219541
15158.0,46,2,6060.2,3,2,2,7,0,3030.1,2,1818.06,0.000990557615920799
18045.0,46,1,1894.0,3,1,1,5,0,1894.0,1,568.1999999999999,0.0003062488060895633
12398.0,46,1,16356.6,3,1,3,7,0,16356.6,1,4906.98,0.0026817671664815814
15345.0,46,1,3935.4,3,1,2,6,0,3935.4,1,1180.62,0.0006415538813114643
13601.0,46,4,11851.4,3,3,3,9,0,2962.85,4,3555.4199999999996,0.0019417767555431527
13652.0,46,5,25708.5,3,3,4,10,0,5141.7,5,7712.549999999999,0.004217840220742234
14341.0,46,18,44673.2,3,4,4,11,0,2481.8444444444444,18,13401.96,0.007332839809289695
16110.0,46,4,18192.7,3,3,3,9,0,4548.175,4,5457.81,0.0029833512012689494
16258.0,46,15,119425.2,3,4,4,11,0,7961.679999999999,15,35827.56,0.019611043484702426
18079.0,46,5,42427.5,3,3,4,10,0,8485.5,5,12728.25,0.006963977946143902
16708.0,46,1,6566.3,3,1,2,6,0,6566.3,1,1969.8899999999999,0.001073685811556051
14001.0,46,9,45300.9,3,4,4,11,0,5033.433333333333,9,13590.27,0.0074359411102188555
18147.0,46,2,1793.4,3,2,1,6,0,896.7,2,538.02,0.00028972500351911003
13340.0,46,12,221005.6,3,4,4,11,0,18417.133333333335,12,66301.68000000001,0.0362958792165878
17928.0,46,3,3412.4,3,2,1,6,0,1137.4666666666667,3,1023.72,0.0005556498182463844
16056.0,46,1,6648.5,3,1,2,6,0,6648.5,1,1994.55,0.0010871873679307157
17024.0,46,3,958.5,3,2,1,6,0,319.5,3,287.55,0.00015259058238519942
13182.0,46,1,1211.8,3,1,1,5,0,1211.8,1,363.53999999999996,0.0001941957433304857
15630.0,46,3,14814.0,3,3,3,9,0,4938.0,3,4444.2,0.0024283912435672556
17917.0,46,3,3412.8,3,2,1,6,0,1137.6000000000001,3,1023.84,0.0005557155192506407
13481.0,46,11,38308.4,3,4,4,11,0,3482.581818181818,11,11492.52,0.006287405429563843
15656.0,46,4,7485.0,3,3,2,8,0,1871.25,4,2245.5,0.0012245845930816516
12371.0,45,5,40673.8,3,3,4,10,0,8134.76,5,12202.140000000001,0.006675928318233327
14690.0,45,4,7943.3,3,3,2,8,0,1985.825,4,2382.99,0.0012998615187082788
14754.0,45,6,15504.8,3,3,3,9,0,2584.133333333333,6,4651.44,0.002541856877917843
17175.0,45,4,14436.9,3,3,3,9,0,3609.225,4,4331.07,0.002366451621804652
12879.0,45,3,5732.2,3,2,2,7,0,1910.7333333333333,3,1719.6599999999999,0.0009366827924306531
14598.0,45,2,3840.4,3,2,2,7,0,1920.2,2,1152.12,0.000625949892800599
15821.0,45,2,5709.6,3,2,2,7,0,2854.8,2,1712.88,0.0009329706856901737
13107.0,45,9,52530.7,3,4,4,11,0,5836.7444444444445,9,15759.21,0.008623453911648904
16208.0,45,10,34404.5,3,4,4,11,0,3440.45,10,10321.35,0.0056461800532736596
14315.0,45,8,31978.2,3,4,4,11,0,3997.275,8,9593.46,0.005247654186706157
15990.0,45,7,20100.5,3,3,3,9,0,2871.5,7,6030.15,0.003296712141069254
16418.0,45,5,11019.4,3,3,3,9,0,2203.88,5,3305.82,0.0018051186666901003
16454.0,45,4,309.5,3,3,1,7,0,77.375,4,92.85,4.599070297939272e-05
15320.0,45,1,2671.3,3,1,1,5,0,2671.3,1,801.39,0.0004339222826105703
16345.0,45,2,11987.4,3,2,3,8,0,5993.7,2,3596.22,0.0019641150969902862
15240.0,45,12,44599.8,3,4,4,11,0,3716.65,12,13379.94,0.007320783675008669
16750.0,45,5,6239.3,3,3,2,8,0,1247.8600000000001,5,1871.7900000000002,0.0010199752405765463
12456.0,45,3,31810.4,3,2,4,9,0,10603.466666666667,3,9543.12,0.00522009261542065
12812.0,45,1,2296.4,3,1,1,5,0,2296.4,1,688.92,0.00037234401637137624
16188.0,45,5,10876.6,3,3,3,9,0,2175.32,5,3262.98,0.00178166340817061
12448.0,45,1,4494.5,3,1,2,6,0,4494.5,1,1348.35,0.0007333874600106732
17470.0,45,11,28048.7,3,4,4,11,0,2549.8818181818183,11,8414.61,0.004602223946143573
16225.0,45,15,28674.1,3,4,4,11,0,1911.6066666666666,15,8602.23,0.004704947466298259
18226.0,45,26,118788.8,3,4,4,11,0,4568.8,26,35636.64,0.019506513186930693
14379.0,45,4,12689.1,3,3,3,9,0,3172.275,4,3806.73,0.0020793710837068574
15516.0,45,3,624.3,3,3,1,7,0,208.1,3,187.29,9.769739332908139e-05
15835.0,45,4,9540.9,3,3,3,9,0,2385.225,4,2862.27,0.0015622713297078427
16415.0,45,3,7194.4,3,3,2,8,0,2398.133333333333,3,2158.3199999999997,0.0011768528134894673
17712.0,45,1,5229.1,3,1,2,6,0,5229.1,1,1568.73,0.0008540473543273228
16071.0,45,4,10768.0,3,3,3,9,0,2692.0,4,3230.4,0.0017638255855150313
17895.0,45,1,980.0,3,1,1,5,0,980.0,1,294.0,0.0001561220113639742
15014.0,44,2,2601.7,3,2,1,6,0,1300.85,2,780.5099999999999,0.00042249030786997835
14842.0,44,4,28246.9,3,3,4,10,0,7061.725,4,8474.07,0.004634778793752558
16026.0,44,1,2360.9,3,1,1,5,0,2360.9,1,708.27,0.00038293830330770066
14752.0,44,1,3896.4,3,1,2,6,0,3896.4,1,1168.92,0.0006351480333964776
14357.0,44,1,2257.7,3,1,1,5,0,2257.7,1,677.31,0.00036598744420958157
16680.0,44,3,8214.5,3,3,2,8,0,2738.1666666666665,3,2464.35,0.0013444067995940336
17414.0,44,6,22495.2,3,3,3,9,0,3749.2000000000003,6,6748.56,0.0036900476283005107
13416.0,44,3,9408.0,3,2,3,8,0,3136.0,3,2822.4,0.0015404421710436952
14239.0,44,21,42631.7,3,4,4,11,0,2030.0809523809523,21,12789.509999999998,0.0069975183088167294
16847.0,44,2,6148.9,3,2,2,7,0,3074.45,2,1844.6699999999998,0.0010051268136146278
12430.0,44,1,2564.0,3,1,1,5,0,2564.0,1,769.1999999999999,0.0004162979882188244
14716.0,44,3,5654.5,3,2,2,7,0,1884.8333333333333,3,1696.35,0.0009239203723538716
18276.0,44,6,16565.2,3,3,3,9,0,2760.866666666667,6,4969.56,0.002716030240201229
17684.0,44,1,2394.1,3,1,1,5,0,2394.1,1,718.2299999999999,0.0003883914866609714
15288.0,44,10,38831.3,3,4,4,11,0,3883.13,10,11649.390000000001,0.006373293067377859
15622.0,44,17,78526.1,3,4,4,11,0,4619.182352941177,17,23557.83,0.012893263626757854
17459.0,44,2,6573.0,3,2,2,7,0,3286.5,2,1971.8999999999999,0.0010747863033773437
18261.0,44,2,3242.4,3,2,1,6,0,1621.2,2,972.72,0.0005277268914374674
14004.0,44,11,62584.5,3,4,4,11,0,5689.5,11,18775.35,0.010274815803128256
15659.0,44,3,5324.9,3,2,2,7,0,1774.9666666666665,3,1597.4699999999998,0.0008697827448467006
12536.0,44,3,126018.3,3,2,4,9,0,42006.1,3,37805.49,0.02069397671260755
17878.0,44,3,14123.3,3,3,3,9,0,4707.766666666666,3,4236.99,0.002314942034467732
13654.0,44,11,63080.0,3,4,4,11,0,5734.545454545455,11,18924.0,0.010356202922150717
15791.0,44,5,36083.4,3,3,4,10,0,7216.68,5,10825.02,0.005921943593388311
16232.0,44,7,27129.7,3,4,4,11,0,3875.671428571429,7,8138.91,0.004451275888864781
17545.0,44,6,14485.4,3,3,3,9,0,2414.233333333333,6,4345.619999999999,0.002374417868570725
13538.0,44,12,31127.3,3,4,4,11,0,2593.9416666666666,12,9338.189999999999,0.005107891725401995
17272.0,43,4,21486.3,3,3,3,9,0,5371.575,4,6445.889999999999,0.00352433327031512
16150.0,43,10,43955.9,3,4,4,11,0,4395.59,10,13186.77,0.00721502148340713
14221.0,43,17,65174.9,3,4,4,11,0,3833.8176470588237,17,19552.47,0.010700295506691895
14232.0,43,5,20480.7,3,3,3,9,0,4096.14,5,6144.21,0.003359160945614844
14412.0,43,3,14261.9,3,3,3,9,0,4753.966666666666,3,4278.569999999999,0.002337707432442531
17839.0,43,1,3388.0,3,1,1,5,0,3388.0,1,1016.4,0.0005516420569867516
13812.0,43,3,5390.0,3,2,2,7,0,1796.6666666666667,3,1617.0,0.0008804755832894096
12432.0,43,5,50593.2,3,3,4,10,0,10118.64,5,15177.96,0.00830521467228257
16102.0,43,3,18421.4,3,3,3,9,0,6140.466666666667,3,5526.42,0.003020915750452475
14738.0,43,9,18219.0,3,4,3,10,0,2024.3333333333333,9,5465.7,0.0029876710422987993
16648.0,43,3,6728.0,3,3,2,8,0,2242.6666666666665,3,2018.3999999999999,0.0011002454425266504
12678.0,43,21,342811.8,3,4,4,11,0,16324.371428571429,21,102843.54,0.0563028533781896
14218.0,43,1,1694.8,3,1,1,5,0,1694.8,1,508.43999999999994,0.00027352970596993816
16554.0,43,8,28417.2,3,4,4,11,0,3552.15,8,8525.16,0.004662750996314666
15096.0,43,1,2193.9,3,1,1,5,0,2193.9,1,658.17,0.0003555081340307057
17418.0,43,3,6700.6,3,3,2,8,0,2233.5333333333333,3,2010.18,0.0010957449237350956
17837.0,43,8,15933.8,3,4,3,10,0,1991.725,8,4780.139999999999,0.0026123212049826983
18287.0,43,7,41829.9,3,4,4,11,0,5975.7,7,12548.97,0.006865820645785026
14498.0,43,10,39112.7,3,4,4,11,0,3911.2699999999995,10,11733.81,0.006419513723872148
12895.0,43,2,3728.0,3,2,2,7,0,1864.0,2,1118.3999999999999,0.0006074879106045856
16843.0,43,35,195714.3,3,4,4,11,0,5591.837142857143,35,58714.28999999999,0.03214171969422096
13993.0,43,19,67757.1,3,4,4,11,0,3566.163157894737,19,20327.13,0.011124428339668282
17669.0,43,10,61423.5,3,4,4,11,0,6142.35,10,18427.05,0.010084118638274417
17609.0,41,11,18943.4,3,4,3,10,0,1722.1272727272728,11,5683.02,0.0031066555610069144
14158.0,41,1,5076.6,3,1,2,6,0,5076.6,1,1522.98,0.0008289988464546179
17213.0,41,13,51823.0,3,4,4,11,0,3986.3846153846152,13,15546.9,0.008507212409868488
13566.0,41,5,17081.2,3,3,3,9,0,3416.2400000000002,5,5124.36,0.002800784535691824
16235.0,41,9,20537.1,3,4,3,10,0,2281.8999999999996,9,6161.129999999999,0.0033684247872149786
17447.0,41,2,5415.3,3,2,2,7,0,2707.65,2,1624.59,0.000884631171808619
17373.0,41,7,11675.0,3,3,3,9,0,1667.857142857143,7,3502.5,0.0019128026126661354
15748.0,41,3,6147.6,3,2,2,7,0,2049.2000000000003,3,1844.28,0.001004913285350795
14040.0,41,35,126455.7,3,4,4,11,0,3613.02,35,37936.71,0.020765820760761784
14582.0,41,1,1141.1,3,1,1,5,0,1141.1,1,342.33,0.00018258309082818907
14295.0,41,5,23629.1,3,3,4,10,0,4725.82,5,7088.73,0.003876293550115987
14077.0,41,6,6150.8,3,3,2,8,0,1025.1333333333334,6,1845.2400000000002,0.0010054388933848453
17255.0,41,4,7991.3,3,3,2,8,0,1997.825,4,2397.39,0.001307745639219032
14810.0,41,13,25370.2,3,4,4,11,0,1951.5538461538463,13,7611.0599999999995,0.004162273596392489
16190.0,41,8,27235.5,3,4,4,11,0,3404.4375,8,8170.65,0.004468653804490565
14179.0,41,2,7197.8,3,2,2,7,0,3598.9,2,2159.34,0.0011774112720256459
16049.0,41,6,18996.8,3,3,3,9,0,3166.133333333333,6,5699.04,0.0031154266450751267
18067.0,41,1,3963.3,3,1,2,6,0,3963.3,1,1188.99,0.0006461365263583396
15521.0,41,16,71066.9,3,4,4,11,0,4441.68125,16,21320.069999999996,0.011668071299386828
13617.0,41,8,12787.5,3,4,3,10,0,1598.4375,8,3836.25,0.002095533530753901
15865.0,41,5,22489.2,3,3,3,9,0,4497.84,5,6746.76,0.0036890621132366665
13607.0,41,2,10783.1,3,2,3,8,0,5391.55,2,3234.93,0.0017663057984257055
13524.0,41,5,6801.8,3,3,2,8,0,1360.3600000000001,5,2040.5400000000002,0.0011123672778119334
15478.0,41,3,20249.8,3,3,3,9,0,6749.933333333333,3,6074.94,0.003321235040907909
17018.0,41,6,22877.0,3,3,3,9,0,3812.8333333333335,6,6863.099999999999,0.003752759236863125
17796.0,41,7,13619.9,3,3,3,9,0,1945.7,7,4085.97,0.00223225732061121
15669.0,41,4,6843.4,3,3,2,8,0,1710.85,4,2053.02,0.0011192001822545859
13421.0,41,8,41031.2,3,4,4,11,0,5128.9,8,12309.359999999999,0.006734632165536308
15059.0,41,19,35235.7,3,4,4,11,0,1854.5105263157893,19,10570.71,0.005782706740118199
17372.0,41,28,43775.6,3,4,4,11,0,1563.4142857142856,28,13132.679999999998,0.007185406755738612
15860.0,41,17,25052.1,3,4,4,11,0,1473.6529411764704,17,7515.629999999999,0.004110024872757686
16601.0,41,3,6842.5,3,2,2,7,0,2280.8333333333335,3,2052.75,0.0011190523549950092
13278.0,41,4,14358.5,3,3,3,9,0,3589.625,4,4307.55,0.0023535742249704223
15708.0,41,9,43787.2,3,4,4,11,0,4865.2444444444445,9,13136.159999999998,0.007187312084862044
15376.0,41,3,12333.6,3,3,3,9,0,4111.2,3,3700.0799999999995,0.0020209793161740926
15370.0,41,8,37390.1,3,4,4,11,0,4673.7625,8,11217.029999999999,0.006136572349042498
15385.0,41,3,9420.8,3,2,3,8,0,3140.2666666666664,3,2826.24,0.0015425446031798959
12588.0,40,4,9587.8,3,3,3,9,0,2396.95,4,2876.3399999999997,0.0015699747724568908
15667.0,40,1,3013.2,3,1,1,5,0,3013.2,1,903.9599999999999,0.0004900802159986216
12909.0,40,8,31031.9,3,4,4,11,0,3878.9875,8,9309.57,0.005092222035886874
13813.0,40,8,27654.7,3,4,4,11,0,3456.8375,8,8296.41,0.004537508456951142
15752.0,40,9,42075.4,3,4,4,11,0,4675.044444444445,9,12622.62,0.006906144637147316
13982.0,40,9,44455.9,3,4,4,11,0,4939.544444444445,9,13336.77,0.007297147738727474
13103.0,40,3,7096.4,3,2,2,7,0,2365.4666666666667,3,2128.9199999999996,0.00116075606744668
14808.0,40,8,27411.7,3,4,4,11,0,3426.4625,8,8223.51,0.004497595096865455
14167.0,40,8,12964.9,3,4,3,10,0,1620.6125,8,3889.47,0.002124671926141559
12581.0,40,1,1977.1,3,1,1,5,0,1977.1,1,593.13,0.0003198981897238045
16018.0,40,4,6981.3,3,3,2,8,0,1745.325,4,2094.39,0.0011418506034719367
15329.0,40,11,29843.3,3,4,4,11,0,2713.0272727272727,11,8952.99,0.004896991501739352
13145.0,40,7,14235.2,3,4,3,10,0,2033.6000000000001,7,4270.56,0.0023333218904084256
16836.0,40,4,7823.7,3,3,2,8,0,1955.925,4,2347.1099999999997,0.0012802169184356524
18257.0,40,12,46001.5,3,4,4,11,0,3833.4583333333335,12,13800.449999999999,0.007551016419173721
16127.0,40,2,8013.1,3,2,2,7,0,4006.55,2,2403.93,0.001311326343950999
17396.0,40,14,88071.0,3,4,4,11,0,6290.785714285715,14,26421.3,0.014461037415572158
12522.0,40,2,1927.2,3,2,1,6,0,963.6,2,578.16,0.00031170198944283415
15974.0,40,7,34421.5,3,3,4,10,0,4917.357142857143,7,10326.449999999999,0.005648972345954551
15360.0,40,1,4279.3,3,1,2,6,0,4279.3,1,1283.79,0.0006980403197207971
17951.0,40,4,16360.8,3,3,3,9,0,4090.2,4,4908.24,0.0026824570270262723
12571.0,40,2,5196.1,3,2,2,7,0,2598.05,2,1558.8300000000002,0.0008486270214761802
13186.0,40,3,15758.9,3,3,3,9,0,5252.966666666666,3,4727.669999999999,0.0025835934408716416
13544.0,40,6,8290.0,3,3,2,8,0,1381.6666666666667,6,2487.0,0.0013568078641474056
16969.0,40,3,6504.1,3,3,2,8,0,2168.0333333333333,3,1951.23,0.0010634693053942004
13697.0,39,1,1513.0,3,1,1,5,0,1513.0,1,453.9,0.00024366859953546104
14345.0,39,1,1089.8,3,1,1,5,0,1089.8,1,326.94,0.00017415693703232176
12674.0,39,4,19706.0,3,3,3,9,0,4926.5,4,5911.8,0.0032319145256215027
13726.0,39,2,10796.6,3,2,3,8,0,5398.3,2,3238.98,0.001768523207319355
12552.0,39,2,4378.2,3,2,2,7,0,2189.1,2,1313.4599999999998,0.0007142848930231611
16825.0,39,5,18268.9,3,3,3,9,0,3653.78,5,5480.67,0.00299586724257977
17166.0,39,2,2063.4,3,2,1,6,0,1031.7,2,619.02,0.0003340731813920959
13461.0,39,6,41600.0,3,3,4,10,0,6933.333333333333,6,12480.0,0.006828058993588732
16729.0,39,21,72399.2,3,4,4,11,0,3447.580952380952,21,21719.76,0.011886904919313419
14485.0,39,1,1657.5,3,1,1,5,0,1657.5,1,497.25,0.0002674030873230405
17733.0,39,2,6921.9,3,2,2,7,0,3460.95,2,2076.5699999999997,0.0011320940043398797
15847.0,39,5,8225.7,3,3,2,8,0,1645.14,5,2467.71,0.0013462464277132094
14383.0,39,3,12476.9,3,3,3,9,0,4158.966666666666,3,3743.0699999999993,0.0020445167009489028
16960.0,39,8,20434.3,3,4,3,10,0,2554.2875,8,6130.29,0.003351539629121116
16830.0,39,4,12075.0,3,3,3,9,0,3018.75,4,3622.5,0.0019785036169224107
13327.0,39,20,98794.8,3,4,4,11,0,4939.74,20,29638.439999999995,0.01622244848918077
15018.0,39,3,6074.6,3,2,2,7,0,2024.8666666666668,3,1822.38,0.0009929228520740249
17696.0,39,27,76795.9,3,4,4,11,0,2844.2925925925924,27,23038.769999999997,0.012609073932847333
16971.0,39,1,3572.1,3,2,2,7,0,3572.1,1,1071.6299999999999,0.0005818809441957023
13292.0,39,5,9945.1,3,3,3,9,0,1989.02,5,2983.53,0.001628662194508809
12491.0,39,1,4604.0,3,1,2,6,0,4604.0,1,1381.2,0.0007513731099258286
15423.0,39,3,2668.9,3,3,1,7,0,889.6333333333333,3,800.67,0.0004335280765850326
16029.0,39,107,1222091.4,3,4,4,11,1,11421.414953271027,107,366627.42,0.20072673523332973
14995.0,39,2,2332.3,3,2,1,6,0,1166.15,2,699.69,0.000378240681503377
18270.0,39,3,4445.5,3,2,2,7,0,1481.8333333333333,3,1333.6499999999999,0.0007253390869892795
17719.0,38,15,53960.4,3,4,4,11,0,3597.36,15,16188.119999999999,0.008858285726111895
15830.0,38,1,5760.0,3,1,2,6,0,5760.0,1,1728.0,0.0009412490122264642
18164.0,38,1,3996.5,3,1,2,6,0,3996.5,1,1198.95,0.0006515897097116105
14528.0,38,1,3642.2,3,2,2,7,0,3642.2,1,1092.6599999999999,0.0005933950451916145
18105.0,38,1,1134.8,3,2,1,6,0,1134.8,1,340.44,0.00018154830001115274
17800.0,38,9,11990.1,3,4,3,10,0,1332.2333333333333,9,3597.03,0.0019645585787690166
12779.0,38,14,67222.7,3,4,4,11,0,4801.621428571429,14,20166.809999999998,0.011036651797981896
15275.0,38,1,6151.4,3,1,2,6,0,6151.4,1,1845.4199999999998,0.0010055374448912295
16014.0,38,5,11302.7,3,3,3,9,0,2260.54,5,3390.81,0.0018516514029546071
16747.0,38,2,8360.6,3,2,2,7,0,4180.3,2,2508.18,0.0013684040913986382
15065.0,38,5,33268.6,3,3,4,10,0,6653.719999999999,5,9980.58,0.005459605626436902
12830.0,38,6,68146.4,3,3,4,10,0,11357.733333333332,6,20443.92,0.0111883718420607
16367.0,38,3,13624.0,3,3,3,9,0,4541.333333333333,3,4087.2,0.0022329307559048367
13477.0,38,11,28341.7,3,4,4,11,0,2576.518181818182,11,8502.51,0.004650349931761295
16884.0,38,4,10739.2,3,3,3,9,0,2684.8,4,3221.76,0.0017590951132085795
12594.0,38,15,50901.1,3,4,4,11,0,3393.4066666666668,15,15270.329999999998,0.008355788020308837
16706.0,38,3,5313.5,3,2,2,7,0,1771.1666666666667,3,1594.05,0.0008679102662253969
15576.0,38,1,9406.7,3,2,3,8,0,9406.7,1,2822.01,0.0015402286427798624
17965.0,38,29,72409.8,3,4,4,11,0,2496.8896551724138,29,21722.94,0.011888645995926211
16308.0,38,7,51200.0,3,4,4,11,0,7314.285714285715,7,15360.0,0.00840488309573934
18104.0,38,1,7546.4,3,1,2,6,0,7546.4,1,2263.9199999999996,0.0012346696972349897
17947.0,38,1,1766.8,3,1,1,5,0,1766.8,1,530.04,0.0002853558867360677
17999.0,38,3,7309.0,3,2,2,7,0,2436.3333333333335,3,2192.7,0.0011956761512088904
13904.0,38,2,3326.4,3,2,1,6,0,1663.2,2,997.92,0.0005415241023312852
17966.0,38,10,19744.2,3,4,3,10,0,1974.42,10,5923.26,0.0032381889715279773
13271.0,38,1,2173.8,3,1,1,5,0,2173.8,1,652.14,0.00035220665856682784
14974.0,38,1,1143.9,3,1,1,5,0,1143.9,1,343.17,0.00018304299785798302
16043.0,38,8,18565.9,3,4,3,10,0,2320.7375,8,5569.77,0.0030446502382400543
13316.0,38,10,131915.7,3,4,4,11,0,13191.570000000002,10,39574.71,0.021662639468859945
16602.0,37,2,7633.3,3,2,2,7,0,3816.65,2,2289.99,0.0012489432404096655
14636.0,37,2,6098.5,3,2,2,7,0,3049.25,2,1829.55,0.0009968484870783371
15651.0,37,5,12590.6,3,3,3,9,0,2518.12,5,3777.1799999999994,0.002063192211408749
16409.0,37,12,57090.4,3,4,4,11,0,4757.533333333334,12,17127.120000000003,0.009372396084417253
16914.0,37,1,2084.6,3,1,1,5,0,2084.6,1,625.38,0.00033755533461767847
16221.0,37,9,22355.1,3,4,3,10,0,2483.8999999999996,9,6706.53,0.00366703585155975
17403.0,37,2,4005.7,3,2,2,7,0,2002.85,2,1201.7099999999998,0.0006531008328095047
14815.0,37,2,7785.0,3,2,2,7,0,3892.5,2,2335.5,0.001273860346273858
13324.0,37,18,105134.7,3,4,4,11,0,5840.816666666667,18,31540.409999999996,0.01726379298139167
15998.0,37,16,83083.4,3,4,4,11,0,5192.7125,16,24925.019999999997,0.01364181159350066
17078.0,37,2,3782.0,3,2,2,7,0,1891.0,2,1134.6,0.0006163575461791828
17076.0,37,6,12427.5,3,3,3,9,0,2071.25,6,3728.25,0.0020364026269232534
15809.0,37,7,12744.4,3,4,3,10,0,1820.6285714285714,7,3823.3199999999997,0.0020884542475452872
18205.0,37,2,5173.6,3,2,2,7,0,2586.8,2,1552.0800000000002,0.0008449313399867647
15551.0,37,7,17100.8,3,4,3,10,0,2442.9714285714285,7,5130.24,0.0028040038849003815
15612.0,37,2,1951.5,3,2,1,6,0,975.75,2,585.4499999999999,0.00031569332545140283
15605.0,37,9,19368.0,3,4,3,10,0,2152.0,9,5810.4,0.00317639717702495
16841.0,37,12,40060.6,3,4,4,11,0,3338.383333333333,12,12018.179999999998,0.006575208678708456
12808.0,37,5,9061.0,3,3,3,9,0,1812.2,5,2718.2999999999997,0.001483446549851376
17351.0,37,12,19882.3,3,4,3,10,0,1656.8583333333333,12,5964.69,0.0032608722432474558
14098.0,37,1,1473.5,3,1,1,5,0,1473.5,1,442.05,0.00023718062536515387
13728.0,37,16,28551.7,3,4,4,11,0,1784.48125,16,8565.51,0.004684842958995839
13721.0,37,2,7415.4,3,2,2,7,0,3707.7,2,2224.62,0.0012131526183410597
17634.0,37,9,23619.7,3,4,4,11,0,2624.411111111111,9,7085.91,0.0038747495765159646
16337.0,37,1,1510.5,3,1,1,5,0,1510.5,1,453.15,0.00024325796825885933
12352.0,37,10,28498.4,3,4,4,11,0,2849.84,10,8549.52,0.004676088300178691
13636.0,37,5,9491.2,3,3,3,9,0,1898.2400000000002,5,2847.36,0.0015541079799290005
12544.0,37,1,3727.0,3,2,2,7,0,3727.0,1,1118.1,0.0006073236580939449
13168.0,37,5,18753.1,3,3,3,9,0,3750.62,5,5625.929999999999,0.0030753983082319907
15252.0,37,5,21034.1,3,3,3,9,0,4206.82,5,6310.23,0.003450058285003401
17816.0,37,6,1123.2,3,3,1,7,0,187.20000000000002,6,336.96,0.00017964297088772076
15227.0,37,9,24884.9,3,4,4,11,0,2764.988888888889,9,7465.47,0.004082561852978564
14856.0,37,3,13113.8,3,3,3,9,0,4371.266666666666,3,3934.1399999999994,0.0021491291249759576
17653.0,37,4,12075.6,3,3,3,9,0,3018.9,4,3622.68,0.001978602168428795
17442.0,37,15,46203.0,3,4,4,11,0,3080.2,15,13860.9,0.00758411330006782
18081.0,37,3,3434.5,3,2,1,6,0,1144.8333333333333,3,1030.35,0.0005592797987315436
17703.0,36,4,10948.4,3,3,3,9,0,2737.1,4,3284.52,0.0017934567384346113
17930.0,36,13,42752.2,3,4,4,11,0,3288.630769230769,13,12825.659999999998,0.007017310736348932
16012.0,36,5,29897.9,3,3,4,10,0,5979.58,5,8969.37,0.004905959688820334
14971.0,36,3,11165.7,3,2,3,8,0,3721.9,3,3349.71,0.001829148808996833
17084.0,36,3,52029.7,3,2,4,9,0,17343.233333333334,3,15608.909999999998,0.008541163403817918
15722.0,36,11,52581.0,3,4,4,11,0,4780.090909090909,11,15774.3,0.00863171581293413
13592.0,36,4,2479.6,3,3,1,7,0,619.9,4,743.88,0.00040243507632075037
18022.0,36,5,16517.9,3,3,3,9,0,3303.5800000000004,5,4955.37,0.0027082610964479243
14150.0,36,2,6586.4,3,2,2,7,0,3293.2,2,1975.9199999999998,0.001076987287019929
17203.0,36,10,55758.8,3,4,4,11,0,5575.88,10,16727.64,0.00915367744124811
16318.0,36,1,3281.5,3,1,1,5,0,3281.5,1,984.4499999999999,0.0005341491646035182
13651.0,36,3,2268.5,3,3,1,7,0,756.1666666666666,3,680.55,0.000367761371324501
17233.0,36,3,5608.6,3,2,2,7,0,1869.5333333333335,3,1682.5800000000002,0.0009163811821154642
12576.0,36,8,21427.2,3,4,3,10,0,2678.4,8,6428.16,0.0035146259469362555
12397.0,36,2,24099.0,3,2,4,9,0,12049.5,2,7229.7,0.003953475804866046
17979.0,36,4,7577.1,3,3,2,8,0,1894.275,4,2273.13,0.001239712249311659
14592.0,36,3,5704.6,3,2,2,7,0,1901.5333333333335,3,1711.38,0.0009321494231369702
16887.0,36,3,6607.2,3,3,2,8,0,2202.4,3,1982.16,0.0010804037392412554
15707.0,36,4,9455.8,3,3,3,9,0,2363.95,4,2836.74,0.00154829344105232
16555.0,36,6,19156.8,3,3,3,9,0,3192.7999999999997,6,5747.04,0.003141707046777637
18035.0,36,5,12767.4,3,3,3,9,0,2553.48,5,3830.22,0.0020922320552900233
15010.0,36,1,3089.4,3,1,1,5,0,3089.4,1,926.8199999999999,0.000502596257309442
12431.0,36,27,108579.7,3,4,4,11,0,4021.4703703703703,27,32573.909999999996,0.01782964288054884
12577.0,36,8,16537.5,3,4,3,10,0,2067.1875,8,4961.25,0.002711480445656482
12944.0,36,2,6045.1,3,2,2,7,0,3022.55,2,1813.53,0.0009880774030101244
13938.0,36,1,716.6,3,1,1,5,0,716.6,1,214.98,0.00011285790006121692
17193.0,36,9,23100.4,3,4,4,11,0,2566.711111111111,9,6930.12,0.003789453247740255
15597.0,36,2,5633.7,3,2,2,7,0,2816.85,2,1690.11,0.0009205039201325453
14913.0,36,8,40731.3,3,4,4,11,0,5091.4125,8,12219.390000000001,0.006685372837595167
17274.0,36,2,5773.8,3,2,2,7,0,2886.9,2,1732.14,0.0009435156968733058
12928.0,36,12,43048.9,3,4,4,11,0,3587.4083333333333,12,12914.67,0.007066044456256026
17107.0,34,10,160754.2,3,4,4,11,0,16075.420000000002,10,48226.26,0.026399435496971435
16771.0,34,10,39676.0,3,4,4,11,0,3967.6,10,11902.8,0.006512037163116048
15427.0,34,3,14831.4,3,3,3,9,0,4943.8,3,4449.42,0.002431249237252404
13527.0,34,12,46837.4,3,4,4,11,0,3903.116666666667,12,14051.22,0.007688315092818272
15017.0,34,1,1255.8,3,1,1,5,0,1255.8,1,376.73999999999995,0.000201422853798676
17608.0,34,4,4985.3,3,3,2,8,0,1246.325,4,1495.59,0.000814002592233123
15407.0,34,4,10564.4,3,3,3,9,0,2641.1,4,3169.3199999999997,0.0017303837743485868
13759.0,34,2,6594.1,3,2,2,7,0,3297.05,2,1978.23,0.0010782520313518623
14404.0,34,13,28991.1,3,4,4,11,0,2230.084615384615,13,8697.329999999998,0.004757015512171356
14517.0,34,2,3304.5,3,2,1,6,0,1652.25,2,991.3499999999999,0.0005379269723482541
15696.0,34,13,39065.7,3,4,4,11,0,3005.053846153846,13,11719.71,0.006411793855872035
12838.0,34,10,33984.8,3,4,4,11,0,3398.4800000000005,10,10195.44,0.005577243274557763
13634.0,34,16,50734.7,3,4,4,11,0,3170.91875,16,15220.409999999998,0.008328456402538226
14936.0,34,12,124108.1,3,4,4,11,0,10342.341666666667,12,37232.43,0.020380221566781705
16488.0,34,3,4988.0,3,2,2,7,0,1662.6666666666667,3,1496.3999999999999,0.0008144460740118528
15839.0,34,3,10484.9,3,2,3,8,0,3494.9666666666667,3,3145.47,0.0017173256997526523
14174.0,34,1,1344.6,3,1,1,5,0,1344.6,1,403.37999999999994,0.0002160084767435691
16445.0,34,4,6027.3,3,3,2,8,0,1506.825,4,1808.19,0.0009851537083207203
13365.0,34,2,22253.7,3,2,3,8,0,11126.85,2,6676.11,0.003650380646980784
14039.0,34,2,2672.8,3,2,1,6,0,1336.4,2,801.84,0.00043416866137653136
17831.0,34,1,354.0,3,1,1,5,0,354.0,1,106.2,5.3299939702903353e-05
15025.0,34,2,10130.9,3,2,3,8,0,5065.45,2,3039.27,0.0016591803109858487
15513.0,34,35,277505.5,3,4,4,11,0,7928.728571428572,35,83251.65,0.045576129642535615
16357.0,34,4,8683.7,3,3,2,8,0,2170.925,4,2605.11,0.0014214740775866446
16676.0,34,6,23619.0,3,3,4,10,0,3936.5,6,7085.7,0.003874634599758516
12638.0,34,2,9214.9,3,2,3,8,0,4607.45,2,2764.47,0.001508725011238978
15952.0,34,4,8065.7,3,3,2,8,0,2016.425,4,2419.71,0.0013199660260106993
16466.0,34,15,38385.9,3,4,4,11,0,2559.06,15,11515.77,0.0063001349991384965
13155.0,34,6,17501.8,3,3,3,9,0,2916.9666666666667,6,5250.54,0.002869869141667298
18170.0,34,9,28780.0,3,4,4,11,0,3197.777777777778,9,8634.0,0.0047223418071751086
16372.0,34,5,13286.1,3,3,3,9,0,2657.2200000000003,5,3985.8300000000004,0.0021774298325593485
17082.0,34,6,47320.3,3,3,4,10,0,7886.716666666667,6,14196.09,0.007767632630206661
13532.0,34,1,2103.1,3,1,1,5,0,2103.1,1,630.93,0.0003405940060645312
15526.0,34,2,1484.4,3,2,1,6,0,742.2,2,445.32,0.00023897097773113737
13772.0,34,8,31142.2,3,4,4,11,0,3892.775,8,9342.66,0.005110339087810542
12645.0,34,8,35393.0,3,4,4,11,0,4424.125,8,10617.9,0.00580854366004198
16243.0,34,2,4091.0,3,2,2,7,0,2045.5,2,1227.3,0.0006671115719671555
13523.0,34,6,51015.2,3,3,4,10,0,8502.533333333333,6,15304.559999999998,0.00837452923177294
12357.0,34,3,182876.6,3,2,4,9,0,60958.86666666667,3,54862.98,0.030033095238368997
15522.0,33,2,3988.4,3,2,2,7,0,1994.2,2,1196.52,0.0006502592643754209
16637.0,33,4,11544.7,3,3,3,9,0,2886.175,4,3463.4100000000003,0.001891400510529654
14387.0,33,3,17705.6,3,3,3,9,0,5901.866666666666,3,5311.679999999999,0.0029033438033358697
15618.0,33,4,7768.5,3,3,2,8,0,1942.125,4,2330.5499999999997,0.0012711501798482866
15870.0,33,4,8626.1,3,3,2,8,0,2156.525,4,2587.83,0.001412013132973741
18150.0,33,3,5665.8,3,2,2,7,0,1888.6000000000001,3,1699.74,0.0009257764257241115
14080.0,33,5,11156.8,3,3,3,9,0,2231.3599999999997,5,3347.0399999999995,0.0018276869616521306
17158.0,33,5,19800.0,3,3,3,9,0,3960.0,5,5940.0,0.0032473542616217274
14929.0,33,2,8366.9,3,2,2,7,0,4183.45,2,2510.0699999999997,0.0013694388822156744
14700.0,33,5,31162.6,3,3,4,10,0,6232.5199999999995,5,9348.779999999999,0.0051136898390276115
15330.0,33,2,7149.6,3,2,2,7,0,3574.8,2,2144.88,0.0011694943010127647
16362.0,33,6,9469.4,3,3,3,9,0,1578.2333333333333,6,2840.8199999999997,0.0015505272751970332
16053.0,33,6,36348.4,3,3,4,10,0,6058.066666666667,6,10904.52,0.0059654705087080935
12832.0,33,2,3830.3,3,2,2,7,0,1915.15,2,1149.09,0.000624290942443128
18016.0,33,7,19604.6,3,3,3,9,0,2800.657142857143,7,5881.379999999999,0.0032152593210425366
17623.0,33,7,23836.7,3,4,4,11,0,3405.2428571428572,7,7151.01,0.003910392371324994
17164.0,33,7,24673.5,3,4,4,11,0,3524.785714285714,7,7402.049999999999,0.004047838872229121
12408.0,33,8,43407.7,3,4,4,11,0,5425.9625,8,13022.31,0.007124978257073904
13717.0,33,8,17633.0,3,4,3,10,0,2204.125,8,5289.9,0.002891419071063356
16348.0,33,8,17982.2,3,4,3,10,0,2247.775,8,5394.66,0.0029487760477790842
17043.0,33,8,26165.5,3,4,4,11,0,3270.6875,8,7849.65,0.004292903618105029
16612.0,33,9,32454.3,3,4,4,11,0,3606.0333333333333,9,9736.289999999999,0.005325854807022188
15493.0,33,9,43149.8,3,4,4,11,0,4794.422222222222,9,12944.94,0.007082617534579671
14623.0,33,10,20595.8,3,4,3,10,0,2059.58,10,6178.74,0.003378066409589587
18036.0,33,11,15636.4,3,4,3,10,0,1421.490909090909,11,4690.92,0.0025634725083181578
14073.0,33,1,1510.4,3,1,1,5,0,1510.4,1,453.12,0.00024324154300779527
12484.0,33,12,63701.5,3,4,4,11,0,5308.458333333333,12,19110.45,0.010458285857513905
13824.0,33,12,33147.6,3,4,4,11,0,2762.2999999999997,12,9944.279999999999,0.0054397310726493776
15785.0,33,16,59699.3,3,4,4,11,0,3731.20625,16,17909.79,0.009800914459427743
12472.0,33,19,178805.9,3,4,4,11,0,9410.836842105264,19,53641.770000000004,0.02936447254330395
17761.0,33,1,7127.8,3,1,2,6,0,7127.8,1,2138.34,0.0011659135962807977
13097.0,33,28,133892.2,3,4,4,11,0,4781.864285714286,28,40167.66,0.021987284556141268
15719.0,33,31,102230.6,3,4,4,11,0,3297.761290322581,31,30669.18,0.01678678726524005
17430.0,33,4,7351.7,3,3,2,8,0,1837.925,4,2205.5099999999998,0.0012026897334132477
17289.0,32,9,20793.9,3,4,3,10,0,2310.4333333333334,9,6238.17,0.0034106048319475077
17313.0,32,1,23288.4,3,1,4,8,0,23288.4,1,6986.52,0.0038203327197407046
17219.0,32,2,2591.3,3,2,1,6,0,1295.65,2,777.39,0.0004207820817593152
17022.0,32,2,2600.0,3,2,1,6,0,1300.0,2,780.0,0.00042221107860188924
15249.0,32,18,92660.0,3,4,4,11,0,5147.777777777777,18,27798.0,0.015214792186902276
13329.0,32,8,51129.7,3,4,4,11,0,6391.2125,8,15338.909999999998,0.008393336144241299
13381.0,32,12,82243.7,3,4,4,11,0,6853.641666666666,12,24673.109999999997,0.013503888760315674
12849.0,32,6,30905.6,3,3,4,10,0,5150.933333333333,6,9271.679999999998,0.0050714769437929545
15573.0,32,5,12071.8,3,3,3,9,0,2414.3599999999997,5,3621.5399999999995,0.00197797800888836
17160.0,32,17,102091.6,3,4,4,11,0,6005.388235294118,17,30627.48,0.01676395616626099
14676.0,32,12,83567.9,3,4,4,11,0,6963.991666666666,12,25070.37,0.013721391934906074
13047.0,32,24,87951.6,3,4,4,11,0,3664.65,24,26385.48,0.01444142566580166
16618.0,32,5,26475.9,3,3,4,10,0,5295.18,5,7942.77,0.004343887597407899
17633.0,32,7,20573.9,3,4,3,10,0,2939.128571428572,7,6172.17,0.0033744692796065564
14524.0,32,13,29337.1,3,4,4,11,0,2256.7,13,8801.13,0.004813846880853036
13867.0,32,3,10152.9,3,2,3,8,0,3384.2999999999997,3,3045.87,0.0016627938662199437
18177.0,32,9,22168.7,3,4,3,10,0,2463.188888888889,9,6650.61,0.0036364191835763257
12990.0,32,7,9555.0,3,4,3,10,0,1365.0,7,2866.5,0.0015645872901078762
13272.0,32,2,2765.6,3,2,1,6,0,1382.8,2,829.68,0.00044941129436398716
13643.0,32,10,21567.7,3,4,3,10,0,2156.77,10,6470.31,0.0035377034246812725
17886.0,32,6,16083.8,3,3,3,9,0,2680.633333333333,6,4825.139999999999,0.0026369590815788014
16639.0,32,4,17479.8,3,3,3,9,0,4369.95,4,5243.94,0.002866255586433202
15043.0,32,6,28738.0,3,3,4,10,0,4789.666666666667,6,8621.4,0.004715443201728199
15356.0,32,13,34649.5,3,4,4,11,0,2665.346153846154,13,10394.85,0.005686421918380628
18216.0,32,1,4817.5,3,1,2,6,0,4817.5,1,1445.25,0.0007864410209476155
15103.0,32,2,7033.6,3,2,2,7,0,3516.8,2,2110.08,0.0011504410097784449
13110.0,32,12,29574.7,3,4,4,11,0,2464.5583333333334,12,8872.41,0.0048528732773812635
17637.0,32,2,5470.6,3,2,2,7,0,2735.3,2,1641.18,0.0008937143356470491
15763.0,32,2,10869.2,3,2,3,8,0,5434.6,2,3260.76,0.001780447939591869
13695.0,32,16,27707.3,3,4,4,11,0,1731.70625,16,8312.189999999999,0.004546148139010841
16837.0,32,11,31709.8,3,4,4,11,0,2882.7090909090907,11,9512.939999999999,0.0052035688128501964
15153.0,32,1,3292.5,3,1,1,5,0,3292.5,1,987.75,0.0005359559422205659
13975.0,32,12,53588.4,3,4,4,11,0,4465.7,12,16076.519999999997,0.008797183792153558
14050.0,32,2,7463.6,3,2,2,7,0,3731.8,2,2239.08,0.0012210695893539408
15950.0,32,10,71807.1,3,4,4,11,0,7180.710000000001,10,21542.13,0.011789651007763068
12721.0,32,8,40130.8,3,4,4,11,0,5016.35,8,12039.24,0.006586739204955433
17964.0,32,2,7334.6,3,2,2,7,0,3667.3,2,2200.38,0.0011998810154812921
16863.0,32,3,9985.2,3,2,3,8,0,3328.4,3,2995.56,0.0016352487201855004
15406.0,32,4,9758.7,3,3,3,9,0,2439.675,4,2927.61,0.0015980455265253845
16284.0,32,3,10297.7,3,2,3,8,0,3432.566666666667,3,3089.31,0.0016865776297607154
13710.0,32,3,5095.2,3,2,2,7,0,1698.3999999999999,3,1528.56,0.0008320539431525346
15957.0,32,3,9301.0,3,2,3,8,0,3100.3333333333335,3,2790.2999999999997,0.0015228671524051413
14360.0,32,4,21282.3,3,3,3,9,0,5320.575,4,6384.69,0.0034908257581444196
16505.0,32,1,7776.0,3,1,2,6,0,7776.0,1,2332.7999999999997,0.0012723820736780917
17515.0,32,9,16174.6,3,4,3,10,0,1797.177777777778,9,4852.38,0.0026518732095449763
16187.0,32,15,69114.4,3,4,4,11,0,4607.626666666666,15,20734.319999999996,0.011347368272360884
16732.0,32,4,43876.4,3,3,4,10,0,10969.1,4,13162.92,0.0072019634088111946
14240.0,31,3,12474.9,3,3,3,9,0,4158.3,3,3742.4700000000003,0.002044188195927622
17038.0,31,2,7431.7,3,2,2,7,0,3715.85,2,2229.5099999999998,0.0012158299342645027
17867.0,31,15,16212.8,3,4,3,10,0,1080.8533333333332,15,4863.839999999999,0.00265814765545145
14214.0,31,5,10043.8,3,3,3,9,0,2008.7599999999998,5,3013.14,0.0016448739173090447
16751.0,31,1,17647.2,3,1,3,7,0,17647.2,1,5294.16,0.0028937514567144535
17011.0,31,3,6717.0,3,3,2,8,0,2239.0,3,2015.1,0.0010984386649096028
15450.0,31,1,4298.4,3,1,2,6,0,4298.4,1,1289.5199999999998,0.0007011775426740342
13804.0,31,9,32085.2,3,4,4,11,0,3565.0222222222224,9,9625.56,0.005265229205344711
13522.0,31,1,1258.0,3,1,1,5,0,1258.0,1,377.4,0.00020178420932208553
14284.0,31,3,12996.5,3,3,3,9,0,4332.166666666667,3,3898.95,0.002129862305477805
16880.0,31,8,18408.6,3,4,3,10,0,2301.075,8,5522.579999999999,0.0030188133183162735
16041.0,31,3,31664.0,3,2,4,9,0,10554.666666666666,3,9499.199999999999,0.005196046047862853
13992.0,31,3,2195.0,3,3,1,7,0,731.6666666666666,3,658.5,0.0003556888117924105
17865.0,31,46,263743.9,3,4,4,11,0,5733.5630434782615,46,79123.17,0.04331575229210272
15027.0,31,10,31956.0,3,4,4,11,0,3195.6,10,9586.8,0.005244007780969934
14921.0,31,2,13160.7,3,2,3,8,0,6580.35,2,3948.21,0.002156832567725006
14188.0,31,6,20543.6,3,3,3,9,0,3423.933333333333,6,6163.079999999999,0.0033694924285341426
15114.0,31,12,34001.2,3,4,4,11,0,2833.433333333333,12,10200.359999999999,0.005579937015732269
16996.0,31,9,21236.1,3,4,3,10,0,2359.5666666666666,9,6370.829999999999,0.0034832372921528194
13046.0,31,3,9492.5,3,2,3,8,0,3164.1666666666665,3,2847.75,0.0015543215081928333
16516.0,31,1,1017.0,3,1,1,5,0,1017.0,1,305.09999999999997,0.00016219935425767964
17702.0,31,6,31440.4,3,3,4,10,0,5240.066666666667,6,9432.12,0.005159319186483596
14108.0,31,4,10449.6,3,3,3,9,0,2612.4,4,3134.88,0.001711527586127036
16953.0,31,1,208.0,3,1,1,5,0,208.0,1,62.4,2.9319073149362857e-05
13209.0,31,13,85095.1,3,4,4,11,0,6545.776923076924,13,25528.530000000002,0.013972238369156535
15986.0,31,2,3544.2,3,2,2,7,0,1772.1,2,1063.26,0.0005772982991488272
13623.0,31,10,25664.9,3,4,4,11,0,2566.4900000000002,10,7699.47,0.0042106788112783
15485.0,31,7,57715.1,3,4,4,11,0,8245.014285714286,7,17314.53,0.009475004627814488
12532.0,31,1,3498.3,3,2,2,7,0,3498.3,1,1049.49,0.0005697591089104196
13029.0,31,5,19273.0,3,3,3,9,0,3854.6,5,5781.9,0.0031607931885140844
16205.0,31,7,18306.1,3,4,3,10,0,2615.157142857143,7,5491.829999999999,0.0030019774359756027
17690.0,31,20,74481.0,3,4,4,11,0,3724.05,20,22344.3,0.012228845795965204
12893.0,31,1,1881.4,3,1,1,5,0,1881.4,1,564.42,0.0003041792244554906
14691.0,31,5,21143.3,3,3,3,9,0,4228.66,5,6342.99,0.003467994659165364
16767.0,31,15,80738.0,3,4,4,11,0,5382.533333333334,15,24221.399999999998,0.01325657375504399
13384.0,31,11,66808.3,3,4,4,11,0,6073.481818181818,11,20042.49,0.010968585557572396
14968.0,31,2,5049.9,3,2,2,7,0,2524.95,2,1514.9699999999998,0.0008246133044205115
18274.0,31,1,1759.2,3,1,1,5,0,1759.2,1,527.76,0.00028410756765519853
12949.0,31,22,155267.0,3,4,4,11,0,7057.590909090909,22,46580.1,0.025498149120583846
17537.0,30,2,8976.2,3,2,2,7,0,4488.1,2,2692.86,0.001469517936949046
15238.0,30,3,10719.9,3,2,3,8,0,3573.2999999999997,3,3215.97,0.001755925039753214
17901.0,30,3,2600.8,3,3,1,7,0,866.9333333333334,3,780.24,0.00042234248061040177
13606.0,30,3,2805.4,3,3,1,7,0,935.1333333333333,3,841.62,0.0004559485442874866
12708.0,30,18,53141.0,3,4,4,11,0,2952.277777777778,18,15942.3,0.008723697218892915
17932.0,30,3,13315.7,3,3,3,9,0,4438.566666666667,3,3994.71,0.002182291706874313
17109.0,30,8,12954.6,3,4,3,10,0,1619.325,8,3886.38,0.00212298012528196
13817.0,30,2,3829.8,3,2,2,7,0,1914.9,2,1148.94,0.0006242088161878078
15184.0,30,4,6899.5,3,3,2,8,0,1724.875,4,2069.85,0.0011284147481015285
16907.0,30,9,17079.0,3,4,3,10,0,1897.6666666666667,9,5123.7,0.0028004231801684147
17340.0,30,18,224048.2,3,4,4,11,0,12447.122222222222,18,67214.46,0.03679563390546316
16986.0,30,11,48887.5,3,4,4,11,0,4444.318181818182,11,14666.25,0.008025049164882747
15111.0,30,5,27308.7,3,3,4,10,0,5461.74,5,8192.609999999999,0.004480677088269463
16903.0,30,3,10622.8,3,2,3,8,0,3540.933333333333,3,3186.8399999999997,0.0017399761209700032
12981.0,30,2,3722.2,3,2,2,7,0,1861.1,2,1116.6599999999999,0.0006065352460428696
14863.0,30,1,2667.6,3,1,1,5,0,2667.6,1,800.28,0.0004333145483211997
16025.0,30,1,4396.6,3,1,2,6,0,4396.6,1,1318.98,0.0007173071392189499
17791.0,30,1,1061.0,3,1,1,5,0,1061.0,1,318.3,0.00016942646472586996
15289.0,30,5,15930.9,3,3,3,9,0,3186.18,5,4779.2699999999995,0.0026118448727018404
12538.0,30,2,6404.5,3,2,2,7,0,3202.25,2,1921.35,0.0010471097553343878
16218.0,30,13,44399.7,3,4,4,11,0,3415.361538461538,13,13319.909999999998,0.007287916747629466
14466.0,30,13,46469.0,3,4,4,11,0,3574.5384615384614,13,13940.699999999999,0.007627804467898243
17197.0,30,1,10130.1,3,1,3,7,0,10130.1,1,3039.03,0.0016590489089773363
14944.0,30,19,97846.7,3,4,4,11,0,5149.8263157894735,19,29354.01,0.016066720683842333
18135.0,30,10,12496.2,3,4,3,10,0,1249.6200000000001,10,3748.86,0.0020476867744042685
15463.0,30,1,1261.4,3,1,1,5,0,1261.4,1,378.42,0.00020234266785826389
14765.0,30,3,2541.1,3,3,1,7,0,847.0333333333333,3,762.3299999999999,0.0004125366057251526
12844.0,30,4,6486.0,3,3,2,8,0,1621.5,4,1945.8,0.001060496334951604
14064.0,30,15,33324.2,3,4,4,11,0,2221.6133333333332,15,9997.259999999998,0.005468738066028523
16628.0,30,7,23181.0,3,4,4,11,0,3311.5714285714284,7,6954.3,0.0038026920000978947
12599.0,30,13,22967.2,3,4,3,10,0,1766.7076923076925,13,6890.16,0.003767574813322915
17573.0,30,3,3806.0,3,3,2,8,0,1268.6666666666667,3,1141.8,0.0006202996064345593
12617.0,30,1,3555.3,3,2,2,7,0,3555.3,1,1066.59,0.0005791215020169388
13148.0,30,26,86218.1,3,4,4,11,0,3316.0807692307694,26,25865.43,0.014156693938606028
18125.0,30,4,11429.9,3,3,3,9,0,2857.475,4,3428.97,0.0018725443223081026
16126.0,30,15,146468.0,3,4,4,11,0,9764.533333333333,15,43940.4,0.024052891279456434
18217.0,30,4,9450.4,3,3,3,9,0,2362.6,4,2835.12,0.0015474064774948601
15355.0,30,2,2770.5,3,2,1,6,0,1385.25,2,831.15,0.00045021613166612654
17416.0,30,22,172984.5,3,4,4,11,0,7862.931818181818,22,51895.35,0.028408292977860242
16791.0,30,15,40386.9,3,4,4,11,0,2692.46,15,12116.07,0.006628804272930513
14712.0,30,4,13280.7,3,3,3,9,0,3320.175,4,3984.21,0.0021765428690018887
17059.0,30,9,56025.3,3,4,4,11,0,6225.033333333334,9,16807.59,0.009197450735333854
14829.0,30,7,16928.4,3,4,3,10,0,2418.342857142857,7,5078.52,0.002775686752065927
16003.0,30,10,56138.3,3,4,4,11,0,5613.83,10,16841.49,0.009216011269036253
12473.0,30,5,39385.5,3,3,4,10,0,7877.1,5,11815.65,0.0064643218087749275
13983.0,30,21,71084.5,3,4,4,11,0,3384.9761904761904,21,21325.35,0.011670962143574106
17977.0,30,2,15656.3,3,2,3,8,0,7828.15,2,4696.889999999999,0.002566741133279907
16434.0,30,12,27417.4,3,4,4,11,0,2284.7833333333333,12,8225.22,0.004498531336176106
18236.0,30,12,17953.5,3,4,3,10,0,1496.125,12,5386.05,0.0029440620007236966
13460.0,30,2,1834.4,3,2,1,6,0,917.2,2,550.32,0.0002964593564553783
17521.0,30,5,12780.6,3,3,3,9,0,2556.12,5,3834.1799999999994,0.00209440018843048
14748.0,30,10,31523.2,3,4,4,11,0,3152.32,10,9456.96,0.0051729192943646436
13396.0,30,2,13609.9,3,2,3,8,0,6804.95,2,4082.97,0.002230614795504803
12659.0,30,1,916.8,3,1,1,5,0,916.8,1,275.03999999999996,0.0001457412526914827
16743.0,30,14,42532.6,3,4,4,11,0,3038.042857142857,14,12759.779999999999,0.006981240885012238
12541.0,30,3,9811.8,3,2,3,8,0,3270.6,3,2943.5399999999995,0.0016067673348404048
15452.0,30,6,17991.1,3,3,3,9,0,2998.5166666666664,6,5397.329999999999,0.002950237895123786
12726.0,29,11,40146.0,3,4,4,11,0,3649.6363636363635,11,12043.8,0.006589235843117171
13727.0,29,8,10800.5,3,4,3,10,0,1350.0625,8,3240.15,0.0017691637921108535
15692.0,29,1,1910.4,3,1,1,5,0,1910.4,1,573.12,0.0003089425472640706
16332.0,29,11,20104.1,3,4,3,10,0,1827.6454545454544,11,6031.23,0.0032973034501075607
15608.0,29,5,17859.8,3,3,3,9,0,3571.96,5,5357.94,0.0029286715404766637
12384.0,29,2,5852.7,3,2,2,7,0,2926.35,2,1755.81,0.000956475219962856
18209.0,29,1,1391.0,3,1,1,5,0,1391.0,1,417.3,0.0002236297932372971
17088.0,29,4,19910.1,3,3,3,9,0,4977.525,4,5973.03,0.003265438463043267
17162.0,29,10,17154.6,3,4,3,10,0,1715.4599999999998,10,5146.379999999999,0.0028128406699728502
15557.0,29,1,4736.5,3,1,2,6,0,4736.5,1,1420.95,0.0007731365675857199
13810.0,29,3,14990.1,3,3,3,9,0,4996.7,3,4497.03,0.0024573161106910806
17054.0,29,5,13563.3,3,3,3,9,0,2712.66,5,4068.99,0.002222960628508947
14543.0,29,39,149067.7,3,4,4,11,0,3822.2487179487184,39,44720.310000000005,0.024479898531369032
17071.0,29,13,38012.0,3,4,4,11,0,2924.0,13,11403.6,0.0062387209854099426
12685.0,29,6,28630.8,3,3,4,10,0,4771.8,6,8589.24,0.0046978353325875175
13895.0,29,6,40085.2,3,3,4,10,0,6680.866666666666,6,12025.56,0.006579249290470217
17512.0,29,18,54678.2,3,4,4,11,0,3037.6777777777775,18,16403.46,0.008976186178249782
12589.0,29,8,46956.6,3,4,4,11,0,5869.575,8,14086.98,0.007707893992086642
16386.0,29,3,11025.9,3,2,3,8,0,3675.2999999999997,3,3307.77,0.0018061863080092648
14789.0,29,1,1976.4,3,1,1,5,0,1976.4,1,592.92,0.000319783212966356
17052.0,29,1,4137.5,3,1,2,6,0,4137.5,1,1241.25,0.0006747493137119475
12480.0,29,7,54648.5,3,3,4,10,0,7806.928571428572,7,16394.55,0.008971307878683754
18014.0,29,1,1664.2,3,1,1,5,0,1664.2,1,499.26,0.00026850357914433314
12517.0,29,5,25028.4,3,3,4,10,0,5005.68,5,7508.52,0.004106132088255502
16433.0,29,2,3845.2,3,2,2,7,0,1922.6,2,1153.56,0.0006267383048516743
17015.0,29,3,18425.6,3,3,3,9,0,6141.866666666666,3,5527.679999999999,0.0030216056109971653
12600.0,29,21,50439.2,3,4,4,11,0,2401.8666666666663,21,15131.759999999997,0.008279919785643903
16671.0,29,3,16922.7,3,3,3,9,0,5640.900000000001,3,5076.81,0.002774750512755275
12691.0,29,7,11704.0,3,3,3,9,0,1672.0,7,3511.2,0.0019175659354747153
17295.0,29,3,5569.5,3,2,2,7,0,1856.5,3,1670.85,0.0009099589089494131
17191.0,29,15,48360.5,3,4,4,11,0,3224.0333333333333,15,14508.15,0.007938488091775105
13732.0,29,1,4918.6,3,1,2,6,0,4918.6,1,1475.5800000000002,0.0008030469497733892
13091.0,29,3,23218.2,3,3,4,10,0,7739.400000000001,3,6965.46,0.003808802193493728
13310.0,29,5,15412.0,3,3,3,9,0,3082.4,5,4623.599999999999,0.002526614244930387
12697.0,29,3,9575.9,3,2,3,8,0,3191.9666666666667,3,2872.77,0.0015680201675802668
14662.0,29,7,14163.3,3,4,3,10,0,2023.3285714285714,7,4248.99,0.00232151213489336
16460.0,29,3,8147.2,3,3,2,8,0,2715.733333333333,3,2444.1599999999994,0.001333352605627915
16912.0,29,15,44803.1,3,4,4,11,0,2986.8733333333334,15,13440.929999999998,0.00735417621042192
13557.0,29,13,30322.6,3,4,4,11,0,2332.507692307692,13,9096.779999999999,0.0049757177300894335
17069.0,29,14,57942.8,3,4,4,11,0,4138.771428571429,14,17382.840000000004,0.009512404924487376
12712.0,29,21,71936.6,3,4,4,11,0,3425.552380952381,21,21580.98,0.011810921707891038
14226.0,29,6,30025.3,3,3,4,10,0,5004.216666666666,6,9007.589999999998,0.004926885458675956
14035.0,29,9,28567.2,3,4,4,11,0,3174.133333333333,9,8570.159999999998,0.004687388872910769
15492.0,29,2,6594.6,3,2,2,7,0,3297.3,2,1978.38,0.0010783341576071828
16930.0,27,3,3805.5,3,3,2,8,0,1268.5,3,1141.6499999999999,0.000620217480179239
14882.0,27,14,36281.5,3,4,4,11,0,2591.535714285714,14,10884.449999999999,0.005954482015746231
13451.0,27,11,71909.2,3,4,4,11,0,6537.2,11,21572.76,0.011806421189099482
16898.0,27,5,10163.7,3,3,3,9,0,2032.7400000000002,5,3049.11,0.0016645677933348633
17287.0,27,21,41119.6,3,4,4,11,0,1958.0761904761905,21,12335.88,0.006749152087476945
18069.0,27,11,45405.6,3,4,4,11,0,4127.781818181818,11,13621.680000000002,0.007453138348082936
15787.0,27,3,9480.5,3,2,3,8,0,3160.1666666666665,3,2844.15,0.001552350478065145
14661.0,27,1,1079.5,3,1,1,5,0,1079.5,1,323.84999999999997,0.00017246513617272266
13450.0,27,13,41200.4,3,4,4,11,0,3169.2615384615387,13,12360.12,0.006762423690336713
14382.0,27,2,12468.0,3,2,3,8,0,6234.0,2,3740.3999999999996,0.002043054853604201
13700.0,27,13,26134.6,3,4,4,11,0,2010.353846153846,13,7840.379999999999,0.004287828215526231
13178.0,27,21,140591.9,3,4,4,11,0,6694.85238095238,21,42177.57,0.023087727101680684
13379.0,27,3,5725.6,3,2,2,7,0,1908.5333333333335,3,1717.68,0.0009355987258604247
13170.0,27,1,1160.1,3,1,1,5,0,1160.1,1,348.03,0.00018570388853036214
14487.0,27,7,14536.1,3,3,3,9,0,2076.5857142857144,7,4360.83,0.0023827454708602084
17041.0,27,6,16862.8,3,3,3,9,0,2810.4666666666667,6,5058.839999999999,0.0027649117873678975
17838.0,27,13,67229.0,3,4,4,11,0,5171.461538461538,13,20168.7,0.011037686588798933
15599.0,27,3,12500.6,3,3,3,9,0,4166.866666666667,3,3750.18,0.0020484094854510875
16416.0,27,9,29728.8,3,4,4,11,0,3303.2,9,8918.64,0.004878184589270993
14499.0,27,7,21389.7,3,4,3,10,0,3055.671428571429,7,6416.91,0.0035084664777872295
13984.0,27,12,20486.0,3,4,3,10,0,1707.1666666666667,12,6145.8,0.0033600314839212398
15411.0,27,4,13588.8,3,3,3,9,0,3397.2,4,4076.6399999999994,0.002227149067530284
12865.0,27,4,33234.7,3,3,4,10,0,8308.675,4,9970.409999999998,0.005454037466326181
16571.0,27,10,42487.4,3,4,4,11,0,4248.74,10,12746.219999999998,0.0069738166715312775
17790.0,27,20,27836.1,3,4,4,11,0,1391.8049999999998,20,8350.83,0.0045673038623813625
14044.0,27,10,31231.0,3,4,4,11,0,3123.1,10,9369.3,0.005124924710755435
14227.0,27,15,63687.1,3,4,4,11,0,4245.806666666666,15,19106.129999999997,0.010455920621360679
12508.0,27,2,3982.7,3,2,2,7,0,1991.35,2,1194.81,0.000649323025064769
15429.0,27,2,3973.5,3,2,2,7,0,1986.75,2,1192.05,0.0006478119019668747
13892.0,27,6,12676.5,3,3,3,9,0,2112.75,6,3802.95,0.0020773015020727845
16560.0,27,8,30483.8,3,4,4,11,0,3810.475,8,9145.14,0.005002195234804713
12867.0,27,13,79132.9,3,4,4,11,0,6087.1461538461535,13,23739.87,0.012992932050214621
13603.0,27,1,1643.4,3,1,1,5,0,1643.4,1,493.02,0.0002650871269230068
16726.0,27,7,20884.1,3,4,3,10,0,2983.442857142857,7,6265.23,0.0034254204084072973
17211.0,27,13,40466.5,3,4,4,11,0,3112.8076923076924,13,12139.949999999999,0.006641878772777512
16720.0,27,3,7954.8,3,3,2,8,0,2651.6,3,2386.4399999999996,0.0013017504225806466
14784.0,27,3,4499.3,3,2,2,7,0,1499.7666666666667,3,1349.79,0.0007341758720617485
15449.0,27,3,9745.2,3,2,3,8,0,3248.4,3,2923.56,0.0015958281176317352
17720.0,27,10,27689.1,3,4,4,11,0,2768.91,10,8306.73,0.0045431587433171815
13146.0,27,1,2289.1,3,1,1,5,0,2289.1,1,686.7299999999999,0.00037114497304369917
17538.0,26,1,984.2,3,1,1,5,0,984.2,1,295.26,0.0001568118719086651
15203.0,26,15,44001.8,3,4,4,11,0,2933.4533333333334,15,13200.54,0.007222560673645538
15660.0,26,15,28129.9,3,4,4,11,0,1875.3266666666668,15,8438.97,0.004615561250007597
14494.0,26,3,4014.6,3,2,2,7,0,1338.2,3,1204.38,0.000654562680154207
12938.0,26,1,1141.4,3,1,1,5,0,1141.4,1,342.42,0.0001826323665813813
14684.0,26,6,14685.5,3,3,3,9,0,2447.5833333333335,6,4405.65,0.002407284795949927
17652.0,26,12,48677.2,3,4,4,11,0,4056.433333333333,12,14603.159999999998,0.00799050686189501
15291.0,26,40,138465.6,3,4,4,11,0,3461.6400000000003,40,41539.68,0.02273847698830539
13577.0,26,11,34892.8,3,4,4,11,0,3172.0727272727277,11,10467.84,0.005726384554219508
18263.0,26,3,12131.6,3,3,3,9,0,4043.866666666667,3,3639.48,0.0019878003090246735
17081.0,26,6,9643.9,3,3,3,9,0,1607.3166666666666,6,2893.1699999999996,0.0015791893383038332
18211.0,26,5,6000.7,3,3,2,8,0,1200.1399999999999,5,1800.2099999999996,0.0009807845915376777
15458.0,26,2,3704.4,3,2,2,7,0,1852.2,2,1111.32,0.0006036115513534654
16207.0,26,1,3943.8,3,1,2,6,0,3943.8,1,1183.14,0.0006429336024008463
16478.0,26,3,3310.0,3,2,1,6,0,1103.3333333333333,3,993.0,0.0005388303611567779
15050.0,26,5,41937.9,3,3,4,10,0,8387.58,5,12581.37,0.006883559916934221
14902.0,26,3,10356.2,3,2,3,8,0,3452.066666666667,3,3106.86,0.0016961864016331958
15125.0,26,24,170248.7,3,4,4,11,0,7093.695833333334,24,51074.61,0.027958930959249447
16504.0,26,1,4843.8,4,1,2,7,0,4843.8,1,1453.14,0.0007907608619774657
13835.0,26,7,10952.7,4,4,3,11,0,1564.6714285714286,7,3285.81,0.0017941630242303663
17044.0,26,12,119623.0,4,4,4,12,0,9968.583333333334,12,35886.9,0.019643532631307154
15365.0,26,13,45571.3,4,4,4,12,0,3505.4846153846156,13,13671.390000000001,0.007480354989096098
12642.0,26,3,10132.6,4,2,3,9,0,3377.5333333333333,3,3039.78,0.001659459540253938
14862.0,26,2,8412.0,4,2,2,8,0,4206.0,2,2523.6,0.0013768466704455694
15168.0,26,1,1065.6,4,1,1,6,0,1065.6,1,319.67999999999995,0.0001701820262748171
16303.0,26,7,79282.7,4,4,4,12,0,11326.1,7,23784.809999999998,0.013017537076308596
15781.0,26,3,3454.6,4,2,1,7,0,1151.5333333333333,3,1036.3799999999999,0.0005625812741954214
17793.0,26,1,3230.4,4,1,1,6,0,3230.4,1,969.12,0.0005257558613097791
18117.0,26,1,3207.2,4,1,1,6,0,3207.2,1,962.1599999999999,0.000521945203062915
12689.0,26,2,12476.1,4,2,3,9,0,6238.05,2,3742.83,0.002044385298940391
15532.0,26,10,37719.0,4,4,4,12,0,3771.9,10,11315.699999999999,0.00619059499979222
18082.0,26,1,7033.7,4,1,2,7,0,7033.7,1,2110.1099999999997,0.0011504574350295086
17235.0,26,8,19048.8,4,4,3,11,0,2381.1,8,5714.639999999999,0.003123967775628442
13549.0,26,8,10058.0,4,4,3,11,0,1257.25,8,3017.4,0.0016472063029601425
12374.0,26,4,29892.2,4,3,4,11,0,7473.05,4,8967.66,0.004905023449509682
17658.0,26,2,5954.2,4,2,2,8,0,2977.1,2,1786.26,0.0009731468497928859
17663.0,26,17,51758.3,4,4,4,12,0,3044.6058823529415,17,15527.49,0.008496585272430036
16519.0,26,4,5562.6,4,3,2,9,0,1390.65,4,1668.78,0.0009088255666259924
14530.0,26,16,61974.0,4,4,4,12,0,3873.375,16,18592.2,0.010174539645382117
12428.0,26,9,79564.6,4,4,4,12,0,8840.511111111111,9,23869.38,0.013063839859058207
15058.0,26,16,34100.3,4,4,4,12,0,2131.26875,16,10230.09,0.005596214439536762
16936.0,26,2,5511.7,4,2,2,8,0,2755.85,2,1653.51,0.0009004651138343813
15681.0,26,14,29897.0,4,4,4,12,0,2135.5,14,8969.1,0.004905811861560757
15863.0,26,5,3587.0,4,3,2,9,0,717.4,5,1076.1,0.0005843283066042486
14680.0,26,58,574127.7,4,4,4,12,0,9898.753448275862,58,172238.30999999997,0.09429707070429998
14953.0,26,4,10137.7,4,3,3,10,0,2534.425,4,3041.31,0.0016602972280582054
13410.0,25,9,22019.6,4,4,3,11,0,2446.6222222222223,9,6605.879999999999,0.003611929134239799
12415.0,25,28,1444583.7,4,4,4,12,1,51592.275,28,433375.11,0.23727165410655096
18043.0,25,3,8759.7,4,2,2,8,0,2919.9,3,2627.9100000000003,0.001433957268395337
17153.0,25,1,2137.8,4,1,1,6,0,2137.8,1,641.34,0.0003462935681837631
15720.0,25,2,7419.2,4,2,2,8,0,3709.6,2,2225.7599999999998,0.0012137767778814942
12933.0,25,8,16870.3,4,4,3,11,0,2108.7875,8,5061.089999999999,0.002766143681197703
17510.0,25,2,5145.6,4,2,2,8,0,2572.8,2,1543.68,0.0008403322696888254
15419.0,25,1,1358.6,4,1,1,6,0,1358.6,1,407.58,0.00021830801189253878
14715.0,25,8,18404.5,4,4,3,11,0,2300.5625,8,5521.349999999999,0.0030181398830226467
18181.0,25,5,12059.4,4,3,3,10,0,2411.88,5,3617.82,0.001975941277756416
16341.0,25,7,38507.9,4,4,4,12,0,5501.128571428571,7,11552.37,0.00632017380543666
13735.0,25,13,98132.2,4,4,4,12,0,7548.630769230769,13,29439.66,0.016113614775630253
17777.0,25,3,6658.6,4,3,2,9,0,2219.5333333333333,3,1997.58,0.0010888463182881867
17564.0,25,3,4540.1,4,2,2,8,0,1513.3666666666668,3,1362.03,0.0007408773744958886
16557.0,25,2,2818.5,4,2,1,7,0,1409.25,2,845.55,0.0004581002521768796
16423.0,25,1,3461.2,4,1,1,6,0,3461.2,1,1038.36,0.0005636653407656499
13236.0,25,2,7448.5,4,2,2,8,0,3724.25,2,2234.5499999999997,0.0012185893764432663
17974.0,25,6,18580.6,4,3,3,10,0,3096.7666666666664,6,5574.179999999999,0.003047064750146472
12883.0,25,4,7034.7,4,3,2,9,0,1758.675,4,2110.41,0.0011506216875401495
13632.0,25,8,36481.5,4,4,4,12,0,4560.1875,8,10944.449999999999,0.005987332517874368
17357.0,25,2,3881.4,4,2,2,8,0,1940.7,2,1164.42,0.0006326842457368673
15758.0,25,1,2052.5,4,1,1,6,0,2052.5,1,615.75,0.0003322828290261124
18259.0,25,7,43182.0,4,4,4,12,0,6168.857142857143,7,12954.6,0.007087906465422301
17540.0,25,6,15906.0,4,3,3,10,0,2651.0,6,4771.8,0.0026077549851868873
13058.0,25,3,2714.0,4,3,1,8,0,904.6666666666666,3,814.1999999999999,0.00044093586481492767
17220.0,25,21,44817.5,4,4,4,12,0,2134.1666666666665,21,13445.25,0.007356541446575147
18123.0,25,3,6845.9,4,2,2,8,0,2281.9666666666667,3,2053.77,0.0011196108135311876
15524.0,25,2,5914.0,4,2,2,8,0,2957.0,2,1774.2,0.0009665438988651303
17314.0,25,17,49044.3,4,4,4,12,0,2884.958823529412,17,14713.29,0.008050803958551208
15582.0,25,3,6829.1,4,2,2,8,0,2276.366666666667,3,2048.73,0.0011168513713524242
13846.0,25,4,13077.9,4,3,3,10,0,3269.475,4,3923.37,0.002143232459843957
13455.0,25,6,29059.3,4,3,4,11,0,4843.216666666666,6,8717.789999999999,0.004768217533397052
14640.0,25,10,36670.6,4,4,4,12,0,3667.06,10,11001.179999999998,0.0060183926676365225
14533.0,25,11,34663.7,4,4,4,12,0,3151.2454545454543,11,10399.109999999999,0.005688754304031725
13066.0,25,2,4708.0,4,2,2,8,0,2354.0,2,1412.3999999999999,0.0007684553710324601
15955.0,25,22,86583.6,4,4,4,12,0,3935.618181818182,22,25975.08,0.0142167282312452
14522.0,25,8,17586.2,4,4,3,11,0,2198.275,8,5275.86,0.0028837320535653717
14544.0,25,3,29824.3,4,2,4,10,0,9941.433333333332,3,8947.289999999999,0.004893870704037178
15679.0,25,4,7812.8,4,3,2,9,0,1953.2,4,2343.84,0.0012784265660696693
13692.0,25,5,31144.0,4,3,4,11,0,6228.8,5,9343.199999999999,0.005110634742329694
12676.0,25,11,28430.9,4,4,4,12,0,2584.627272727273,11,8529.27,0.004665001255710444
15556.0,25,1,2797.7,4,1,1,6,0,2797.7,1,839.31,0.00045468379995555324
12890.0,25,2,7172.7,4,2,2,8,0,3586.35,2,2151.81,0.0011732885340085646
16240.0,25,2,37188.0,4,2,4,10,0,18594.0,2,11156.4,0.0061033769166420155
14666.0,25,1,1952.5,4,1,1,6,0,1952.5,1,585.75,0.0003158575779620436
13614.0,25,6,23591.9,4,3,4,11,0,3931.9833333333336,6,7077.570000000001,0.0038701833567201535
14714.0,25,4,9062.4,4,3,3,10,0,2265.6,4,2718.72,0.001483676503366273
14853.0,25,5,13768.7,4,3,3,10,0,2753.7400000000002,5,4130.61,0.002256698094194544
14725.0,25,4,13152.4,4,3,3,10,0,3288.1,4,3945.72,0.002155469271886688
15981.0,25,21,93627.7,4,4,4,12,0,4458.461904761904,21,28088.309999999998,0.015373739341449269
16469.0,24,5,8289.1,4,3,2,9,0,1657.8200000000002,5,2486.73,0.001356660036887829
17377.0,24,78,183194.1,4,4,4,12,0,2348.642307692308,78,54958.23,0.030085245410497417
12910.0,24,13,57965.2,4,4,4,12,0,4458.861538461539,13,17389.56,0.009516084180725725
13894.0,24,3,5646.2,4,2,2,8,0,1882.0666666666666,3,1693.86,0.0009225570765155538
17680.0,24,3,4974.5,4,2,2,8,0,1658.1666666666667,3,1492.35,0.0008122286651182036
18246.0,24,3,7588.2,4,2,2,8,0,2529.4,3,2276.46,0.0012415354521797706
16008.0,24,15,53841.3,4,4,4,12,0,3589.42,15,16152.39,0.00883872325209459
14426.0,24,17,117279.4,4,4,4,12,0,6898.788235294117,17,35183.82,0.019258590447369637
12731.0,24,17,257757.1,4,4,4,12,0,15162.182352941178,17,77327.13,0.04233240536139905
18167.0,24,3,13848.6,4,3,3,10,0,4616.2,3,4154.579999999999,0.002269821869794735
12640.0,24,3,11745.8,4,2,3,9,0,3915.2666666666664,3,3523.74,0.001924431690419496
12991.0,24,3,7648.2,4,2,2,8,0,2549.4,3,2294.46,0.0012513906028182118
13285.0,24,6,33645.9,4,3,4,11,0,5607.650000000001,6,10093.77,0.005521578098701634
15900.0,24,4,9004.0,4,3,3,10,0,2251.0,4,2701.2,0.001474084156744857
13500.0,24,4,14663.0,4,3,3,10,0,3665.75,4,4398.9,0.0024035891144605116
15967.0,24,12,30416.0,4,4,4,12,0,2534.6666666666665,12,9124.8,0.004991058914583274
14851.0,24,3,8294.1,4,3,2,9,0,2764.7000000000003,3,2488.23,0.0013574812994410325
16916.0,24,4,11234.0,4,3,3,10,0,2808.5,4,3370.2,0.0018403672554735918
16804.0,24,3,5369.9,4,2,2,8,0,1789.9666666666665,3,1610.9699999999998,0.0008771741078255317
18075.0,24,20,57832.9,4,4,4,12,0,2891.645,20,17349.87,0.009494353573567961
17896.0,24,1,2563.2,4,1,1,6,0,2563.2,1,768.9599999999999,0.00041616658621031183
14286.0,24,7,84797.6,4,4,4,12,0,12113.942857142858,7,25439.280000000002,0.01392337324724093
16245.0,24,3,14136.6,4,3,3,10,0,4712.2,3,4240.98,0.002317126592859253
16669.0,24,3,13748.7,4,3,3,10,0,4582.900000000001,3,4124.61,0.0022534130439817303
14948.0,24,6,11019.7,4,3,3,10,0,1836.6166666666668,6,3305.9100000000003,0.0018051679424432926
14057.0,24,22,84088.4,4,4,4,12,0,3822.2,22,25226.519999999997,0.013806885366694551
15432.0,24,2,3207.6,4,2,1,7,0,1603.8,2,962.28,0.0005220109040671714
12626.0,24,9,66204.8,4,4,4,12,0,7356.088888888889,9,19861.44,0.010869459167400739
17596.0,24,13,49206.7,4,4,4,12,0,3785.130769230769,13,14762.009999999998,0.008077478566279255
13629.0,24,19,133708.6,4,4,4,12,0,7037.2947368421055,19,40112.58,0.021957127795187634
15584.0,24,6,12775.0,4,3,3,10,0,2129.1666666666665,6,3832.5,0.0020934803743708924
15805.0,24,30,101892.3,4,4,4,12,0,3396.4100000000003,30,30567.69,0.016731220640890304
16855.0,24,2,3284.0,4,2,1,7,0,1642.0,2,985.1999999999999,0.0005345597958801199
14507.0,24,11,32844.3,4,4,4,12,0,2985.8454545454547,11,9853.29,0.005389913286172058
13926.0,24,1,2238.5,4,1,1,6,0,2238.5,1,671.55,0.00036283379600528037
13816.0,24,2,5716.7,4,2,2,8,0,2858.35,2,1715.01,0.0009341368785157224
16999.0,24,2,4848.2,4,2,2,8,0,2424.1,2,1454.4599999999998,0.0007914835730242845
12500.0,24,19,59552.1,4,4,4,12,0,3134.321052631579,19,17865.629999999997,0.009776736489861432
15269.0,24,3,12253.6,4,3,3,10,0,4084.5333333333333,3,3676.08,0.0020078391153228376
18006.0,24,4,9978.6,4,3,3,10,0,2494.65,4,2993.58,0.0016341646536152717
18059.0,24,3,3064.6,4,2,1,7,0,1021.5333333333333,3,919.38,0.000498522795045553
16085.0,24,12,23435.3,4,4,4,12,0,1952.9416666666666,12,7030.589999999999,0.0038444614135538214
13939.0,24,7,15609.6,4,4,3,11,0,2229.942857142857,7,4682.879999999999,0.0025590705410329867
16809.0,24,9,17274.3,4,4,3,11,0,1919.3666666666666,9,5182.29,0.0028325016954965413
13575.0,24,5,7320.7,4,3,2,9,0,1464.1399999999999,5,2196.2099999999996,0.0011975979055833862
15051.0,24,9,39351.6,4,4,4,12,0,4372.4,9,11805.48,0.0064587536486642085
17198.0,24,3,12138.8,4,3,3,10,0,4046.2666666666664,3,3641.64,0.0019889829271012866
16204.0,24,3,9442.4,4,2,3,9,0,3147.4666666666667,3,2832.72,0.0015460924574097347
17368.0,24,14,28261.4,4,4,4,12,0,2018.6714285714286,14,8478.42,0.0046371604551568475
13449.0,24,1,2918.8,4,1,1,6,0,2918.8,1,875.64,0.00047457477899414064
16717.0,24,14,69862.3,4,4,4,12,0,4990.164285714286,14,20958.69,0.011470212725069057
14898.0,24,14,35078.1,4,4,4,12,0,2505.578571428571,14,10523.429999999998,0.005756820544441227
13447.0,24,3,11291.4,4,2,3,9,0,3763.7999999999997,3,3387.4199999999996,0.0018497953495843673
15110.0,24,6,15058.5,4,3,3,10,0,2509.75,6,4517.55,0.002468550982418904
17549.0,24,2,1488.6,4,2,1,7,0,744.3,2,446.58,0.00023966083827582825
13131.0,24,7,33137.7,4,3,4,11,0,4733.957142857143,7,9941.31,0.0054381049727940355
14626.0,24,11,54109.2,4,4,4,12,0,4919.018181818182,11,16232.759999999998,0.008882726499695228
12993.0,24,8,12596.3,4,4,3,11,0,1574.5375,8,3778.8899999999994,0.002064128450719401
15435.0,23,1,1492.9,4,1,1,6,0,1492.9,1,447.87,0.00024036712407158323
13138.0,23,7,14672.4,4,3,3,10,0,2096.057142857143,7,4401.72,0.0024051330880605344
15267.0,23,5,17173.6,4,3,3,10,0,3434.72,5,5152.079999999999,0.0028159614676750233
13160.0,23,1,918.0,4,1,1,6,0,918.0,1,275.4,0.0001459383557042515
12449.0,23,6,48358.9,4,3,4,11,0,8059.816666666667,6,14507.67,0.00793822528775808
17799.0,23,20,63418.9,4,4,4,12,0,3170.945,20,19025.67,0.010411868098006845
17080.0,23,7,9575.3,4,4,3,11,0,1367.8999999999999,7,2872.5899999999997,0.0015679216160738821
17461.0,23,3,7574.6,4,2,2,8,0,2524.866666666667,3,2272.38,0.0012393016180350573
12647.0,23,36,179243.5,4,4,4,12,0,4978.986111111111,36,53773.049999999996,0.02943634944196031
15489.0,23,8,24196.1,4,4,4,12,0,3024.5125,8,7258.829999999999,0.003969424723649257
16869.0,23,4,8254.2,4,3,2,9,0,2063.55,4,2476.26,0.001350927624266469
15287.0,23,5,8560.3,4,3,2,9,0,1712.06,5,2568.0899999999997,0.0014012053177735835
17985.0,23,1,6349.5,4,1,2,7,0,6349.5,1,1904.85,0.00103807586724915
15081.0,23,12,19657.2,4,4,3,11,0,1638.1000000000001,12,5897.16,0.0032238990031022373
12567.0,23,15,137098.6,4,4,4,12,0,9139.906666666668,15,41129.58,0.022513943806259568
16871.0,23,6,28123.4,4,3,4,11,0,4687.233333333334,6,8437.02,0.004614493608688433
15864.0,23,7,21807.6,4,4,3,11,0,3115.371428571428,7,6542.28,0.003577107601983973
17613.0,23,14,45591.5,4,4,4,12,0,3256.535714285714,14,13677.449999999999,0.0074836728898110385
12477.0,23,9,202763.7,4,4,4,12,0,22529.300000000003,9,60829.11,0.033299601342731425
12610.0,23,5,20995.4,4,3,3,10,0,4199.08,5,6298.62,0.003443701712841606
15124.0,23,4,4508.2,4,3,2,9,0,1127.05,4,1352.4599999999998,0.0007356377194064506
14112.0,23,13,58345.9,4,4,4,12,0,4488.1461538461535,13,17503.769999999997,0.009578615111526634
14034.0,23,3,6518.2,4,3,2,9,0,2172.733333333333,3,1955.4599999999996,0.001065785265794234
12481.0,23,15,123613.9,4,4,4,12,0,8240.926666666666,15,37084.17,0.020299047976023075
12539.0,23,7,112147.5,4,3,4,11,0,16021.07142857143,7,33644.25,0.01841566298801269
17397.0,23,3,12331.8,4,3,3,10,0,4110.599999999999,3,3699.5399999999995,0.0020206836616549393
16070.0,23,2,8521.5,4,2,2,8,0,4260.75,2,2556.45,0.0013948323203607249
12445.0,23,2,4349.8,4,2,2,8,0,2174.9,2,1304.94,0.0007096201217209657
16531.0,23,11,22983.3,4,4,3,11,0,2089.390909090909,11,6894.990000000001,0.003770219278744231
16656.0,23,30,168331.7,4,4,4,12,0,5611.056666666667,30,50499.51,0.02764405889635125
12753.0,23,6,214293.9,4,3,4,11,0,35715.65,6,64288.170000000006,0.03519346564092069
12356.0,23,6,63736.8,4,3,4,11,0,10622.800000000001,6,19121.04,0.010464083971139522
13828.0,23,1,2094.9,4,1,1,6,0,2094.9,1,628.47,0.0003392471354772776
14416.0,23,2,4902.2,4,2,2,8,0,2451.1,2,1470.6599999999999,0.0008003532085988817
15983.0,23,8,39588.2,4,4,4,12,0,4948.525,8,11876.46,0.006497615792681795
14362.0,23,1,1612.0,4,1,1,6,0,1612.0,1,483.59999999999997,0.0002599295980888892
16042.0,23,8,22651.2,4,4,3,11,0,2831.4,8,6795.36,0.0037156710199604576
18221.0,23,6,14249.4,4,3,3,10,0,2374.9,6,4274.820000000001,0.0023356542760595233
13308.0,23,4,16703.7,4,3,3,10,0,4175.925,4,5011.11,0.0027387792129249643
15811.0,23,7,38905.2,4,4,4,12,0,5557.885714285714,7,11671.56,0.006385431327914205
14508.0,23,5,8749.4,4,3,2,9,0,1749.8799999999999,5,2624.8199999999997,0.0014322654675357376
17797.0,23,8,19858.7,4,4,3,11,0,2482.3375,8,5957.61,0.0032569958839963357
13871.0,23,17,78858.5,4,4,4,12,0,4638.735294117647,17,23657.55,0.012947861161294818
16009.0,23,4,9927.1,4,3,3,10,0,2481.775,4,2978.13,0.0016257056493172765
13028.0,23,2,6613.2,4,2,2,8,0,3306.6,2,1983.9599999999998,0.0010813892543050994
15529.0,23,12,51119.5,4,4,4,12,0,4259.958333333333,12,15335.849999999999,0.008391660768632764
17330.0,23,4,4238.0,4,3,2,9,0,1059.5,4,1271.3999999999999,0.0006912566910313367
12406.0,23,5,63903.6,4,3,4,11,0,12780.72,5,19171.079999999998,0.010491481289914388
14234.0,23,4,7754.6,4,3,2,9,0,1938.65,4,2326.38,0.0012688670699503811
12847.0,23,2,16369.0,4,2,3,9,0,8184.5,2,4910.7,0.002683803897613526
17828.0,23,4,18200.9,4,3,3,10,0,4550.225,4,5460.27,0.0029846980718562033
17147.0,23,9,31999.5,4,4,4,12,0,3555.5,9,9599.85,0.0052511527651828045
16298.0,23,7,10857.0,4,4,3,11,0,1551.0,7,3257.1,0.0017784440589620524
12997.0,23,8,21109.1,4,4,3,11,0,2638.6375,8,6332.73,0.0034623772233014524
16638.0,23,15,24305.3,4,4,4,12,0,1620.3533333333332,15,7291.589999999999,0.00398736109781122
14332.0,23,5,19435.1,4,3,3,10,0,3887.0199999999995,5,5830.53,0.00318741852048894
17095.0,23,7,25722.5,4,4,4,12,0,3674.6428571428573,7,7716.75,0.004220139755891204
15657.0,23,1,300.0,4,1,1,6,0,300.0,1,90.0,4.4430304128306184e-05
17716.0,23,24,159569.7,4,4,4,12,0,6648.7375,24,47870.91,0.02620487839811754
16186.0,23,26,90261.1,4,4,4,12,0,3471.5807692307694,26,27078.33,0.01482076683912633
13815.0,23,8,74757.4,4,4,4,12,0,9344.675,8,22427.219999999998,0.01227424518990629
15563.0,23,7,28670.0,4,4,4,12,0,4095.714285714286,7,8601.0,0.0047042740310046325
13313.0,23,12,34453.2,4,4,4,12,0,2871.1,12,10335.96,0.005654179150541861
15506.0,23,6,20400.3,4,3,3,10,0,3400.0499999999997,6,6120.089999999999,0.0033459550437593324
17159.0,22,5,20995.9,4,3,3,10,0,4199.18,5,6298.77,0.0034437838390969267
17888.0,22,25,18204.4,4,4,3,11,0,728.176,25,5461.320000000001,0.0029852729556434456
12618.0,22,1,1773.1,4,1,1,6,0,1773.1,1,531.93,0.00028639067755310404
13960.0,22,2,2302.2,4,2,1,7,0,1151.1,2,690.66,0.0003732966809330922
17961.0,22,100,29955.4,4,4,4,12,0,299.55400000000003,100,8986.62,0.004915404208182174
17779.0,22,3,6585.7,4,3,2,9,0,2195.233333333333,3,1975.7099999999996,0.0010768723102624804
15494.0,22,5,37800.5,4,3,4,11,0,7560.1,5,11340.15,0.006203981579409437
12603.0,22,1,7392.0,4,1,2,7,0,7392.0,1,2217.6,0.0012093091095920674
16134.0,22,5,21453.4,4,3,3,10,0,4290.68,5,6436.02,0.0035189293627150417
18061.0,22,28,64889.7,4,4,4,12,0,2317.4892857142854,28,19466.909999999996,0.010653450690657169
13094.0,22,13,24331.2,4,4,4,12,0,1871.6307692307694,13,7299.36,0.003991615237836814
17621.0,22,6,31751.2,4,3,4,11,0,5291.866666666667,6,9525.36,0.005210368866790722
12498.0,22,3,4037.0,4,3,2,9,0,1345.6666666666667,3,1211.1,0.0006582419363925583
14641.0,22,1,1104.6,4,2,1,7,0,1104.6,1,331.37999999999994,0.00017658787418980393
18034.0,22,3,7937.0,4,3,2,9,0,2645.6666666666665,3,2381.1,0.0012988267278912426
12444.0,22,5,50054.6,4,3,4,11,0,10010.92,5,15016.38,0.008216748270051494
15530.0,22,5,18137.2,4,3,3,10,0,3627.44,5,5441.16,0.002974235186928391
13516.0,22,4,16852.6,4,3,3,10,0,4213.15,4,5055.78,0.002763236411759363
17301.0,22,2,3304.3,4,2,1,7,0,1652.15,2,991.29,0.000537894121846126
17904.0,22,1,1916.7,4,1,1,6,0,1916.7,1,575.01,0.0003099773380811069
16414.0,22,5,5597.1,4,3,2,9,0,1119.42,5,1679.13,0.0009144922782430962
16945.0,22,33,85481.6,4,4,4,12,0,2590.3515151515153,33,25644.48,0.01403572196451916
14342.0,22,6,9184.4,4,3,3,10,0,1530.7333333333333,6,2755.3199999999997,0.001503715309664437
12391.0,22,6,27734.2,4,3,4,11,0,4622.366666666667,6,8320.26,0.004550566531547077
15088.0,22,2,11600.7,4,2,3,9,0,5800.35,2,3480.21,0.0019005986511255323
17286.0,22,3,3954.8,4,2,2,8,0,1318.2666666666667,3,1186.44,0.0006447403800178938
16293.0,22,15,46579.5,4,4,4,12,0,3105.3,15,13973.85,0.00764595437032404
14793.0,22,2,6259.0,4,2,2,8,0,3129.5,2,1877.6999999999998,0.0010232110150361676
12427.0,22,3,11293.0,4,2,3,9,0,3764.3333333333335,3,3387.9,0.0018500581536013926
17650.0,22,1,1660.8,4,1,1,6,0,1660.8,1,498.23999999999995,0.00026794512060815477
15933.0,22,3,11074.6,4,2,3,9,0,3691.5333333333333,3,3322.38,0.0018141854052774662
13117.0,22,18,26438.1,4,4,4,12,0,1468.7833333333333,18,7931.429999999999,0.00433767885250568
17760.0,22,6,9189.3,4,3,3,10,0,1531.55,6,2756.7899999999995,0.0015045201469665764
14849.0,22,43,157634.5,4,4,4,12,0,3665.9186046511627,43,47290.35,0.02588701693952568
14285.0,22,8,32844.2,4,4,4,12,0,4105.525,8,9853.259999999998,0.005389896860920992
14434.0,22,6,13728.0,4,3,3,10,0,2288.0,6,4118.4,0.002250013017011468
14593.0,22,12,37120.1,4,4,4,12,0,3093.3416666666667,12,11136.029999999999,0.006092224171169512
17163.0,22,4,6997.8,4,3,2,9,0,1749.45,4,2099.34,0.0011445607698975084
17063.0,22,13,36385.3,4,4,4,12,0,2798.869230769231,13,10915.59,0.005971531426350735
13880.0,22,17,43916.6,4,4,4,12,0,2583.3294117647056,17,13174.979999999998,0.007208566359738949
12578.0,22,4,46424.5,4,3,4,11,0,11606.125,4,13927.35,0.007620495231174733
16279.0,22,9,57050.8,4,4,4,12,0,6338.977777777778,9,17115.24,0.00936589168499588
16463.0,22,4,14224.0,4,3,3,10,0,3556.0,4,4267.2,0.0023314822622892495
13941.0,22,15,111223.0,4,4,4,12,0,7414.866666666667,15,33366.9,0.018263811541925374
13962.0,22,3,3628.0,4,2,2,8,0,1209.3333333333333,3,1088.3999999999999,0.0005910626595405168
13171.0,22,3,4684.1,4,2,2,8,0,1561.3666666666668,3,1405.23,0.0007645297360281477
12380.0,22,11,96763.0,4,4,4,12,0,8796.636363636364,11,29028.899999999998,0.01588872023806102
14820.0,22,9,12747.6,4,4,3,11,0,1416.4,9,3824.2799999999997,0.0020889798555793378
16924.0,22,3,8467.5,4,2,2,8,0,2822.5,3,2540.25,0.0013859626847861279
16350.0,22,9,22538.9,4,4,3,11,0,2504.3222222222225,9,6761.67,0.0036972254630155085
12931.0,22,57,923473.4,4,4,4,12,1,16201.287719298247,57,277042.02,0.15167797901082872
16511.0,22,6,18190.2,4,3,3,10,0,3031.7000000000003,6,5457.06,0.002982940569992348
14903.0,22,5,28106.3,4,3,4,11,0,5621.26,5,8431.890000000001,0.004611684890756477
15368.0,22,2,7227.4,4,2,2,8,0,3613.7,2,2168.22,0.0011822731463406102
15850.0,20,6,10587.2,4,3,3,10,0,1764.5333333333335,6,3176.1600000000003,0.0017341287315911949
15426.0,20,9,26153.9,4,4,4,12,0,2905.988888888889,9,7846.17,0.004290998288981597
16399.0,20,3,6418.2,4,3,2,9,0,2139.4,3,1925.46,0.0010493600147301653
17384.0,20,3,5075.5,4,2,2,8,0,1691.8333333333333,3,1522.6499999999999,0.0008288181686929131
12702.0,20,1,2190.0,4,1,1,6,0,2190.0,1,657.0,0.00035486754923920704
17758.0,20,12,50125.3,4,4,4,12,0,4177.108333333334,12,15037.59,0.008228360922553793
17738.0,20,13,41835.6,4,4,4,12,0,3218.123076923077,13,12550.679999999998,0.006866756885095677
17636.0,20,1,2855.6,4,1,1,6,0,2855.6,1,856.68,0.0004641940203216491
13212.0,20,3,7880.8,4,3,2,9,0,2626.9333333333334,3,2364.24,0.001289595736793236
16464.0,20,3,13146.8,4,3,3,10,0,4382.266666666666,3,3944.0399999999995,0.0021545494578271004
14477.0,20,7,19696.0,4,3,3,10,0,2813.714285714286,7,5908.8,0.003230272000515096
14553.0,20,9,18415.4,4,4,3,11,0,2046.1555555555558,9,5524.62,0.0030199302353886306
17555.0,20,5,10577.4,4,3,3,10,0,2115.48,5,3173.22,0.001732519056986916
14860.0,20,1,1703.2,4,1,1,6,0,1703.2,1,510.96,0.00027490942705932
13118.0,20,9,24154.1,4,4,4,12,0,2683.788888888889,9,7246.23,0.003962526118202348
18040.0,20,2,3572.0,4,2,2,8,0,1786.0,2,1071.6,0.0005818645189446382
14664.0,20,2,6378.9,4,2,2,8,0,3189.45,2,1913.6699999999998,0.0010429048910619862
12540.0,20,33,222544.9,4,4,4,12,0,6743.784848484848,33,66763.47,0.036548713106217004
15465.0,20,32,126556.5,4,4,4,12,0,3954.890625,32,37966.95,0.020782377413834367
14502.0,20,11,24706.7,4,4,4,12,0,2246.0636363636363,11,7412.01,0.004053292055582393
15906.0,20,10,25556.4,4,4,4,12,0,2555.6400000000003,10,7666.92,0.004192857413873785
12523.0,20,23,43721.5,4,4,4,12,0,1900.9347826086957,23,13116.449999999999,0.0071765206949129514
18127.0,20,4,5615.3,4,3,2,9,0,1403.825,4,1684.59,0.0009174816739367566
16784.0,20,5,8965.3,4,3,2,9,0,1793.06,5,2689.5899999999997,0.0014677275845830623
14359.0,20,3,9121.8,4,2,3,9,0,3040.6,3,2736.5399999999995,0.0014934331024983299
13988.0,20,8,47578.0,4,4,4,12,0,5947.25,8,14273.4,0.007809960502198766
14052.0,20,2,4808.1,4,2,2,8,0,2404.05,2,1442.43,0.0007848970473475931
16666.0,20,2,2259.4,4,2,1,7,0,1129.7,2,677.82,0.00036626667347767084
15963.0,20,2,4707.6,4,2,2,8,0,2353.8,2,1412.28,0.0007683896700282039
14881.0,20,1,2554.0,4,1,1,6,0,2554.0,1,766.1999999999999,0.0004146554631124175
17425.0,20,2,7591.7,4,2,2,8,0,3795.85,2,2277.5099999999998,0.001242110335967013
15745.0,20,4,10945.9,4,3,3,10,0,2736.475,4,3283.77,0.0017930461071580096
14157.0,20,5,10027.8,4,3,3,10,0,2005.56,5,3008.3399999999997,0.0016422458771387935
16710.0,20,22,63490.9,4,4,4,12,0,2885.9500000000003,22,19047.27,0.010423694278772976
14595.0,20,8,21644.5,4,4,3,11,0,2705.5625,8,6493.349999999999,0.003550318017498477
13565.0,20,3,4148.0,4,2,2,8,0,1382.6666666666667,3,1244.3999999999999,0.0006764739650736746
14159.0,20,20,79380.1,4,4,4,12,0,3969.005,20,23814.030000000002,0.013033535270845002
17561.0,20,4,7223.4,4,3,2,9,0,1805.85,4,2167.02,0.0011816161362980474
15919.0,20,2,9106.1,4,2,3,9,0,4553.05,2,2731.83,0.0014908543380812713
16411.0,20,4,9101.9,4,3,3,10,0,2275.475,4,2730.5699999999997,0.0014901644775365804
14950.0,20,1,3712.0,4,2,2,8,0,3712.0,1,1113.6,0.0006048598704343347
13200.0,20,4,8700.9,4,3,2,9,0,2175.225,4,2610.27,0.0014242992207696644
17387.0,20,2,7841.1,4,2,2,8,0,3920.55,2,2352.33,0.0012830749121208007
15533.0,20,3,8075.7,4,3,2,9,0,2691.9,3,2422.71,0.001321608551117106
12597.0,20,4,38112.2,4,3,4,11,0,9528.05,4,11433.659999999998,0.0062551790869761386
16533.0,20,3,10955.6,4,2,3,9,0,3651.866666666667,3,3286.68,0.0017946393565112242
16762.0,20,3,15013.8,4,3,3,10,0,5004.599999999999,3,4504.139999999999,0.002461208895193265
18110.0,20,2,4354.3,4,2,2,8,0,2177.15,2,1306.29,0.0007103592580188487
16506.0,20,2,903.0,4,2,1,7,0,451.5,2,270.9,0.00014347456804464118
13427.0,20,6,10065.3,4,3,3,10,0,1677.55,6,3019.5899999999997,0.0016484053462878193
14525.0,20,17,82406.4,4,4,4,12,0,4847.435294117647,17,24721.92,0.013530612643796914
13142.0,20,1,3070.9,4,1,1,6,0,3070.9,1,921.27,0.0004995575858625893
15988.0,20,3,7700.9,4,2,2,8,0,2566.9666666666667,3,2310.27,0.0012600467101289761
13832.0,20,2,6136.9,4,2,2,8,0,3068.45,2,1841.07,0.0010031557834869395
16212.0,20,4,12937.1,4,3,3,10,0,3234.275,4,3881.13,0.002120105706345748
14116.0,20,5,13827.4,4,3,3,10,0,2765.48,5,4148.219999999999,0.002266339716569152
14984.0,20,6,12714.1,4,3,3,10,0,2119.016666666667,6,3814.2300000000005,0.0020834773964728747
12395.0,20,15,50672.7,4,4,4,12,0,3378.18,15,15201.809999999998,0.008318272746878503
15044.0,20,35,162043.3,4,4,4,12,0,4629.808571428571,35,48612.99,0.026611173408438344
12778.0,20,9,17756.8,4,4,3,11,0,1972.9777777777776,9,5327.04,0.002911753531880673
13673.0,19,2,3969.2,4,2,2,8,0,1984.6,2,1190.76,0.0006471056161711197
12904.0,19,2,5095.8,4,2,2,8,0,2547.9,2,1528.74,0.0008321524946589191
14551.0,19,7,8800.4,4,4,2,10,0,1257.2,7,2640.12,0.001440642345578413
16406.0,19,3,5526.8,4,2,2,8,0,1842.2666666666667,3,1658.04,0.0009029453267450558
17100.0,19,2,9717.4,4,2,3,9,0,4858.7,2,2915.22,0.001591261897835924
14449.0,19,8,24828.0,4,4,4,12,0,3103.5,8,7448.4,0.004073215885123108
18080.0,19,2,12315.0,4,2,3,9,0,6157.5,2,3694.5,0.002017924219476176
12504.0,19,4,7790.5,4,3,2,9,0,1947.625,4,2337.15,0.0012747637350823818
17625.0,19,8,60678.0,4,4,4,12,0,7584.75,8,18203.399999999998,0.009961668391591783
12349.0,19,4,44286.9,4,3,4,11,0,11071.725,4,13286.07,0.0072693890644291975
13246.0,19,11,33874.3,4,4,4,12,0,3079.4818181818187,11,10162.29,0.005559093372131967
12795.0,19,1,4304.8,4,1,2,7,0,4304.8,1,1291.44,0.0007022287587421347
17253.0,19,1,1782.6,4,1,1,6,0,1782.6,1,534.78,0.0002879510764041906
16366.0,19,4,15481.3,4,3,3,10,0,3870.325,4,4644.389999999999,0.0025379969439177866
13823.0,19,7,34034.5,4,3,4,11,0,4862.071428571428,7,10210.35,0.005585406624336605
17664.0,19,4,11662.3,4,3,3,10,0,2915.575,4,3498.6899999999996,0.0019107166057809985
17432.0,19,9,17513.9,4,4,3,11,0,1945.988888888889,9,5254.17,0.00287185659704605
15738.0,19,41,133729.7,4,4,4,12,0,3261.7000000000003,41,40118.91,0.021960593523162153
15676.0,19,3,34357.6,4,2,4,10,0,11452.533333333333,3,10307.279999999999,0.005638476610524611
14198.0,19,9,15697.3,4,4,3,11,0,1744.1444444444444,9,4709.19,0.0025734754862161754
12658.0,19,1,6860.5,4,1,2,7,0,6860.5,1,2058.15,0.0011220089001865417
16369.0,19,7,26648.1,4,4,4,12,0,3806.871428571428,7,7994.429999999999,0.0043721718797402245
15105.0,19,9,30949.1,4,4,4,12,0,3438.788888888889,9,9284.73,0.005078621928005825
14587.0,19,9,16011.4,4,4,3,11,0,1779.0444444444445,9,4803.42,0.002625067199808416
15857.0,19,2,5704.8,4,2,2,8,0,2852.4,2,1711.44,0.0009321822736390983
17227.0,19,12,20220.3,4,4,3,11,0,1685.0249999999999,12,6066.089999999999,0.0033163895918440086
12462.0,19,2,11895.9,4,2,3,9,0,5947.95,2,3568.77,0.0019490859922666635
17010.0,19,1,1953.6,4,1,1,6,0,1953.6,1,586.0799999999999,0.00031603825572374826
13862.0,19,9,25560.9,4,4,4,12,0,2840.1000000000004,9,7668.27,0.004193596550171669
13167.0,19,5,11251.5,4,3,3,10,0,2250.3,5,3375.45,0.0018432416744098038
16139.0,19,5,11111.5,4,3,3,10,0,2222.3,5,3333.45,0.0018202463229201075
13430.0,19,2,6794.5,4,2,2,8,0,3397.25,2,2038.35,0.0011111682344842563
13282.0,19,4,13131.9,4,3,3,10,0,3282.975,4,3939.5699999999997,0.002152102095418554
15671.0,19,7,26571.3,4,4,4,12,0,3795.9,7,7971.389999999999,0.00435955728692302
14030.0,19,20,82622.9,4,4,4,12,0,4131.1449999999995,20,24786.87,0.013566173312350624
15115.0,19,2,5318.5,4,2,2,8,0,2659.25,2,1595.55,0.0008687315287786003
15179.0,19,13,74919.2,4,4,4,12,0,5763.015384615384,13,22475.76,0.012300821246127953
15163.0,19,2,3044.7,4,2,1,7,0,1522.35,2,913.41,0.0004952541700838033
12984.0,19,1,975.0,4,1,1,6,0,975.0,1,292.5,0.00015530074881077075
15093.0,19,23,143261.1,4,4,4,12,0,6228.74347826087,23,42978.33,0.02352614990308281
14447.0,19,6,17117.3,4,3,3,10,0,2852.883333333333,6,5135.19,0.0028067140513259527
13189.0,19,2,2606.8,4,2,1,7,0,1303.4,2,782.0400000000001,0.00042332799567424594
14482.0,19,12,43579.1,4,4,4,12,0,3631.5916666666667,12,13073.73,0.007153131137397718
15527.0,19,23,55756.4,4,4,4,12,0,2424.191304347826,23,16726.92,0.009153283235222572
14300.0,19,1,432.0,4,1,1,6,0,432.0,1,129.6,6.611163553287703e-05
13739.0,19,2,2922.0,4,2,1,7,0,1461.0,2,876.6,0.00047510038702819086
15567.0,19,1,1860.1,4,1,1,6,0,1860.1,1,558.03,0.00030068064597884393
16713.0,19,32,145606.9,4,4,4,12,0,4550.215625,32,43682.07,0.023911453442543733
13971.0,19,14,46675.7,4,4,4,12,0,3333.9785714285713,14,14002.71,0.007661755461847673
14883.0,19,6,7615.9,4,3,2,9,0,1269.3166666666666,6,2284.77,0.0012460852467245176
15132.0,19,5,9779.3,4,3,3,10,0,1955.86,5,2933.7899999999995,0.0016014291282445824
15645.0,19,3,10551.7,4,2,3,9,0,3517.2333333333336,3,3165.51,0.0017282977674634504
13247.0,18,4,5011.2,4,3,2,9,0,1252.8,4,1503.36,0.0008182567322587168
15116.0,18,4,13527.5,4,3,3,10,0,3381.875,4,4058.25,0.0022170803886280106
14297.0,18,4,13053.3,4,3,3,10,0,3263.325,4,3915.99,0.002139191848082196
12936.0,18,4,10639.0,4,3,3,10,0,2659.75,4,3191.7,0.0017426370116423824
14467.0,18,12,22209.9,4,4,3,11,0,1850.825,12,6662.97,0.0036431863870147224
17324.0,18,12,23018.7,4,4,3,11,0,1918.2250000000001,12,6905.61,0.003776033817620911
17500.0,18,3,11380.0,4,2,3,9,0,3793.3333333333335,3,3414.0,0.0018643481220271324
13456.0,18,6,17667.2,4,3,3,10,0,2944.5333333333333,6,5300.16,0.0028970365069272675
17073.0,18,4,14460.9,4,3,3,10,0,3615.225,4,4338.2699999999995,0.0023703936820600284
17360.0,18,6,12313.8,4,3,3,10,0,2052.2999999999997,6,3694.1399999999994,0.0020177271164634066
16311.0,18,2,6162.6,4,2,2,8,0,3081.3,2,1848.78,0.0010073770730104053
13238.0,18,6,10066.3,4,3,3,10,0,1677.7166666666665,6,3019.89,0.0016485695987984602
16532.0,18,5,87566.4,4,3,4,11,0,17513.28,5,26269.92,0.014378155598702865
18139.0,18,6,84383.4,4,3,4,11,0,14063.9,6,25315.019999999997,0.013855339857333554
12474.0,18,31,124244.5,4,4,4,12,0,4007.8870967741937,31,37273.35,0.020402625609233095
16261.0,18,6,10594.5,4,3,3,10,0,1765.75,6,3178.35,0.0017353277749188717
17371.0,18,6,6625.5,4,3,2,9,0,1104.25,6,1987.6499999999999,0.0010834095601859799
16164.0,18,3,8224.8,4,3,2,9,0,2741.6,3,2467.4399999999996,0.0013460986004536326
16107.0,18,7,32041.6,4,3,4,11,0,4577.371428571429,7,9612.48,0.005258067795880777
14506.0,18,7,32906.7,4,3,4,11,0,4700.957142857143,7,9872.009999999998,0.005400162642836036
16607.0,18,25,57068.7,4,4,4,12,0,2282.748,25,17120.61,0.009368831804936348
12465.0,18,2,7421.9,4,2,2,8,0,3710.95,2,2226.5699999999997,0.0012142202596602239
14768.0,18,2,1926.0,4,2,1,7,0,963.0,2,577.8,0.0003115048864300653
16985.0,18,23,109231.6,4,4,4,12,0,4749.2,23,32769.479999999996,0.017936719092235504
13488.0,18,23,155878.8,4,4,4,12,0,6777.339130434782,23,46763.63999999999,0.025598638806593816
14834.0,18,7,22061.6,4,4,3,11,0,3151.657142857143,7,6618.48,0.003618827739686708
16722.0,18,22,89890.8,4,4,4,12,0,4085.9454545454546,22,26967.24,0.014759944134436084
14657.0,18,6,14608.7,4,3,3,10,0,2434.7833333333333,6,4382.61,0.0023946702031327222
17155.0,18,7,8924.6,4,4,2,10,0,1274.9428571428573,7,2677.38,0.0014610425073999865
12775.0,18,7,16861.2,4,4,3,11,0,2408.7428571428572,7,5058.36,0.0027646489833508727
16330.0,18,7,6343.3,4,4,2,10,0,906.1857142857143,7,1902.99,0.0010370575016831777
14505.0,18,19,120018.4,4,4,4,12,0,6316.757894736842,19,36005.52,0.01970847807401448
12483.0,18,19,51205.8,4,4,4,12,0,2695.042105263158,19,15361.74,0.008405835760301055
13403.0,18,3,2295.0,4,3,1,8,0,765.0,3,688.5,0.0003721140628564793
15971.0,18,18,59028.3,4,4,4,12,0,3279.3500000000004,18,17708.49,0.009690701024787841
15977.0,18,2,10547.3,4,2,3,9,0,5273.65,2,3164.1899999999996,0.001727575056416631
16352.0,18,2,4944.4,4,2,2,8,0,2472.2,2,1483.32,0.0008072846645479189
15106.0,18,5,14225.2,4,3,3,10,0,2845.04,5,4267.56,0.002331679365302019
14424.0,18,1,3220.8,4,1,1,6,0,3220.8,1,966.24,0.0005241790372076285
13986.0,18,1,3204.6,4,1,1,6,0,3204.6,1,961.3799999999999,0.0005215181465352493
15699.0,18,1,3096.5,4,1,1,6,0,3096.5,1,928.9499999999999,0.000503762450134991
17338.0,18,17,121425.7,4,4,4,12,0,7142.6882352941175,17,36427.71,0.019939630632239122
17759.0,18,5,12769.1,4,3,3,10,0,2553.82,5,3830.73,0.0020925112845581123
16422.0,18,109,636514.7,4,4,4,12,1,5839.584403669724,109,190954.40999999997,0.10454429208564059
16956.0,18,1,3087.4,4,1,1,6,0,3087.4,1,926.22,0.0005022677522881607
13363.0,18,3,17238.6,4,3,3,10,0,5746.2,3,5171.579999999999,0.002826637880866668
18249.0,18,1,953.4,4,1,1,6,0,953.4,1,286.02,0.00015175289458093188
13499.0,18,5,11591.1,4,3,3,10,0,2318.2200000000003,5,3477.3300000000004,0.001899021827023382
12656.0,18,8,64078.3,4,4,4,12,0,8009.7875,8,19223.49,0.010520176203523317
12920.0,18,4,4880.9,4,3,2,9,0,1220.225,4,1464.2699999999998,0.000796854630122235
17519.0,18,15,51094.7,4,4,4,12,0,3406.313333333333,15,15328.409999999998,0.008387587306368875
15497.0,18,9,86573.9,4,4,4,12,0,9619.322222222221,9,25972.17,0.014215134981891983
14329.0,18,15,99272.2,4,4,4,12,0,6618.1466666666665,15,29781.659999999996,0.016300862637760635
16365.0,18,15,33072.0,4,4,4,12,0,2204.8,15,9921.6,0.005427313582844943
17453.0,18,2,4867.2,4,2,2,8,0,2433.6,2,1460.1599999999999,0.0007946043707264576
16748.0,18,14,36373.3,4,4,4,12,0,2598.092857142857,14,10911.99,0.005969560396223046
17659.0,18,14,38347.9,4,4,4,12,0,2739.1357142857146,14,11504.37,0.00629389340373415
12586.0,18,4,20626.7,4,3,3,10,0,5156.675,4,6188.01,0.0033831418121683847
16655.0,18,13,65483.7,4,4,4,12,0,5037.207692307692,13,19645.109999999997,0.010751016681977739
13322.0,18,1,1994.8,4,1,1,6,0,1994.8,1,598.4399999999999,0.0003228054591621446
17297.0,18,1,1317.8,4,1,1,6,0,1317.8,1,395.34,0.00021160650945839868
17075.0,18,10,22417.3,4,4,3,11,0,2241.73,10,6725.19,0.003677252357721601
13681.0,18,4,8278.3,4,3,2,9,0,2069.575,4,2483.49,0.0013548861097729095
15150.0,18,13,90010.8,4,4,4,12,0,6923.907692307693,13,27003.24,0.014779654435712967
15634.0,18,2,5546.5,4,2,2,8,0,2773.25,2,1663.95,0.0009061811012046774
15965.0,18,13,30130.9,4,4,4,12,0,2317.7615384615387,13,9039.27,0.004944230523799614
16633.0,18,6,28831.0,4,3,4,11,0,4805.166666666667,6,8649.3,0.004730718685217783
13569.0,18,4,8937.8,4,3,2,9,0,2234.45,4,2681.3399999999997,0.0014632106405404433
17600.0,18,1,1616.7,4,1,1,6,0,1616.7,1,485.01,0.00026070158488890045
15845.0,18,11,44262.8,4,4,4,12,0,4023.890909090909,11,13278.84,0.007265430578922757
13940.0,18,4,8391.4,4,3,2,9,0,2097.85,4,2517.4199999999996,0.0013734630687263713
13268.0,18,11,32146.9,4,4,4,12,0,2922.4454545454546,11,9644.07,0.0052753635852512415
16128.0,18,11,38010.5,4,4,4,12,0,3455.5,11,11403.15,0.0062384746066439815
14515.0,18,12,37492.6,4,4,4,12,0,3124.383333333333,12,11247.779999999999,0.006153408231383169
17463.0,17,7,25579.1,4,4,4,12,0,3654.157142857143,7,7673.73,0.004196585945865329
15398.0,17,2,13455.3,4,2,3,9,0,6727.65,2,4036.5899999999997,0.0022052213573597527
13644.0,17,4,26242.6,4,3,4,11,0,6560.65,4,7872.779999999999,0.004305567486675425
13139.0,17,8,82029.8,4,4,4,12,0,10253.725,8,24608.94,0.013468755148289631
13018.0,17,35,97631.6,4,4,4,12,0,2789.474285714286,35,29289.48,0.016031389968803524
18084.0,17,3,8129.3,4,3,2,9,0,2709.766666666667,3,2438.7900000000004,0.0013304124856874473
14581.0,17,2,4338.0,4,2,2,8,0,2169.0,2,1301.3999999999999,0.0007076819420954054
12452.0,17,2,4305.7,4,2,2,8,0,2152.85,2,1291.7099999999998,0.0007023765860017111
13742.0,17,12,31310.2,4,4,4,12,0,2609.1833333333334,12,9393.06,0.005137933509598178
14020.0,17,4,12490.1,4,3,3,10,0,3122.525,4,3747.0299999999997,0.0020466848340893605
15901.0,17,7,7032.2,4,4,2,10,0,1004.6,7,2109.66,0.0011502110562635478
15743.0,17,4,7844.6,4,3,2,9,0,1961.15,4,2353.38,0.001283649795908043
14336.0,17,4,16149.1,4,3,3,10,0,4037.275,4,4844.73,0.0026476847705236384
14205.0,17,9,24142.0,4,4,4,12,0,2682.4444444444443,9,7242.599999999999,0.003960538662823596
16020.0,17,3,8510.1,4,2,2,8,0,2836.7000000000003,3,2553.03,0.0013929598417394213
14733.0,17,15,161849.7,4,4,4,12,0,10789.980000000001,15,48554.91,0.026579374122378308
12619.0,17,10,37813.8,4,4,4,12,0,3781.38,10,11344.140000000001,0.006206166137800959
15393.0,17,5,8913.4,4,3,2,9,0,1782.6799999999998,5,2674.02,0.0014592028792808106
13650.0,17,10,32880.0,4,4,4,12,0,3288.0,10,9864.0,0.00539577710080193
17725.0,17,11,34390.8,4,4,4,12,0,3126.4363636363637,11,10317.24,0.005643929793877882
14744.0,17,14,38850.8,4,4,4,12,0,2775.057142857143,14,11655.24,0.006376495991335352
17700.0,17,14,66799.7,4,4,4,12,0,4771.407142857142,14,20039.91,0.010967172985980886
12557.0,17,8,187161.4,4,4,4,12,0,23395.175,8,56148.42,0.030736884395962217
16057.0,17,10,38548.5,4,4,4,12,0,3854.85,10,11564.55,0.006326842457368672
15949.0,17,2,3647.2,4,2,2,8,0,1823.6,2,1094.1599999999999,0.000594216307744818
17135.0,17,10,19541.6,4,4,3,11,0,1954.1599999999999,10,5862.48,0.0032049114128721735
14049.0,17,13,132390.3,4,4,4,12,0,10183.869230769229,13,39717.09,0.02174059371041001
16653.0,17,2,12126.6,4,2,3,9,0,6063.3,2,3637.98,0.00198697904647147
12948.0,17,9,23174.3,4,4,4,12,0,2574.922222222222,9,6952.29,0.003801591508276602
16079.0,17,3,13520.0,4,3,3,10,0,4506.666666666667,3,4056.0,0.0022158484947982053
17685.0,17,12,59431.7,4,4,4,12,0,4952.641666666666,12,17829.51,0.009756960487580294
16066.0,17,5,15218.7,4,3,3,10,0,3043.7400000000002,5,4565.61,0.0024948642346235422
15727.0,17,15,94455.1,4,4,4,12,0,6297.006666666667,15,28336.530000000002,0.015509641868753378
14912.0,17,6,18892.5,4,3,3,10,0,3148.75,6,5667.75,0.003098295108215303
16185.0,17,3,6447.2,4,3,2,9,0,2149.0666666666666,3,1934.1599999999999,0.0010541233375387451
17422.0,17,11,35947.6,4,4,4,12,0,3267.9636363636364,11,10784.279999999999,0.005899638102443305
14334.0,17,12,43184.8,4,4,4,12,0,3598.7333333333336,12,12955.44,0.007088366372452095
15916.0,17,13,34271.7,4,4,4,12,0,2636.2846153846153,13,10281.509999999998,0.0056243673198605754
17469.0,17,17,50512.5,4,4,4,12,0,2971.323529411765,17,15153.75,0.008291959494673866
13831.0,17,18,70235.8,4,4,4,12,0,3901.988888888889,18,21070.74,0.011531561037793356
15814.0,17,6,26344.4,4,3,4,11,0,4390.733333333334,6,7903.32,0.004322288392258648
17410.0,17,5,12147.2,4,3,3,10,0,2429.44,5,3644.1600000000003,0.0019903626481906685
14675.0,17,2,10669.0,4,2,3,9,0,5334.5,2,3200.7,0.0017475645869616029
16255.0,17,15,49068.0,4,4,4,12,0,3271.2,15,14720.4,0.008054696743053391
13899.0,17,2,3885.2,4,2,2,8,0,1942.6,2,1165.56,0.0006333084052773018
13502.0,17,5,7805.0,4,3,2,9,0,1561.0,5,2341.5,0.0012771453964866718
15253.0,17,8,20550.9,4,4,3,11,0,2568.8625,8,6165.27,0.0033706914718618208
14099.0,17,20,57657.1,4,4,4,12,0,2882.855,20,17297.129999999997,0.009465477982197327
13448.0,17,13,92408.7,4,4,4,12,0,7108.361538461539,13,27722.609999999997,0.01517351553097827
14790.0,17,10,25266.2,4,4,4,12,0,2526.62,10,7579.859999999999,0.004145191335285857
17034.0,17,5,12839.2,4,3,3,10,0,2567.84,5,3851.76,0.0021040253855540247
16670.0,17,20,80301.5,4,4,4,12,0,4015.075,20,24090.45,0.013184877534149332
16343.0,17,3,6870.7,4,2,2,8,0,2290.233333333333,3,2061.2099999999996,0.0011236842757950765
16660.0,17,7,18795.5,4,3,3,10,0,2685.0714285714284,7,5638.65,0.003082362614683156
17809.0,17,20,113373.9,4,4,4,12,0,5668.695,20,34012.17,0.018617102267062428
14335.0,17,2,4682.6,4,2,2,8,0,2341.3,2,1404.78,0.0007642833572621867
13350.0,17,2,9791.2,4,2,3,9,0,4895.6,2,2937.36,0.0016033837331212069
16900.0,17,3,8871.1,4,2,2,8,0,2957.0333333333333,3,2661.33,0.0014522549980807095
13174.0,17,12,94948.4,4,4,4,12,0,7912.366666666666,12,28484.519999999997,0.015590667632252427
15594.0,16,5,17717.8,4,3,3,10,0,3543.56,5,5315.339999999999,0.002905347683965686
16609.0,16,7,54934.6,4,3,4,11,0,7847.8,7,16480.379999999997,0.009018300521978054
17139.0,16,25,195844.6,4,4,4,12,0,7833.784000000001,25,58753.38,0.03216312179635744
17228.0,16,13,31772.4,4,4,4,12,0,2444.0307692307692,13,9531.72,0.005213851020016304
14709.0,16,25,88863.3,4,4,4,12,0,3554.532,25,26658.99,0.014591174679752777
16189.0,16,2,2154.8,4,2,1,7,0,1077.4,2,646.44,0.0003490858608646548
16570.0,16,20,74343.1,4,4,4,12,0,3717.155,20,22302.93,0.012206195374747854
17975.0,16,24,70288.3,4,4,4,12,0,2928.679166666667,24,21086.49,0.011540184294601992
16616.0,16,2,5004.2,4,2,2,8,0,2502.1,2,1501.26,0.0008171069646842321
14539.0,16,2,5374.8,4,2,2,8,0,2687.4,2,1612.44,0.0008779789451276712
14805.0,16,7,11046.4,4,4,3,11,0,1578.0571428571427,7,3313.9199999999996,0.0018095534844773985
13277.0,16,7,5233.0,4,4,2,10,0,747.5714285714286,7,1569.8999999999999,0.0008546879391188215
15270.0,16,21,85248.6,4,4,4,12,0,4059.457142857143,21,25574.58,0.01399745112953988
17671.0,16,5,24033.4,4,3,4,11,0,4806.68,5,7210.02,0.003942700840168017
16173.0,16,6,14183.2,4,3,3,10,0,2363.866666666667,6,4254.96,0.0023247807598551096
16824.0,16,3,6862.4,4,2,2,8,0,2287.4666666666667,3,2058.72,0.001122320979956759
15034.0,16,14,83134.0,4,4,4,12,0,5938.142857142857,14,24940.2,0.013650122770539081
17345.0,16,10,16046.8,4,4,3,11,0,1604.6799999999998,10,4814.04,0.002630881738685096
14607.0,16,22,241376.3,4,4,4,12,0,10971.65,22,72412.89,0.039641817835096065
16157.0,16,3,6566.9,4,3,2,9,0,2188.9666666666667,3,1970.0699999999997,0.0010737843630624355
18184.0,16,1,498.0,4,1,1,6,0,498.0,1,149.4,7.695230123516247e-05
12476.0,16,23,141154.1,4,4,4,12,0,6137.134782608696,23,42346.23,0.02318006986316288
17516.0,16,6,9575.5,4,3,3,10,0,1595.9166666666667,6,2872.65,0.0015679544665760106
13995.0,16,14,39020.1,4,4,4,12,0,2787.15,14,11706.029999999999,0.00640430394138682
14987.0,16,8,17138.5,4,4,3,11,0,2142.3125,8,5141.55,0.002810196204551536
14277.0,16,9,172258.1,4,4,4,12,0,19139.78888888889,9,51677.43,0.028288979954130846
16596.0,16,4,5796.3,4,3,2,9,0,1449.075,4,1738.89,0.0009472113783627212
17247.0,16,1,2821.9,4,1,1,6,0,2821.9,1,846.57,0.000458658710713058
12705.0,16,14,117621.0,4,4,4,12,0,8401.5,14,35286.299999999996,0.019314699105004496
17096.0,16,11,37591.8,4,4,4,12,0,3417.4363636363637,11,11277.54,0.006169702080438726
13207.0,16,4,5358.6,4,3,2,9,0,1339.65,4,1607.5800000000002,0.0008753180544552921
17767.0,16,2,4130.5,4,2,2,8,0,2065.25,2,1239.1499999999999,0.0006735995461374626
14591.0,16,4,14471.4,4,3,3,10,0,3617.85,4,4341.42,0.002372118333421756
15502.0,16,14,139934.7,4,4,4,12,0,9995.335714285715,14,41980.41,0.022979780351687625
17458.0,16,2,5295.8,4,2,2,8,0,2647.9,2,1588.74,0.0008650029967870568
16668.0,16,13,8624.2,4,4,2,10,0,663.4000000000001,13,2587.26,0.0014117010532035238
18188.0,16,6,32805.9,4,3,4,11,0,5467.650000000001,6,9841.77,0.005383605989763456
12757.0,16,13,78571.0,4,4,4,12,0,6043.923076923077,13,23571.3,0.012900638564485619
15725.0,16,1,4152.5,4,1,2,7,0,4152.5,1,1245.75,0.0006772131013715578
15632.0,16,8,32853.1,4,4,4,12,0,4106.6375,8,9855.929999999998,0.005391358708265695
17133.0,16,12,146223.3,4,4,4,12,0,12185.275,12,43866.99,0.024012698690102655
15858.0,16,13,39603.7,4,4,4,12,0,3046.4384615384615,13,11881.109999999999,0.0065001617065967255
12421.0,16,6,10986.0,4,3,3,10,0,1831.0,6,3295.7999999999997,0.001799632632834701
15005.0,16,56,141062.0,4,4,4,12,0,2518.964285714286,56,42318.6,0.02316494220693287
12709.0,16,34,310933.4,4,4,4,12,0,9145.1,34,93280.02,0.051066746142981484
16566.0,16,5,6146.6,4,3,2,9,0,1229.3200000000002,5,1843.98,0.0010047490328401543
12494.0,16,9,18728.7,4,4,3,11,0,2080.9666666666667,9,5618.61,0.003071390546972358
13588.0,16,9,24789.5,4,4,4,12,0,2754.3888888888887,9,7436.849999999999,0.0040668921634634415
16885.0,16,4,7107.4,4,3,2,9,0,1776.85,4,2132.22,0.0011625628450637276
18130.0,16,3,10593.9,4,2,3,9,0,3531.2999999999997,3,3178.1699999999996,0.001735229223412487
17323.0,16,12,15655.9,4,4,3,11,0,1304.6583333333333,12,4696.7699999999995,0.002566675432275651
14756.0,16,3,26537.6,4,3,4,11,0,8845.866666666667,3,7961.279999999999,0.004354021977314429
12388.0,16,8,39011.1,4,4,4,12,0,4876.3875,8,11703.33,0.006402825668791054
18161.0,16,6,18031.0,4,3,3,10,0,3005.1666666666665,6,5409.3,0.00295679157029835
13719.0,16,11,28152.5,4,4,4,12,0,2559.318181818182,11,8445.75,0.0046192733567480765
17727.0,16,1,10602.5,4,1,3,8,0,10602.5,1,3180.75,0.0017366417950039972
15953.0,16,18,36695.5,4,4,4,12,0,2038.638888888889,18,11008.65,0.006022482555151476
16482.0,16,1,2206.2,4,1,1,6,0,2206.2,1,661.8599999999999,0.00035752843991158613
15428.0,16,4,7627.5,4,3,2,9,0,1906.875,4,2288.25,0.0012479905758479497
15482.0,16,19,145925.6,4,4,4,12,0,7680.2947368421055,19,43777.68,0.023963800717684922
12937.0,16,9,30976.1,4,4,4,12,0,3441.788888888889,9,9292.83,0.005083056745793124
13638.0,16,1,1226.4,4,1,1,6,0,1226.4,1,367.92,0.0001965938299858398
16327.0,15,16,107313.4,4,4,4,12,0,6707.0875,16,32194.019999999997,0.017621649926324538
16719.0,15,14,39733.0,4,4,4,12,0,2838.0714285714284,14,11919.9,0.006521399556222567
15872.0,15,4,7956.8,4,3,2,9,0,1989.2,4,2387.04,0.0013020789276019283
16856.0,15,3,3584.9,4,2,2,8,0,1194.9666666666667,3,1075.47,0.0005839833763319032
18172.0,15,52,174798.4,4,4,4,12,0,3361.507692307692,52,52439.52,0.028706230606911385
17329.0,15,5,10044.3,4,3,3,10,0,2008.86,5,3013.2899999999995,0.0016449560435643647
17385.0,15,1,2611.1,4,1,1,6,0,2611.1,1,783.3299999999999,0.00042403428147000084
15737.0,15,8,12051.2,4,4,3,11,0,1506.4,8,3615.36,0.0019745944071691626
12438.0,15,2,29068.5,4,2,4,10,0,14534.25,2,8720.55,0.004769728656494946
13048.0,15,9,40842.1,4,4,4,12,0,4538.011111111111,9,12252.63,0.006703572015774154
17302.0,15,5,11356.3,4,3,3,10,0,2271.2599999999998,5,3406.89,0.001860455337524948
17624.0,15,4,15686.3,4,3,3,10,0,3921.575,4,4705.889999999999,0.0025716687085991278
12531.0,15,2,19332.0,4,2,3,9,0,9666.0,2,5799.599999999999,0.003170484086641885
15793.0,15,8,23995.7,4,4,4,12,0,2999.4625,8,7198.71,0.003936508520516863
15117.0,15,8,24859.7,4,4,4,12,0,3107.4625,8,7457.91,0.004078422689710418
15473.0,15,8,20460.0,4,4,3,11,0,2557.5,8,6138.0,0.0033557609186445816
15186.0,15,5,14032.0,4,3,3,10,0,2806.4,5,4209.599999999999,0.0022999457802462373
14946.0,15,1,1009.0,4,1,1,6,0,1009.0,1,302.7,0.00016088533417255415
14703.0,15,1,3181.7,4,1,1,6,0,3181.7,1,954.5099999999999,0.0005177567640415775
14710.0,15,13,19225.9,4,4,3,11,0,1478.9153846153847,13,5767.77,0.0031530568952629085
13579.0,15,5,15390.4,4,3,3,10,0,3078.08,5,4617.12,0.0025230663907005483
13149.0,15,4,16760.6,4,3,3,10,0,4190.15,4,5028.179999999999,0.002748125180780419
17813.0,15,5,17708.8,4,3,3,10,0,3541.7599999999998,5,5312.639999999999,0.00290386941136992
13184.0,15,10,17012.9,4,4,3,11,0,1701.2900000000002,10,5103.87,0.0027895660892150653
13332.0,15,1,3509.0,4,2,2,8,0,3509.0,1,1052.7,0.000571516610774275
15134.0,15,10,15962.9,4,4,3,11,0,1596.29,10,4788.87,0.0026171009530423423
17562.0,15,7,11223.8,4,4,3,11,0,1603.3999999999999,7,3367.14,0.0018386918798650568
13978.0,15,2,1967.9,4,2,1,7,0,983.95,2,590.37,0.00031838706662591014
13437.0,15,7,34080.6,4,3,4,11,0,4868.657142857142,7,10224.179999999998,0.005592978665077139
13050.0,15,35,123445.3,4,4,4,12,0,3527.0085714285715,35,37033.59,0.020271355002729054
13525.0,15,2,6287.8,4,2,2,8,0,3143.9,2,1886.34,0.0010279414873426195
16814.0,15,36,124997.1,4,4,4,12,0,3472.141666666667,36,37499.13,0.020526242048741275
13589.0,15,6,11207.4,4,3,3,10,0,1867.8999999999999,6,3362.22,0.0018359981386905494
12681.0,15,45,308682.8,4,4,4,12,0,6859.6177777777775,45,92604.84,0.05069707944253355
15382.0,15,12,137335.5,4,4,4,12,0,11444.625,12,41200.65,0.022552855226030347
14966.0,15,6,11158.4,4,3,3,10,0,1859.7333333333333,6,3347.52,0.0018279497656691558
17557.0,15,4,5754.6,4,3,2,9,0,1438.65,4,1726.38,0.0009403620486690046
14111.0,15,4,6928.5,4,3,2,9,0,1732.125,4,2078.5499999999997,0.0011331780709101084
12620.0,15,3,13394.1,4,3,3,10,0,4464.7,3,4018.2299999999996,0.0021951691037085425
17348.0,15,9,24764.1,4,4,4,12,0,2751.5666666666666,9,7429.23,0.004062720149693168
17812.0,13,7,11658.9,4,3,3,10,0,1665.5571428571427,7,3497.6699999999996,0.0019101581472448202
17595.0,13,2,3887.9,4,2,2,8,0,1943.95,2,1166.37,0.0006337518870560317
13064.0,13,6,16807.4,4,3,3,10,0,2801.2333333333336,6,5042.22,0.002755812198278404
16005.0,13,10,24362.2,4,4,4,12,0,2436.2200000000003,10,7308.660000000001,0.003996707065666676
13991.0,13,6,8559.7,4,3,2,9,0,1426.6166666666668,6,2567.9100000000003,0.0014011067662671995
17236.0,13,12,19292.6,4,4,3,11,0,1607.7166666666665,12,5787.78,0.003164012537722642
17885.0,13,1,1901.9,4,1,1,6,0,1901.9,1,570.57,0.00030754640092362477
18112.0,13,4,7759.6,4,3,2,9,0,1939.9,4,2327.88,0.0012696883325035847
17769.0,13,17,71030.8,4,4,4,12,0,4178.282352941176,17,21309.239999999994,0.011662141783752699
15436.0,13,3,11225.3,4,2,3,9,0,3741.7666666666664,3,3367.5899999999997,0.0018389382586310177
14577.0,13,7,13742.5,4,3,3,10,0,1963.2142857142858,7,4122.75,0.002252394678415758
13782.0,13,13,17937.2,4,4,3,11,0,1379.7846153846153,13,5381.16,0.0029413846848002534
15351.0,13,10,37382.9,4,4,4,12,0,3738.29,10,11214.87,0.006135389730965886
15054.0,13,2,3021.0,4,2,1,7,0,1510.5,2,906.3,0.000491361385581619
15861.0,13,12,44017.9,4,4,4,12,0,3668.1583333333333,12,13205.37,0.007225205139066853
18001.0,13,6,9538.4,4,3,3,10,0,1589.7333333333333,6,2861.52,0.0015618606984312408
13546.0,13,5,10921.4,4,3,3,10,0,2184.2799999999997,5,3276.419999999999,0.0017890219206473123
16407.0,13,14,28216.5,4,4,4,12,0,2015.4642857142858,14,8464.949999999999,0.00462978551742908
14859.0,13,5,17056.4,4,3,3,10,0,3411.28,5,5116.92,0.002796711073427935
17365.0,13,15,82249.8,4,4,4,12,0,5483.320000000001,15,24674.94,0.013504890700630583
15987.0,13,8,16821.3,4,4,3,11,0,2102.6625,8,5046.389999999999,0.002758095308176309
15009.0,13,3,12617.8,4,3,3,10,0,4205.933333333333,3,3785.3399999999997,0.002067659879698176
17068.0,13,47,91610.8,4,4,4,12,0,1949.1659574468085,47,27483.24,0.015042458452738067
16877.0,13,6,8537.2,4,3,2,9,0,1422.8666666666668,6,2561.1600000000003,0.0013974110847777838
16942.0,13,9,19205.9,4,4,3,11,0,2133.988888888889,9,5761.77,0.003149771845050095
17864.0,13,5,9243.2,4,3,3,10,0,1848.64,5,2772.96,0.0015133733572901098
14093.0,13,1,4428.5,4,1,2,7,0,4428.5,1,1328.55,0.0007225467943083877
14878.0,13,25,41052.4,4,4,4,12,0,1642.096,25,12315.72,0.006738114318761891
18156.0,13,2,9411.7,4,2,3,9,0,4705.85,2,2823.51,0.0015410499053330657
16024.0,13,3,4842.0,4,2,2,8,0,1614.0,3,1452.6,0.0007904652074583123
17231.0,13,25,71970.4,4,4,4,12,0,2878.816,25,21591.12,0.011816473442750691
13571.0,13,26,45465.4,4,4,4,12,0,1748.6692307692308,26,13639.62,0.007462960648219249
16923.0,13,32,133783.6,4,4,4,12,0,4180.7375,32,40135.08,0.021969446733485685
16983.0,13,11,37102.2,4,4,4,12,0,3372.9272727272723,11,11130.659999999998,0.006089284051229043
15747.0,13,9,25626.1,4,4,4,12,0,2847.3444444444444,9,7687.829999999999,0.004204305813865441
15514.0,13,18,65985.5,4,4,4,12,0,3665.8611111111113,18,19795.649999999998,0.010833438591817237
18145.0,13,11,56177.9,4,4,4,12,0,5107.081818181819,11,16853.37,0.009222515668457621
14954.0,13,2,5034.4,4,2,2,8,0,2517.2,2,1510.32,0.0008220673905055808
15555.0,13,36,121123.5,4,4,4,12,0,3364.5416666666665,36,36337.049999999996,0.019889993523523504
13610.0,13,14,21758.8,4,4,3,11,0,1554.2,14,6527.639999999999,0.0035690920794647072
17411.0,13,5,14253.8,4,3,3,10,0,2850.7599999999998,5,4276.139999999999,0.002336376987106342
13232.0,13,7,13576.0,4,3,3,10,0,1939.4285714285713,7,4072.7999999999997,0.0022250466353940838
15561.0,12,8,19343.9,4,4,3,11,0,2417.9875,8,5803.17,0.0031724386915185096
17237.0,12,4,10020.8,4,3,3,10,0,2505.2,4,3006.24,0.0016410961095643087
17929.0,12,12,30821.0,4,4,4,12,0,2568.4166666666665,12,9246.3,0.005057581181392753
16800.0,12,1,12014.9,4,1,3,8,0,12014.9,1,3604.47,0.0019686320410329055
13758.0,12,15,94169.8,4,4,4,12,0,6277.986666666667,15,28250.94,0.015462780627467587
12660.0,12,1,2451.0,4,1,1,6,0,2451.0,1,735.3,0.0003977374545164266
13258.0,12,5,10351.8,4,3,3,10,0,2070.3599999999997,5,3105.5399999999995,0.0016954636905863764
15571.0,12,14,40516.3,4,4,4,12,0,2894.0214285714287,14,12154.890000000001,0.006650058547807419
14480.0,12,4,12995.2,4,3,3,10,0,3248.8,4,3898.56,0.002129648777213972
17988.0,12,14,4895.4,4,4,2,10,0,349.6714285714285,14,1468.62,0.0007992362915265251
15511.0,12,5,9092.3,4,3,3,10,0,1818.4599999999998,5,2727.6899999999996,0.0014885876534344296
13115.0,12,10,54947.0,4,4,4,12,0,5494.7,10,16484.1,0.009020337253109998
12668.0,12,10,114446.8,4,4,4,12,0,11444.68,10,34334.04,0.018793328785728824
13389.0,12,3,7979.6,4,3,2,9,0,2659.866666666667,3,2393.88,0.001305823884844536
13950.0,12,4,7450.6,4,3,2,9,0,1862.65,4,2235.18,0.0012189343067156118
14741.0,12,7,18975.9,4,4,3,11,0,2710.842857142857,7,5692.77,0.0031119937676027365
12906.0,12,5,29198.1,4,3,4,11,0,5839.62,5,8759.429999999998,0.004791015781873979
14215.0,12,9,34163.3,4,4,4,12,0,3795.9222222222224,9,10248.99,0.005606562347707125
13844.0,12,1,3616.2,4,2,2,8,0,3616.2,1,1084.86,0.0005891244799149566
12479.0,12,1,5272.0,4,1,2,7,0,5272.0,1,1581.6,0.0008610937870338083
15540.0,12,2,4606.8,4,2,2,8,0,2303.4,2,1382.04,0.0007518330169556225
16744.0,12,7,13047.6,4,4,3,11,0,1863.9428571428573,7,3914.2799999999997,0.002138255608771544
17651.0,12,16,57035.2,4,4,4,12,0,3564.7,16,17110.559999999998,0.009363329345829884
14704.0,12,11,18135.7,4,4,3,11,0,1648.7,11,5440.71,0.00297398880816243
17019.0,12,11,40122.0,4,4,4,12,0,3647.4545454545455,11,12036.6,0.006585293782861795
17379.0,12,1,4046.6,4,1,2,7,0,4046.6,1,1213.98,0.0006598187604947089
16364.0,12,2,7070.4,4,2,2,8,0,3535.2,2,2121.12,0.0011564855021700222
18229.0,12,28,108037.1,4,4,4,12,0,3858.467857142857,28,32411.13,0.017740519468275207
14901.0,12,12,22896.5,4,4,3,11,0,1908.0416666666667,12,6868.95,0.003755962160820619
15721.0,12,1,5070.8,4,1,2,7,0,5070.8,1,1521.24,0.0008280461818929019
13081.0,12,28,592051.5,4,4,4,12,0,21144.696428571428,28,177615.44999999998,0.09724109985452155
13266.0,12,19,61350.4,4,4,4,12,0,3228.9684210526316,19,18405.12,0.010072111779746583
14597.0,12,6,22015.4,4,3,3,10,0,3669.2333333333336,6,6604.62,0.0036112392736951083
17188.0,12,13,45929.3,4,4,4,12,0,3533.023076923077,13,13778.79,0.007539157387905464
17359.0,12,2,2844.6,4,2,1,7,0,1422.3,2,853.38,0.00046238724270460156
15601.0,12,30,149601.2,4,4,4,12,0,4986.706666666667,30,44880.36,0.024567527245795837
13418.0,12,31,122336.0,4,4,4,12,0,3946.3225806451615,31,36700.799999999996,0.02008914969267534
17523.0,12,4,6527.4,4,3,2,9,0,1631.85,4,1958.2199999999998,0.0010672963888921283
13196.0,12,7,30688.4,4,4,4,12,0,4384.057142857143,7,9206.52,0.005035801298481798
17299.0,12,6,10160.8,4,3,3,10,0,1693.4666666666665,6,3048.24,0.0016640914610540052
13030.0,12,2,12272.2,4,2,3,9,0,6136.1,2,3681.6600000000003,0.0020108942120207547
17031.0,12,6,27738.5,4,3,4,11,0,4623.083333333333,6,8321.55,0.004551272817342831
13590.0,12,18,63495.9,4,4,4,12,0,3527.55,18,19048.77,0.01042451554132618
17924.0,12,8,35367.0,4,4,4,12,0,4420.875,8,10610.1,0.005804273094765322
15838.0,12,34,741630.0,4,4,4,12,0,21812.647058823528,34,222489.0,0.12180974401738975
17419.0,12,18,65005.2,4,4,4,12,0,3611.3999999999996,18,19501.559999999998,0.01067242185563617
14290.0,12,8,45165.6,4,4,4,12,0,5645.7,8,13549.679999999998,0.007413717745529169
16347.0,12,11,35094.1,4,4,4,12,0,3190.372727272727,11,10528.23,0.005759448584611478
18101.0,12,5,6291.6,4,3,2,9,0,1258.3200000000002,5,1887.48,0.0010285656468830542
18096.0,12,6,18052.8,4,3,3,10,0,3008.7999999999997,6,5415.839999999999,0.0029603722750303164
17739.0,12,18,77305.9,4,4,4,12,0,4294.772222222222,18,23191.769999999997,0.012692842713274083
13914.0,12,2,6264.5,4,2,2,8,0,3132.25,2,1879.35,0.0010241144038446914
17852.0,12,5,6632.1,4,3,2,9,0,1326.42,5,1989.63,0.0010844936267562085
12657.0,12,4,16431.8,4,3,3,10,0,4107.95,4,4929.54,0.0026941189552817614
16094.0,12,11,36955.6,4,4,4,12,0,3359.6,11,11086.679999999998,0.006065204633169119
13004.0,12,36,116508.5,4,4,4,12,0,3236.347222222222,36,34952.549999999996,0.019131968186916728
14511.0,12,5,13148.1,4,3,3,10,0,2629.62,5,3944.4299999999994,0.002154762986090933
14470.0,12,3,7120.4,4,3,2,9,0,2373.4666666666667,3,2136.12,0.0011646981277020564
13188.0,12,1,1146.0,4,1,1,6,0,1146.0,1,343.8,0.00018338792813032845
17806.0,12,1,5460.4,4,1,2,7,0,5460.4,1,1638.12,0.000892038960038514
18041.0,12,38,87523.8,4,4,4,12,0,2303.257894736842,38,26257.139999999996,0.014371158441749571
15714.0,12,5,7848.1,4,3,2,9,0,1569.6200000000001,5,2354.43,0.0012842246796952853
15022.0,12,5,11860.9,4,3,3,10,0,2372.18,5,3558.27,0.0019433371543942394
16818.0,11,11,33495.7,4,4,4,12,0,3045.0636363636363,11,10048.71,0.005496907371603401
15197.0,11,6,18775.1,4,3,3,10,0,3129.183333333333,6,5632.53,0.003079011863466086
15089.0,11,6,24208.4,4,3,4,11,0,4034.7333333333336,6,7262.52,0.0039714450295301375
12375.0,11,2,4575.0,4,2,2,8,0,2287.5,2,1372.5,0.0007466097871172486
14173.0,11,6,5860.0,4,3,2,9,0,976.6666666666666,6,1758.0,0.0009576742632905331
17711.0,11,2,3851.0,4,2,2,8,0,1925.5,2,1155.3,0.0006276909694133902
13657.0,11,2,3821.4,4,2,2,8,0,1910.7,2,1146.42,0.000622829095098426
12654.0,11,5,6019.8,4,3,2,9,0,1203.96,5,1805.94,0.000983921814490915
13068.0,11,2,3440.0,4,2,1,7,0,1720.0,2,1032.0,0.0005601831875400674
13496.0,11,2,6533.3,4,2,2,8,0,3266.65,2,1959.99,0.0010682654787049085
16479.0,11,2,3008.3,4,2,1,7,0,1504.15,2,902.49,0.0004892753786964822
12627.0,11,7,44785.3,4,4,4,12,0,6397.900000000001,7,13435.59,0.0073512525157325165
16852.0,11,2,1449.1,4,2,1,7,0,724.55,2,434.72999999999996,0.00023317286410552105
17466.0,11,2,7632.8,4,2,2,8,0,3816.4,2,2289.84,0.0012488611141543452
14321.0,11,7,22180.6,4,4,3,11,0,3168.657142857143,7,6654.179999999999,0.0036383737884529495
14785.0,11,2,774.0,4,2,1,7,0,387.0,2,232.2,0.00012228599417199242
15239.0,11,2,7805.9,4,2,2,8,0,3902.95,2,2341.77,0.0012772932237462484
14419.0,11,7,12609.1,4,4,3,11,0,1801.3,7,3782.73,0.0020662308828556025
14452.0,11,4,6655.9,4,3,2,9,0,1663.975,4,1996.7699999999998,0.0010884028365094568
17101.0,11,7,25070.5,4,4,4,12,0,3581.5,7,7521.15,0.0041130471189534746
12670.0,11,7,37602.9,4,4,4,12,0,5371.842857142858,7,11280.87,0.006171525283306837
15619.0,11,1,3364.0,4,1,1,6,0,3364.0,1,1009.1999999999999,0.0005476999967313751
13467.0,11,2,10837.1,4,2,3,9,0,5418.55,2,3251.13,0.0017751754340003029
12464.0,11,8,12120.5,4,4,3,11,0,1515.0625,8,3636.15,0.001985977106156562
15148.0,11,1,3012.9,4,1,1,6,0,3012.9,1,903.87,0.0004900309402454294
13198.0,11,8,49742.3,4,4,4,12,0,6217.7875,8,14922.69,0.008165452210978408
12451.0,11,8,126698.8,4,4,4,12,0,15837.35,8,38009.64,0.020805750546098536
13349.0,11,1,2473.2,4,1,1,6,0,2473.2,1,741.9599999999999,0.0004013838602526499
15783.0,11,1,2463.0,4,1,1,6,0,2463.0,1,738.9,0.0003997084846441149
15790.0,11,1,2208.5,4,1,1,6,0,2208.5,1,662.55,0.0003579062206860597
14601.0,11,1,2139.6,4,1,1,6,0,2139.6,1,641.88,0.00034658922270291634
13928.0,11,4,4645.7,4,3,2,9,0,1161.425,4,1393.7099999999998,0.0007582224396195452
17655.0,11,9,36524.8,4,4,4,12,0,4058.3111111111116,9,10957.44,0.005994444651585111
12727.0,11,10,56795.3,4,4,4,12,0,5679.530000000001,10,17038.59,0.009323925168527184
13211.0,11,10,27293.2,4,4,4,12,0,2729.32,10,8187.96,0.004478131174354533
14824.0,11,10,40229.1,4,4,4,12,0,4022.91,10,12068.73,0.006602885226751412
17682.0,11,11,44567.8,4,4,4,12,0,4051.618181818182,11,13370.34,0.007315527594668167
13428.0,11,3,4999.8,4,2,2,8,0,1666.6000000000001,3,1499.94,0.000816384253637413
14408.0,11,11,41097.7,4,4,4,12,0,3736.1545454545453,11,12329.31,0.006745554957493914
15206.0,11,4,4203.0,4,3,2,9,0,1050.75,4,1260.8999999999999,0.0006855078531589126
13147.0,11,4,7128.0,4,3,2,9,0,1782.0,4,2138.4,0.001165946446782926
14711.0,11,11,28688.0,4,4,4,12,0,2608.0,11,8606.4,0.004707230576196165
13014.0,11,11,53810.8,4,4,4,12,0,4891.890909090909,11,16143.24,0.008833713550520048
14723.0,11,11,20930.6,4,4,3,11,0,1902.7818181818182,11,6279.179999999999,0.0034330581501520892
14550.0,11,4,13533.1,4,3,3,10,0,3383.275,4,4059.93,0.0022180002026875984
14836.0,11,3,1024.5,4,2,1,7,0,341.5,3,307.34999999999997,0.00016343124808748481
12798.0,11,4,85109.3,4,3,4,11,0,21277.325,4,25532.79,0.013974570754807632
14125.0,11,3,27404.3,4,3,4,11,0,9134.766666666666,3,8221.289999999999,0.004496379628286713
14390.0,11,13,63998.3,4,4,4,12,0,4922.946153846154,13,19199.489999999998,0.01050703600267206
14349.0,11,1,1335.0,4,1,1,6,0,1335.0,1,400.5,0.00021443165264141854
16992.0,11,13,54765.0,4,4,4,12,0,4212.692307692308,13,16429.5,0.008990443296173394
17468.0,11,3,1948.0,4,3,1,8,0,649.3333333333334,3,584.4,0.00031511844166416046
14701.0,11,15,45620.9,4,4,4,12,0,3041.3933333333334,15,13686.27,0.007488501913623876
14209.0,11,15,49932.7,4,4,4,12,0,3328.8466666666664,15,14979.809999999998,0.008196725889004395
13883.0,11,15,65600.2,4,4,4,12,0,4373.346666666666,15,19680.059999999998,0.010770152099467379
16775.0,11,16,30568.9,4,4,4,12,0,1910.55625,16,9170.67,0.005016173123460236
13137.0,11,16,77127.0,4,4,4,12,0,4820.4375,16,23138.1,0.012663457939120465
14088.0,11,16,640368.0,4,4,4,12,0,40023.0,16,192110.4,0.10517720628489237
13429.0,11,4,10068.0,4,3,3,10,0,2517.0,4,3020.4,0.0016488488280665494
14388.0,11,16,67010.0,4,4,4,12,0,4188.125,16,20103.0,0.011001715288968622
15755.0,11,17,59931.2,4,4,4,12,0,3525.3647058823526,17,17979.359999999997,0.009839004616645317
14866.0,11,19,208502.2,4,4,4,12,0,10973.800000000001,19,62550.66,0.034242164375043016
17306.0,11,21,97823.5,4,4,4,12,0,4658.261904761905,21,29347.05,0.01606291002559547
15218.0,11,22,115165.7,4,4,4,12,0,5234.804545454545,22,34549.71,0.018911409915628414
14961.0,11,22,164101.5,4,4,4,12,0,7459.159090909091,22,49230.45,0.026949237925839007
17772.0,11,3,3847.7,4,3,2,9,0,1282.5666666666666,3,1154.31,0.000627148936128276
14554.0,11,4,23810.4,4,3,4,11,0,5952.6,4,7143.12,0.0039060725302951438
13576.0,11,28,115517.4,4,4,4,12,0,4125.621428571429,28,34655.219999999994,0.01896917752362074
18118.0,11,29,67332.2,4,4,4,12,0,2321.7999999999997,29,20199.66,0.011054637447897052
13999.0,11,29,95022.6,4,4,4,12,0,3276.641379310345,29,28506.780000000002,0.015602855168541969
14180.0,11,33,63192.5,4,4,4,12,0,1914.9242424242425,33,18957.75,0.010374681329597795
16549.0,11,34,131821.9,4,4,4,12,0,3877.1147058823526,34,39546.57,0.021647232583361847
15297.0,11,3,6419.4,4,3,2,9,0,2139.7999999999997,3,1925.8199999999997,0.001049557117742934
16782.0,11,38,104384.1,4,4,4,12,0,2746.9500000000003,38,31315.23,0.01714050504690477
15615.0,11,47,213739.7,4,4,4,12,0,4547.653191489362,47,64121.91,0.03510243689952362
14667.0,11,54,219271.4,4,4,4,12,0,4060.581481481481,54,65781.42,0.03601103251263471
16168.0,11,66,106364.7,4,4,4,12,0,1611.5863636363636,66,31909.409999999996,0.017465823569479715
12524.0,10,17,111261.1,4,4,4,12,0,6544.770588235295,17,33378.33,0.018270069562580784
12528.0,10,6,19334.8,4,3,3,10,0,3222.4666666666667,6,5800.44,0.003170943993671679
16265.0,10,12,69351.7,4,4,4,12,0,5779.308333333333,12,20805.51,0.01138634539313592
13784.0,10,14,29102.3,4,4,4,12,0,2078.735714285714,14,8730.689999999999,0.004775280391354601
14156.0,10,156,3139463.7,4,4,4,12,1,20124.76730769231,156,941839.11,0.5156599493412407
15251.0,10,21,203245.4,4,4,4,12,0,9678.352380952381,21,60973.619999999995,0.033378721777107045
12429.0,10,8,74859.1,4,4,4,12,0,9357.3875,8,22457.73,0.012290949670238449
17736.0,10,3,3774.4,4,2,2,8,0,1258.1333333333334,3,1132.3200000000002,0.0006151092270983136
13658.0,10,9,60255.0,4,4,4,12,0,6695.0,9,18076.5,0.009892189579590774
13255.0,10,3,9044.6,4,2,3,9,0,3014.866666666667,3,2713.38,0.001480752808676869
12921.0,10,74,359210.4,4,4,4,12,0,4854.1945945945945,74,107763.11999999998,0.05899636459918198
17502.0,10,4,6891.0,4,3,2,9,0,1722.75,4,2067.2999999999997,0.0011270186017610826
17911.0,10,1,3662.3,4,2,2,8,0,3662.3,1,1098.69,0.0005966965206554924
14713.0,10,21,54188.7,4,4,4,12,0,2580.4142857142856,21,16256.609999999999,0.008895784574291164
14448.0,10,2,3753.5,4,2,2,8,0,1876.75,2,1126.05,0.0006116763496259232
12598.0,10,11,45340.9,4,4,4,12,0,4121.900000000001,11,13602.270000000002,0.007442511210644484
15654.0,10,2,9225.3,4,2,3,9,0,4612.65,2,2767.5899999999997,0.0015104332373496413
14963.0,10,12,31644.8,4,4,4,12,0,2637.0666666666666,12,9493.439999999999,0.005192892399658551
15544.0,10,20,81624.3,4,4,4,12,0,4081.215,20,24487.29,0.013402150755224834
14005.0,10,5,28747.2,4,3,4,11,0,5749.4400000000005,5,8624.160000000002,0.004716954324826095
15394.0,10,11,52868.0,4,4,4,12,0,4806.181818181818,11,15860.4,0.008678856283488008
15046.0,10,25,78123.9,4,4,4,12,0,3124.9559999999997,25,23437.17,0.012827201266978167
15039.0,10,93,400314.3,4,4,4,12,1,4304.4548387096775,93,120094.29,0.06574778337130577
15782.0,10,4,40141.0,4,3,4,11,0,10035.25,4,12042.3,0.0065884145805639675
16295.0,10,4,13285.5,4,3,3,10,0,3321.375,4,3985.6499999999996,0.0021773312810529637
13362.0,10,7,53940.7,4,4,4,12,0,7705.814285714286,7,16182.21,0.008855049951652273
15467.0,10,3,5248.8,4,2,2,8,0,1749.6000000000001,3,1574.64,0.0008572831287869445
14755.0,10,25,99725.5,4,4,4,12,0,3989.02,25,29917.649999999998,0.01637531830083406
12630.0,10,2,12708.8,4,2,3,9,0,6354.4,2,3812.6399999999994,0.0020826068581664787
15414.0,10,3,7749.0,4,3,2,9,0,2583.0,3,2324.7,0.001267947255890793
17288.0,10,11,24999.8,4,4,4,12,0,2272.7090909090907,11,7499.94,0.004101434466451178
12957.0,10,13,87069.7,4,4,4,12,0,6697.66923076923,13,26120.91,0.014296571376667637
17737.0,10,2,1682.4,4,2,1,7,0,841.2,2,504.72,0.00027149297483799366
14540.0,10,11,37953.4,4,4,4,12,0,3450.309090909091,11,11386.02,0.006229095788286398
15073.0,10,8,27880.2,4,4,4,12,0,3485.025,8,8364.06,0.004574547398100617
15444.0,10,2,14182.6,4,2,3,9,0,7091.3,2,4254.78,0.002324682208348725
12787.0,10,4,8621.8,4,3,2,9,0,2155.45,4,2586.5399999999995,0.0014113068471779857
13203.0,10,10,26482.5,4,4,4,12,0,2648.25,10,7944.75,0.004344971663978127
15680.0,10,10,45075.8,4,4,4,12,0,4507.58,10,13522.74,0.007398967870073637
16712.0,10,13,42669.9,4,4,4,12,0,3282.3,13,12800.97,0.007003792754723204
14258.0,10,25,320513.4,4,4,4,12,0,12820.536,25,96154.02,0.05264028519491928
12882.0,10,2,14630.4,4,2,3,9,0,7315.2,2,4389.12,0.0023982344826136252
15113.0,10,3,36093.3,4,2,4,10,0,12031.1,3,10827.99,0.0059235696932436535
14618.0,10,7,13423.2,4,3,3,10,0,1917.6000000000001,7,4026.96,0.0021999488517681865
16915.0,10,11,15431.8,4,4,3,11,0,1402.890909090909,11,4629.54,0.002529866444641073
13647.0,10,8,30716.8,4,4,4,12,0,3839.6,8,9215.039999999999,0.005040466069783993
16115.0,10,12,25751.4,4,4,4,12,0,2145.9500000000003,12,7725.42,0.004224886653448719
15903.0,10,12,89398.4,4,4,4,12,0,7449.866666666666,12,26819.519999999997,0.014679066198196606
14062.0,10,24,256042.0,4,4,4,12,0,10668.416666666666,24,76812.59999999999,0.042050695880399204
16657.0,10,4,9336.2,4,3,3,10,0,2334.05,4,2800.86,0.0015286488407796938
12966.0,10,1,1601.8,4,1,1,6,0,1601.8,1,480.53999999999996,0.00025825422248035415
15611.0,10,26,29972.8,4,4,4,12,0,1152.8,26,8991.84,0.004918262201867321
12488.0,10,3,12986.6,4,3,3,10,0,4328.866666666667,3,3895.98,0.002128236205622462
16062.0,10,8,28634.5,4,4,4,12,0,3579.3125,8,8590.35,0.004698443066876889
16361.0,10,4,8966.6,4,3,2,9,0,2241.65,4,2689.98,0.0014679411128468954
18241.0,10,21,29869.9,4,4,4,12,0,1422.3761904761905,21,8960.97,0.004901360618522394
18230.0,10,9,42910.6,4,4,4,12,0,4767.844444444444,9,12873.179999999998,0.007043328334034417
18058.0,10,3,7740.6,4,3,2,9,0,2580.2000000000003,3,2322.18,0.0012665675348014114
12953.0,10,2,8288.1,4,2,2,8,0,4144.05,2,2486.43,0.0013564957843771883
14385.0,10,3,2021.1,4,3,1,8,0,673.6999999999999,3,606.3299999999999,0.00032712530019199474
12784.0,10,3,18047.5,4,3,3,10,0,6015.833333333333,3,5414.25,0.0029595017367239213
14893.0,10,3,18096.1,4,3,3,10,0,6032.033333333333,3,5428.829999999999,0.002967484408741058
18179.0,10,8,25475.5,4,4,4,12,0,3184.4375,8,7642.65,0.004179569385762954
13012.0,10,11,29728.3,4,4,4,12,0,2702.572727272727,11,8918.49,0.004878102463015673
15152.0,10,14,52638.3,4,4,4,12,0,3759.878571428572,14,15791.49,0.008641127481793841
12714.0,10,12,140937.1,4,4,4,12,0,11744.758333333333,12,42281.13,0.02314442706835385
18158.0,10,2,4534.0,4,2,2,8,0,2267.0,2,1360.2,0.0007398754341809804
15712.0,10,12,34724.1,4,4,4,12,0,2893.6749999999997,12,10417.23,0.005698675155674423
16241.0,10,16,43293.1,4,4,4,12,0,2705.81875,16,12987.929999999998,0.0071061549193544805
14432.0,10,6,22555.1,4,3,3,10,0,3759.183333333333,6,6766.53,0.0036998863536878875
15024.0,10,16,40755.1,4,4,4,12,0,2547.19375,16,12226.529999999999,0.006689282047348414
14440.0,9,13,66387.3,4,4,4,12,0,5106.715384615385,13,19916.19,0.010899435250592665
14178.0,9,7,16209.3,4,4,3,11,0,2315.6142857142854,7,4862.789999999999,0.0026575727716642078
18077.0,9,18,43385.6,4,4,4,12,0,2410.311111111111,18,13015.679999999998,0.0071213482765887445
17293.0,9,17,37742.3,4,4,4,12,0,2220.1352941176474,17,11322.69,0.006194422083290149
16966.0,9,7,21549.7,4,4,3,11,0,3078.5285714285715,7,6464.91,0.00353474687948974
15021.0,9,12,27838.3,4,4,4,12,0,2319.858333333333,12,8351.489999999998,0.004567665217904771
15101.0,9,6,14779.4,4,3,3,10,0,2463.233333333333,6,4433.819999999999,0.002422708106699087
13854.0,9,39,122539.6,4,4,4,12,0,3142.041025641026,39,36761.88,0.020122591503841786
14309.0,9,11,37808.1,4,4,4,12,0,3437.1,11,11342.429999999998,0.006205229898490305
16813.0,9,10,16929.8,4,4,3,11,0,1692.98,10,5078.94,0.0027759167055808236
16789.0,9,1,808.0,4,1,1,6,0,808.0,1,242.39999999999998,0.00012787057953377582
15687.0,9,9,29931.0,4,4,4,12,0,3325.6666666666665,9,8979.3,0.00491139644692254
15602.0,9,16,32305.1,4,4,4,12,0,2019.06875,16,9691.529999999999,0.005301348332434598
16839.0,9,44,223104.9,4,4,4,12,0,5070.565909090909,44,66931.47,0.03664069451217579
15500.0,9,4,11315.6,4,3,3,10,0,2828.9,4,3394.68,0.001853770260341872
14262.0,9,8,26182.3,4,4,4,12,0,3272.7875,8,7854.69,0.004295663060283792
15948.0,9,3,15090.9,4,3,3,10,0,5030.3,3,4527.27,0.0024738727637636623
15060.0,9,4,3030.9,4,3,1,8,0,757.725,4,909.27,0.0004929874854369617
14287.0,9,3,1766.3,4,3,1,8,0,588.7666666666667,3,529.89,0.0002852737604807474
16119.0,9,8,17208.1,4,4,3,11,0,2151.0125,8,5162.429999999999,0.0028216281792921272
17350.0,9,7,19060.4,4,4,3,11,0,2722.914285714286,7,5718.12,0.003125873104751874
17576.0,9,41,90568.1,4,4,4,12,0,2208.978048780488,41,27170.43,0.014871192359893022
14960.0,9,2,2212.7,4,2,1,7,0,1106.35,2,663.81,0.0003585960812307506
16701.0,9,26,99167.3,4,4,4,12,0,3814.126923076923,26,29750.19,0.01628363254939443
17014.0,9,3,5863.3,4,2,2,8,0,1954.4333333333334,3,1758.99,0.0009582162965756474
14659.0,9,9,25299.3,4,4,4,12,0,2811.0333333333333,9,7589.789999999999,0.004150628093388064
16938.0,9,9,70431.8,4,4,4,12,0,7825.7555555555555,9,21129.54,0.01156375452987893
12562.0,9,9,49669.2,4,4,4,12,0,5518.799999999999,9,14900.759999999998,0.008153445352450573
15904.0,9,1,1646.8,4,1,1,6,0,1646.8,1,494.03999999999996,0.0002656455854591851
14298.0,9,82,911944.9,4,4,4,12,1,11121.279268292683,82,273583.47,0.1497843939419075
13159.0,9,4,14378.5,4,3,3,10,0,3594.625,4,4313.55,0.0023568592751832362
14243.0,9,17,74310.5,4,4,4,12,0,4371.205882352941,17,22293.149999999998,0.012200840742900966
17450.0,9,51,2469730.9,4,4,4,12,1,48426.09607843137,51,740919.2699999999,0.4056546554828227
17426.0,9,13,80777.7,4,4,4,12,0,6213.66923076923,13,24233.309999999998,0.013263094579716425
16700.0,9,25,91677.1,4,4,4,12,0,3667.0840000000003,25,27503.13,0.015053348394193545
12951.0,9,15,32137.2,4,4,4,12,0,2142.48,15,9641.16,0.005273770335898027
15434.0,9,11,25670.6,4,4,4,12,0,2333.690909090909,11,7701.179999999999,0.004211615050588952
12919.0,9,6,13351.9,4,3,3,10,0,2225.3166666666666,6,4005.5699999999997,0.0021882376477595053
18122.0,9,6,18262.1,4,3,3,10,0,3043.683333333333,6,5478.629999999999,0.0029947503255074127
17321.0,9,6,17411.8,4,3,3,10,0,2901.9666666666667,6,5223.54,0.0028550864157096357
15373.0,9,17,34213.9,4,4,4,12,0,2012.5823529411766,17,10264.17,0.005614873524745544
16156.0,9,20,62181.8,4,4,4,12,0,3109.09,20,18654.54,0.010208671317093252
13090.0,9,24,141030.9,4,4,4,12,0,5876.287499999999,24,42309.27,0.023159833953851943
17566.0,9,2,9012.1,4,2,3,9,0,4506.05,2,2703.63,0.0014754146020810467
14146.0,9,12,94503.0,4,4,4,12,0,7875.25,12,28350.899999999998,0.015517509564013064
14367.0,9,16,92615.2,4,4,4,12,0,5788.45,16,27784.559999999998,0.015207433674425572
15028.0,9,6,11577.1,4,3,3,10,0,1929.5166666666667,6,3473.13,0.0018967222918744122
16496.0,9,6,23307.7,4,3,4,11,0,3884.616666666667,6,6992.31,0.00382350279319607
16169.0,9,4,18229.7,4,3,3,10,0,4557.425,4,5468.91,0.0029894285441626547
17937.0,9,7,43012.2,4,4,4,12,0,6144.599999999999,7,12903.659999999998,0.007060016389115511
14047.0,9,14,42550.3,4,4,4,12,0,3039.307142857143,14,12765.09,0.006984148154450578
14299.0,9,27,144994.9,4,4,4,12,0,5370.181481481482,27,43498.469999999994,0.02381093090603163
12963.0,9,12,36015.9,4,4,4,12,0,3001.3250000000003,12,10804.77,0.005910856548920065
15862.0,9,13,29282.9,4,4,4,12,0,2252.5307692307692,13,8784.87,0.004804944394776311
12664.0,9,11,60700.4,4,4,4,12,0,5518.218181818182,11,18210.12,0.009965347647830134
14804.0,9,1,3532.7,4,2,2,8,0,3532.7,1,1059.81,0.0005754093952764592
15144.0,9,29,121603.1,4,4,4,12,0,4193.210344827587,29,36480.93,0.019968769027626784
16011.0,9,29,58804.6,4,4,4,12,0,2027.7448275862068,29,17641.379999999997,0.009653957738157517
17768.0,9,7,35095.1,4,3,4,11,0,5013.585714285714,7,10528.529999999999,0.005759612837122118
13040.0,9,2,6769.9,4,2,2,8,0,3384.95,2,2030.9699999999998,0.0011071276227224952
17115.0,9,7,27614.9,4,4,4,12,0,3944.9857142857145,7,8284.47,0.004530971207027642
14655.0,9,7,38785.1,4,4,4,12,0,5540.728571428571,7,11635.529999999999,0.006365704601386258
16242.0,9,14,74744.0,4,4,4,12,0,5338.857142857143,14,22423.2,0.012272044206263705
12553.0,9,12,46087.5,4,4,4,12,0,3840.625,12,13826.25,0.007565142135088821
13509.0,9,8,11147.2,4,4,3,11,0,1393.4,8,3344.1600000000003,0.0018261101375499804
15531.0,9,2,20074.4,4,2,3,9,0,10037.2,2,6022.320000000001,0.0032924251505415327
12901.0,9,28,176545.4,4,4,4,12,0,6305.192857142857,28,52963.619999999995,0.02899317974300067
15993.0,9,7,27975.7,4,4,4,12,0,3996.5285714285715,7,8392.71,0.004590233512866802
14732.0,9,19,55170.7,4,4,4,12,0,2903.721052631579,19,16551.21,0.00905708053974032
14869.0,9,6,28042.4,4,3,4,11,0,4673.733333333334,6,8412.72,0.004601189155326537
16376.0,9,2,9870.1,4,2,3,9,0,4935.05,2,2961.03,0.0016163432562107574
15380.0,9,11,34790.6,4,4,4,12,0,3162.781818181818,11,10437.179999999998,0.005709597947632029
14766.0,9,11,65561.3,4,4,4,12,0,5960.118181818182,11,19668.39,0.010763762676803457
17381.0,9,38,400023.7,4,4,4,12,0,10526.939473684211,38,120007.11,0.06570005159171359
16145.0,9,19,68054.4,4,4,4,12,0,3581.810526315789,19,20416.319999999996,0.011173260611081755
14289.0,9,6,9112.6,4,3,3,10,0,1518.7666666666667,6,2733.78,0.001491921979400436
12572.0,9,2,10204.2,4,2,3,9,0,5102.1,2,3061.26,0.0016712200200158112
15951.0,9,3,10131.7,4,2,3,9,0,3377.2333333333336,3,3039.51,0.0016593117129943614
15172.0,9,5,16240.5,4,3,3,10,0,3248.1,5,4872.15,0.0026626974499961973
14897.0,8,8,31405.4,4,4,4,12,0,3925.675,8,9421.62,0.005153570348611172
13297.0,8,7,43686.2,4,3,4,11,0,6240.885714285714,7,13105.859999999999,0.007170722581287335
15570.0,8,25,93110.4,4,4,4,12,0,3724.4159999999997,25,27933.12,0.015288771517694841
15123.0,8,5,46561.7,4,3,4,11,0,9312.34,5,13968.509999999998,0.0076430306756346345
15547.0,8,26,101543.9,4,4,4,12,0,3905.5346153846153,26,30463.17,0.016673995066183087
17183.0,8,6,33473.1,4,3,4,11,0,5578.849999999999,6,10041.929999999998,0.005493195264862922
16474.0,8,7,18715.0,4,3,3,10,0,2673.5714285714284,7,5614.5,0.0030691402875765808
17611.0,8,28,83719.8,4,4,4,12,0,2989.9928571428572,28,25115.94,0.013746341891272395
12962.0,8,2,2663.9,4,2,1,7,0,1331.95,2,799.17,0.0004327068140318292
12856.0,8,6,21799.3,4,3,3,10,0,3633.2166666666667,6,6539.79,0.0035757443061456558
14688.0,8,28,77135.7,4,4,4,12,0,2754.8464285714285,28,23140.71,0.01266488693596304
14493.0,8,10,51301.5,4,4,4,12,0,5130.15,10,15390.449999999999,0.00842155472556937
14788.0,8,3,11563.2,4,2,3,9,0,3854.4,3,3468.96,0.0018944391819765065
12364.0,8,4,13131.0,4,3,3,10,0,3282.75,4,3939.2999999999997,0.0021519542681589774
13953.0,8,12,66406.8,4,4,4,12,0,5533.900000000001,12,19922.04,0.01090263817455016
12700.0,8,4,49399.9,4,3,4,11,0,12349.975,4,14819.97,0.008109212151335036
12970.0,8,10,15249.7,4,4,3,11,0,1524.97,10,4574.91,0.0024999560624534034
13495.0,8,10,53742.6,4,4,4,12,0,5374.26,10,16122.78,0.008822511529294355
12587.0,8,1,1440.0,4,1,1,6,0,1440.0,1,432.0,0.00023167816625869082
16038.0,8,3,4717.8,4,2,2,8,0,1572.6000000000001,3,1415.34,0.0007700650456367389
13884.0,8,10,18884.8,4,4,3,11,0,1888.48,10,5665.44,0.0030970303638833694
13017.0,8,1,2040.0,4,1,1,6,0,2040.0,1,612.0,0.0003302296726431038
18097.0,8,11,46633.2,4,4,4,12,0,4239.381818181818,11,13989.96,0.007654774730145444
18055.0,8,14,111955.7,4,4,4,12,0,7996.835714285714,14,33586.71,0.018384159356471804
13780.0,8,3,7358.2,4,2,2,8,0,2452.733333333333,3,2207.4599999999996,0.001203757374732412
17567.0,8,9,53560.3,4,4,4,12,0,5951.144444444445,9,16068.09,0.008792568296604556
17686.0,8,9,82968.1,4,4,4,12,0,9218.677777777779,9,24890.43,0.01362287327902379
15078.0,8,53,177618.8,4,4,4,12,0,3351.298113207547,53,53285.63999999999,0.02916948838792238
14865.0,8,4,1297.2,4,3,1,8,0,324.3,4,389.16,0.00020822290773920055
13309.0,8,6,17063.7,4,3,3,10,0,2843.9500000000003,6,5119.11,0.002797910116755612
16440.0,8,6,38569.7,4,3,4,11,0,6428.283333333333,6,11570.909999999998,0.006330324610594253
14250.0,8,3,19040.5,4,3,3,10,0,6346.833333333333,3,5712.15,0.0031226044797901245
13183.0,8,15,70361.8,4,4,4,12,0,4690.786666666667,15,21108.54,0.011552256854134082
17221.0,8,5,9785.2,4,3,3,10,0,1957.0400000000002,5,2935.56,0.0016023982180573626
16899.0,8,8,17210.2,4,4,3,11,0,2151.275,8,5163.06,0.002821973109564473
14023.0,8,2,5840.7,4,2,2,8,0,2920.35,2,1752.2099999999998,0.0009545041898351677
16359.0,8,16,26977.5,4,4,4,12,0,1686.09375,16,8093.25,0.004426276656745267
17942.0,8,1,775.0,4,1,1,6,0,775.0,1,232.5,0.0001224502466826331
15769.0,8,46,887043.2,4,4,4,12,0,19283.547826086957,46,266112.95999999996,0.14569422719768627
12558.0,8,1,2699.6,4,1,1,6,0,2699.6,1,809.88,0.0004385706286617018
13868.0,8,2,31925.4,4,2,4,10,0,15962.7,2,9577.62,0.00523898165414433
14292.0,8,16,92262.5,4,4,4,12,0,5766.40625,16,27678.75,0.015149501813922604
13458.0,8,16,119592.7,4,4,4,12,0,7474.54375,16,35877.81,0.01963855578023474
14031.0,8,44,409991.7,4,4,4,12,0,9317.993181818181,44,122997.50999999998,0.06733732061777996
12704.0,8,8,23408.4,4,4,4,12,0,2926.05,8,7022.52,0.0038400430210175874
14126.0,8,4,11724.6,4,3,3,10,0,2931.15,4,3517.38,0.0019209495371939136
14560.0,8,44,61140.3,4,4,4,12,0,1389.5522727272728,44,18342.09,0.010037602327260975
12762.0,8,2,18985.2,4,2,3,9,0,9492.6,2,5695.56,0.003113521315951695
14428.0,8,5,12448.3,4,3,3,10,0,2489.66,5,3734.49,0.00203981907914458
17086.0,8,6,20500.8,4,3,3,10,0,3416.7999999999997,6,6150.24,0.003362462421078722
16759.0,8,3,7897.9,4,3,2,9,0,2632.633333333333,3,2369.37,0.0012924044547251918
14895.0,8,38,251195.4,4,4,4,12,0,6610.405263157894,38,75358.62,0.04125462966232804
17157.0,8,19,51519.0,4,4,4,12,0,2711.5263157894738,19,15455.699999999999,0.008457279646633719
18144.0,8,19,50580.0,4,4,4,12,0,2662.1052631578946,19,15174.0,0.008303046539142113
17584.0,8,6,53094.2,4,3,4,11,0,8849.033333333333,6,15928.259999999998,0.00871601020139493
17386.0,8,7,28127.7,4,4,4,12,0,4018.2428571428572,7,8438.31,0.004615199894484187
18245.0,8,20,63249.8,4,4,4,12,0,3162.4900000000002,20,18974.94,0.010384092998457505
13969.0,8,35,133658.7,4,4,4,12,0,3818.82,35,40097.61,0.021948931594906664
12695.0,8,7,14071.2,4,4,3,11,0,2010.1714285714286,7,4221.36,0.0023063844786633523
14594.0,8,2,6348.3,4,2,2,8,0,3174.15,2,1904.49,0.001037878764236381
13560.0,8,1,1743.7,4,1,1,6,0,1743.7,1,523.11,0.00028156165374026786
17495.0,8,3,8067.2,4,3,2,9,0,2689.0666666666666,3,2420.16,0.0013202124047766602
12684.0,8,7,22836.3,4,4,3,11,0,3262.328571428571,7,6850.889999999999,0.003746074159680049
16333.0,8,22,266268.0,4,4,4,12,0,12103.09090909091,22,79880.4,0.043730342054210884
16103.0,8,22,61917.1,4,4,4,12,0,2814.413636363636,22,18575.129999999997,0.01016519367752666
18174.0,8,2,1625.0,4,2,1,7,0,812.5,2,487.5,0.00026206488072721816
18282.0,8,2,1780.5,4,2,1,7,0,890.25,2,534.15,0.00028760614613184516
16989.0,8,6,11332.5,4,3,3,10,0,1888.75,6,3399.75,0.0018565461277716996
13705.0,8,7,20353.3,4,4,3,11,0,2907.6142857142854,7,6105.99,0.0033382351757592203
15271.0,8,24,47095.4,4,4,4,12,0,1962.3083333333334,24,14128.62,0.007730692240563571
14092.0,8,24,72294.5,4,4,4,12,0,3012.2708333333335,24,21688.35,0.011869707681449338
15539.0,8,1,5384.6,4,1,2,7,0,5384.6,1,1615.38,0.0008795886197319499
14658.0,6,2,2471.5,4,2,1,7,0,1235.75,2,741.4499999999999,0.0004011046309845607
16283.0,6,8,44038.2,4,4,4,12,0,5504.775,8,13211.46,0.007228539465032858
16905.0,6,17,50341.5,4,4,4,12,0,2961.264705882353,17,15102.449999999999,0.008263872315354309
12673.0,6,3,12300.2,4,3,3,10,0,4100.066666666667,3,3690.06,0.0020154932823186937
12719.0,6,2,6449.5,4,2,2,8,0,3224.75,2,1934.85,0.0010545011183132188
14354.0,6,2,1636.2,4,2,1,7,0,818.1,2,490.86,0.00026390450884639387
13435.0,6,9,44752.3,4,4,4,12,0,4972.477777777778,9,13425.69,0.007345832182881374
14720.0,6,3,6638.1,4,3,2,9,0,2212.7000000000003,3,1991.43,0.0010854791418200528
13596.0,6,2,6970.4,4,2,2,8,0,3485.2,2,2091.12,0.0011400602511059533
15773.0,6,2,7745.2,4,2,2,8,0,3872.6,2,2323.56,0.0012673230963503586
17936.0,6,1,3898.4,4,1,2,7,0,3898.4,1,1169.52,0.0006354765384177589
12724.0,6,7,23175.2,4,4,4,12,0,3310.7428571428572,7,6952.56,0.003801739335536179
12490.0,6,21,98236.4,4,4,4,12,0,4677.923809523809,21,29470.919999999995,0.016130729887239008
17750.0,6,9,17975.7,4,4,3,11,0,1997.3000000000002,9,5392.71,0.00294770840645992
13319.0,6,58,220825.0,4,4,4,12,0,3807.3275862068967,58,66247.5,0.036266215213166086
15867.0,6,31,90639.5,4,4,4,12,0,2923.8548387096776,31,27191.85,0.014882919989152765
16988.0,6,2,3826.7,4,2,2,8,0,1913.35,2,1148.01,0.0006236996334048216
12560.0,6,3,21340.1,4,3,3,10,0,7113.366666666666,3,6402.03,0.0035003195532594513
14456.0,6,9,30624.0,4,4,4,12,0,3402.6666666666665,9,9187.199999999999,0.005025223436796537
13558.0,6,4,6050.6,4,3,2,9,0,1512.65,4,1815.18,0.0009889807918186484
17954.0,6,19,39660.5,4,4,4,12,0,2087.3947368421054,19,11898.15,0.006509491249201117
16326.0,6,24,48269.9,4,4,4,12,0,2011.2458333333334,24,14480.97,0.00792360681431106
16438.0,6,5,7983.5,4,3,2,9,0,1596.7,5,2395.0499999999997,0.0013064644696360345
12827.0,6,3,4301.5,4,2,2,8,0,1433.8333333333333,3,1290.45,0.0007016867254570204
17114.0,6,8,8086.2,4,4,2,10,0,1010.775,8,2425.8599999999997,0.001323333202478833
13736.0,6,7,27662.1,4,4,4,12,0,3951.7285714285713,7,8298.63,0.0045387239255298825
16535.0,6,3,10015.9,4,2,3,9,0,3338.633333333333,3,3004.77,0.0016402912722621695
16033.0,6,27,108361.3,4,4,4,12,0,4013.3814814814814,27,32508.39,0.017793770132224915
13704.0,6,9,23080.6,4,4,3,11,0,2564.511111111111,9,6924.179999999999,0.0037862010480295694
13822.0,6,2,6320.0,4,2,2,8,0,3160.0,2,1896.0,0.0010332304181852497
18065.0,6,29,58666.3,4,4,4,12,0,2022.9758620689656,29,17599.89,0.00963124161593591
16561.0,6,2,5111.2,4,2,2,8,0,2555.6,2,1533.36,0.0008346819833227856
14546.0,6,11,51979.0,4,4,4,12,0,4725.363636363636,11,15593.699999999999,0.008532835801528435
17131.0,6,5,24631.7,4,3,4,11,0,4926.34,5,7389.51,0.004040973117284341
12952.0,6,4,13877.9,4,3,3,10,0,3469.475,4,4163.37,0.0022746344683565074
13956.0,6,5,10264.2,4,3,3,10,0,2052.84,5,3079.26,0.0016810751706542526
13808.0,6,5,17476.6,4,3,3,10,0,3495.3199999999997,5,5242.98,0.002865729978399152
17827.0,6,6,23880.5,4,3,4,11,0,3980.0833333333335,6,7164.15,0.003917586631291056
14102.0,6,5,13602.8,4,3,3,10,0,2720.56,5,4080.8399999999997,0.0022294486026792544
13630.0,6,7,20317.8,4,4,3,11,0,2902.542857142857,7,6095.339999999999,0.0033324042116314755
13153.0,6,1,4862.2,4,1,2,7,0,4862.2,1,1458.6599999999999,0.0007937831081732543
17629.0,6,10,24555.2,4,4,4,12,0,2455.52,10,7366.56,0.004028407800220329
14583.0,6,8,17810.3,4,4,3,11,0,2226.2875,8,5343.089999999999,0.0029205410411999497
16931.0,6,23,52336.2,4,4,4,12,0,2275.486956521739,23,15700.859999999999,0.008591506798329289
13838.0,6,10,19660.9,4,4,3,11,0,1966.0900000000001,10,5898.27,0.003224506737391608
17618.0,6,11,40732.4,4,4,4,12,0,3702.9454545454546,11,12219.72,0.00668555351535687
17858.0,6,30,127976.5,4,4,4,12,0,4265.883333333333,30,38392.95,0.021015615978944142
17173.0,6,8,37666.0,4,4,4,12,0,4708.25,8,11299.8,0.006181889616728264
18044.0,5,18,35056.1,4,4,4,12,0,1947.5611111111111,18,10516.83,0.005753206989207132
13230.0,5,30,63607.8,4,4,4,12,0,2120.26,30,19082.34,0.010442895397266873
13173.0,5,11,26393.5,4,4,4,12,0,2399.409090909091,11,7918.049999999999,0.004330353190531105
16682.0,5,5,10280.0,4,3,3,10,0,2056.0,5,3084.0,0.0016836703603223752
17383.0,5,2,3099.9,4,2,1,7,0,1549.95,2,929.97,0.0005043209086711693
17857.0,5,24,286822.4,4,4,4,12,0,11950.933333333334,24,86046.72,0.04710645385892385
13305.0,5,16,37547.1,4,4,4,12,0,2346.69375,16,11264.13,0.0061623599932130865
16684.0,5,55,1471427.7,4,4,4,12,1,26753.230909090908,55,441428.31,0.2416808485021896
14401.0,5,22,67959.0,4,4,4,12,0,3089.0454545454545,22,20387.7,0.011157590921566636
17579.0,5,4,7532.8,4,3,2,9,0,1883.2,4,2259.84,0.0012324358630902766
16200.0,5,12,56434.5,4,4,4,12,0,4702.875,12,16930.35,0.009264662862688023
18030.0,5,2,2306.5,4,2,1,7,0,1153.25,2,691.9499999999999,0.00037400296672884716
14649.0,5,9,37753.1,4,4,4,12,0,4194.788888888888,9,11325.929999999997,0.006196196010405067
15031.0,5,14,31565.8,4,4,4,12,0,2254.7,14,9469.739999999998,0.005179916451317937
13417.0,5,6,16694.9,4,3,3,10,0,2782.4833333333336,6,5008.47,0.0027373337908313264
12628.0,5,3,7864.6,4,3,2,9,0,2621.5333333333333,3,2359.38,0.001286934846120857
15621.0,5,4,12930.3,4,3,3,10,0,3232.575,4,3879.0899999999997,0.0021189887892733915
14083.0,5,11,14072.6,4,4,3,11,0,1279.3272727272727,11,4221.78,0.002306614432178249
17404.0,5,23,477811.2,4,4,4,12,0,20774.4,23,143343.36,0.07847684376317612
15628.0,5,17,56522.6,4,4,4,12,0,3324.858823529412,17,16956.780000000002,0.00927913350887547
18198.0,5,17,54255.6,4,4,4,12,0,3191.505882352941,17,16276.679999999998,0.008906773067253026
16597.0,5,1,900.4,4,1,1,6,0,900.4,1,270.12,0.0001430475115169754
13311.0,5,2,5985.7,4,2,2,8,0,2992.85,2,1795.7099999999998,0.0009783208038780676
17706.0,5,31,207499.8,4,4,4,12,0,6693.5419354838705,31,62249.939999999995,0.034077517658376785
15358.0,5,42,170504.1,4,4,4,12,0,4059.6214285714286,42,51151.23,0.02800088105046708
16910.0,5,8,15100.6,4,4,3,11,0,1887.575,8,4530.18,0.0024754660131168773
15932.0,5,8,24958.7,4,4,4,12,0,3119.8375,8,7487.61,0.004094683688263846
16746.0,5,42,180664.0,4,4,4,12,0,4301.523809523809,42,54199.2,0.02966967013332541
13021.0,5,17,48872.4,4,4,4,12,0,2874.8470588235296,17,14661.72,0.008022568951972073
16513.0,5,4,8745.9,4,3,2,9,0,2186.475,4,2623.77,0.0014316905837484953
12994.0,5,3,9744.2,4,2,3,9,0,3248.066666666667,3,2923.26,0.0015956638651210945
16379.0,5,4,21574.0,4,3,3,10,0,5393.5,4,6472.2,0.0035387382154983085
14096.0,5,17,651647.9,4,4,4,12,0,38332.22941176471,17,195494.37000000002,0.10702995817966829
14739.0,5,25,122875.0,4,4,4,12,0,4915.0,25,36862.5,0.020177681795910674
12841.0,5,40,75406.8,4,4,4,12,0,1885.17,40,22622.04,0.012380910770316354
15145.0,5,4,11947.3,4,3,3,10,0,2986.825,4,3584.1899999999996,0.0019575285713135946
17254.0,5,3,4707.3,4,2,2,8,0,1569.1000000000001,3,1412.19,0.0007683403942750117
14931.0,5,5,12576.8,4,3,3,10,0,2515.3599999999997,5,3773.0399999999995,0.002060925526761908
13126.0,5,13,39982.5,4,4,4,12,0,3075.576923076923,13,11994.75,0.006562380557627419
15550.0,5,12,22188.0,4,4,3,11,0,1849.0,12,6656.4,0.003639589257031691
17676.0,5,10,27658.4,4,4,4,12,0,2765.84,10,8297.52,0.004538116191240512
14608.0,5,11,33529.4,4,4,4,12,0,3048.127272727273,11,10058.82,0.005502442681211993
12913.0,5,13,67008.6,4,4,4,12,0,5154.507692307693,13,20102.58,0.011001485335453726
12646.0,5,2,13469.7,4,2,3,9,0,6734.85,2,4040.91,0.0022075865935129784
17817.0,5,6,8078.5,4,3,2,9,0,1346.4166666666667,6,2423.5499999999997,0.0013220684581468998
14696.0,5,8,27679.0,4,4,4,12,0,3459.875,8,8303.699999999999,0.00454149979295971
15033.0,5,10,25866.7,4,4,4,12,0,2586.67,10,7760.01,0.0042438249679255914
15572.0,5,10,40686.7,4,4,4,12,0,4068.6699999999996,10,12206.009999999998,0.0066780471756205904
16600.0,5,13,21534.1,4,4,3,11,0,1656.4692307692308,13,6460.23,0.003532184540323745
17006.0,5,8,16363.2,4,4,3,11,0,2045.4,8,4908.96,0.00268285123305181
16851.0,5,3,3424.5,4,2,1,7,0,1141.5,3,1027.35,0.0005576372736251367
15392.0,5,7,29116.2,4,4,4,12,0,4159.457142857143,7,8734.859999999999,0.004777563501252507
17218.0,5,18,41926.8,4,4,4,12,0,2329.266666666667,18,12578.04,0.0068817367140661095
17090.0,5,13,31494.8,4,4,4,12,0,2422.6769230769232,13,9448.44,0.005168254523062449
13083.0,5,3,3954.3,4,2,2,8,0,1318.1000000000001,3,1186.29,0.0006446582537625734
14759.0,5,3,16259.7,4,3,3,10,0,5419.900000000001,3,4877.91,0.002665851098200499
17526.0,5,12,41660.4,4,4,4,12,0,3471.7000000000003,12,12498.12,0.00683797984523143
16360.0,5,6,35125.3,4,3,4,11,0,5854.216666666667,6,10537.59,0.005764573262943468
14060.0,5,30,95190.8,4,4,4,12,0,3173.0266666666666,30,28557.24,0.015630482440831733
14075.0,5,6,17348.7,4,3,3,10,0,2891.4500000000003,6,5204.61,0.002844722082288208
14194.0,5,36,186705.9,4,4,4,12,0,5186.275,36,56011.77,0.03066206737736538
16811.0,5,2,5470.7,4,2,2,8,0,2735.35,2,1641.2099999999998,0.000893730760898113
12782.0,5,11,46182.4,4,4,4,12,0,4198.400000000001,11,13854.720000000003,0.007580729698348623
16592.0,5,28,78079.1,4,4,4,12,0,2788.539285714286,28,23423.73,0.012819842754501464
18015.0,5,1,1200.3,4,1,1,6,0,1200.3,1,360.09,0.00019230683945811782
13790.0,5,1,3488.0,4,2,2,8,0,3488.0,1,1046.3999999999999,0.0005680673080508204
14629.0,5,2,9590.1,4,2,3,9,0,4795.05,2,2877.03,0.0015703525532313645
12381.0,5,5,18453.1,4,3,3,10,0,3690.62,5,5535.929999999999,0.003026122555039784
15640.0,5,29,239575.8,4,4,4,12,0,8261.23448275862,29,71872.73999999999,0.0393460811896875
13079.0,5,6,4191.8,4,3,2,9,0,698.6333333333333,6,1257.54,0.0006836682250397369
18223.0,5,26,140008.5,4,4,4,12,0,5384.942307692308,26,42002.549999999996,0.022991902186972904
17402.0,5,23,50961.8,4,4,4,12,0,2215.730434782609,23,15288.54,0.008365758147704728
15854.0,5,21,55838.1,4,4,4,12,0,2658.9571428571426,21,16751.429999999997,0.009166702665341916
16149.0,5,3,4222.2,4,3,2,9,0,1407.3999999999999,3,1266.6599999999999,0.0006886615013632138
16904.0,5,21,51323.7,4,4,4,12,0,2443.985714285714,21,15397.109999999999,0.008425201131305592
15290.0,5,26,104962.8,4,4,4,12,0,4037.0307692307692,26,31488.84,0.01723555797481254
12683.0,5,21,126967.8,4,4,4,12,0,6046.085714285715,21,38090.340000000004,0.020849934471460885
15690.0,5,2,2397.6,4,2,1,7,0,1198.8,2,719.28,0.0003889663704482139
13001.0,5,33,241721.0,4,4,4,12,0,7324.878787878788,33,72516.3,0.03969843567551391
16500.0,5,9,8439.1,4,4,2,10,0,937.6777777777778,9,2531.73,0.0013812979134839322
15097.0,5,3,9083.5,4,2,3,9,0,3027.8333333333335,3,2725.0499999999997,0.0014871422313407917
12925.0,5,3,7293.3,4,2,2,8,0,2431.1,3,2187.99,0.0011930973867918316
17811.0,5,47,96098.0,4,4,4,12,0,2044.6382978723404,47,28829.399999999998,0.015779492318484963
15053.0,5,3,6977.9,4,2,2,8,0,2325.9666666666667,3,2093.37,0.0011412921449357584
16873.0,5,12,146173.9,4,4,4,12,0,12181.158333333333,12,43852.17,0.024004584616077004
14219.0,5,3,6338.3,4,2,2,8,0,2112.766666666667,3,1901.4900000000002,0.0010362362391299743
13985.0,5,22,100208.6,4,4,4,12,0,4554.936363636364,22,30062.58,0.016454668688724576
16642.0,5,3,10774.5,4,2,3,9,0,3591.5,3,3232.35,0.0017648932268341955
15856.0,5,52,342203.4,4,4,4,12,0,6580.834615384616,52,102661.02,0.05620292215071581
16968.0,5,2,4394.3,4,2,2,8,0,2197.15,2,1318.29,0.0007169293584444763
15274.0,5,2,7165.7,4,2,2,8,0,3582.85,2,2149.71,0.0011721387664340797
12367.0,5,1,1689.0,4,1,1,6,0,1689.0,1,506.7,0.0002725770414082222
18180.0,5,6,18437.5,4,3,3,10,0,3072.9166666666665,6,5531.25,0.0030235602158737896
17920.0,5,54,245164.6,4,4,4,12,0,4540.085185185185,54,73549.37999999999,0.040264055621156175
13994.0,4,6,23131.4,4,3,4,11,0,3855.2333333333336,6,6939.42,0.0037945450755701164
12417.0,4,20,68169.1,4,4,4,12,0,3408.4550000000004,20,20450.73,0.011192100374052244
12478.0,4,1,6809.9,4,1,2,7,0,6809.9,1,2042.9699999999998,0.0011136977231481228
14572.0,4,11,56151.8,4,4,4,12,0,5104.709090909091,11,16845.54,0.009218228677929902
13199.0,4,67,164328.9,4,4,4,12,0,2452.6701492537313,67,49298.67,0.0269865889467587
14735.0,4,56,122401.6,4,4,4,12,0,2185.7428571428572,56,36720.48,0.020099924657373373
17119.0,4,2,6069.1,4,2,2,8,0,3034.55,2,1820.73,0.000992019463265501
17744.0,4,7,26491.4,4,4,4,12,0,3784.4857142857145,7,7947.42,0.004346433511322829
14140.0,4,2,9350.5,4,2,3,9,0,4675.25,2,2805.15,0.0015309976516818555
15907.0,4,3,9674.5,4,2,3,9,0,3224.8333333333335,3,2902.35,0.0015842154651294386
16495.0,4,3,6844.1,4,2,2,8,0,2281.366666666667,3,2053.23,0.0011193151590120345
12877.0,4,20,29551.7,4,4,4,12,0,1477.585,20,8865.51,0.004849095469636528
16979.0,4,9,28597.4,4,4,4,12,0,3177.488888888889,9,8579.22,0.004692349298732118
12971.0,4,116,159727.9,4,4,4,12,1,1376.9646551724138,116,47918.369999999995,0.026230863145300893
12362.0,4,11,53562.3,4,4,4,12,0,4869.3,11,16068.69,0.008792896801625838
17730.0,4,20,77738.0,4,4,4,12,0,3886.9,20,23321.399999999998,0.012763816223121924
14503.0,4,6,35432.6,4,3,4,11,0,5905.433333333333,6,10629.779999999999,0.005815048059463351
17290.0,4,8,15014.4,4,4,3,11,0,1876.8,8,4504.32,0.0024613074466996493
13078.0,4,57,295324.5,4,4,4,12,0,5181.131578947368,57,88597.34999999999,0.04850294512964204
13881.0,4,43,451791.0,4,4,4,12,0,10506.767441860466,43,135537.3,0.0742029605858033
18225.0,4,26,130542.6,4,4,4,12,0,5020.869230769231,26,39162.78,0.021437104346499213
12820.0,4,11,26895.2,4,4,4,12,0,2445.018181818182,11,8068.5599999999995,0.0044127586751195385
18154.0,4,5,9326.0,4,3,3,10,0,1865.2,5,2797.7999999999997,0.0015269734651711586
13507.0,4,4,24791.6,4,3,4,11,0,6197.9,4,7437.48,0.004067237093735787
17666.0,4,5,20478.0,4,3,3,10,0,4095.6,5,6143.4,0.003358717463836114
12723.0,4,5,7250.7,4,3,2,9,0,1450.1399999999999,5,2175.2099999999996,0.001186100229838538
16764.0,4,13,27992.5,4,4,4,12,0,2153.269230769231,13,8397.75,0.004592992955045567
16015.0,4,3,7053.9,4,3,2,9,0,2351.2999999999997,3,2116.1699999999996,0.0011537753357444506
14737.0,4,4,35541.7,4,3,4,11,0,8885.425,4,10662.509999999998,0.005832968008374249
16201.0,4,5,21121.2,4,3,3,10,0,4224.24,5,6336.359999999999,0.003464364678680204
14121.0,4,4,27801.5,4,3,4,11,0,6950.375,4,8340.449999999999,0.004561620725513194
12989.0,4,33,135517.5,4,4,4,12,0,4106.590909090909,33,40655.25,0.022254244161685574
12749.0,4,9,68973.6,4,4,4,12,0,7663.733333333334,9,20692.08,0.011324241518862679
18005.0,4,2,2497.2,4,2,1,7,0,1248.6,2,749.16,0.00040532592050802646
17346.0,4,26,53230.0,4,4,4,12,0,2047.3076923076924,26,15969.0,0.008738315692339937
16711.0,4,9,28684.8,4,4,4,12,0,3187.2,9,8605.439999999999,0.004706704968162114
14907.0,4,16,61657.9,4,4,4,12,0,3853.61875,16,18497.37,0.010122619426768594
15157.0,4,5,26541.1,4,3,4,11,0,5308.219999999999,5,7962.329999999999,0.0043545968611016705
14216.0,4,5,21500.4,4,3,3,10,0,4300.08,5,6450.12,0.0035266492307151538
14578.0,4,1,1686.3,4,1,1,6,0,1686.3,1,505.89,0.0002721335596294923
14562.0,4,26,67294.0,4,4,4,12,0,2588.230769230769,26,20188.2,0.011048363001990578
14871.0,4,9,12589.7,4,4,3,11,0,1398.8555555555556,9,3776.91,0.002063044384149173
14113.0,4,16,70926.1,4,4,4,12,0,4432.88125,16,21277.83,0.011644944545888623
13225.0,4,16,162600.7,4,4,4,12,0,10162.54375,16,48780.21,0.026702727757869464
17481.0,4,4,12555.9,4,3,3,10,0,3138.975,4,3766.7699999999995,0.0020574926492895173
15822.0,4,6,18400.6,4,3,3,10,0,3066.7666666666664,6,5520.179999999999,0.003017499298231148
12682.0,4,52,240339.1,4,4,4,12,0,4621.90576923077,52,72101.73000000001,0.03947145513105955
14825.0,4,24,49250.8,4,4,4,12,0,2052.116666666667,24,14775.24,0.00808472210199851
18283.0,4,22,27366.5,4,4,4,12,0,1243.9318181818182,22,8209.949999999999,0.004490170883384495
16528.0,4,1,2444.1,4,1,1,6,0,2444.1,1,733.2299999999999,0.00039660411219300586
16569.0,4,5,14552.3,4,3,3,10,0,2910.46,5,4365.69,0.0023854063615325874
14293.0,4,9,32679.3,4,4,4,12,0,3631.0333333333333,9,9803.789999999999,0.005362811621916343
17914.0,4,1,3364.3,4,1,1,6,0,3364.3,1,1009.29,0.0005477492724845673
13709.0,4,18,75917.5,4,4,4,12,0,4217.638888888889,18,22775.25,0.012464794527500553
14673.0,4,7,34108.1,4,3,4,11,0,4872.585714285714,7,10232.429999999998,0.005597495609119759
16016.0,4,11,25339.4,4,4,4,12,0,2303.581818181818,11,7601.819999999999,0.004157214619064755
17861.0,4,18,51276.9,4,4,4,12,0,2848.7166666666667,18,15383.07,0.008417514113807608
15061.0,4,127,1378185.2,4,4,4,12,1,10851.851968503937,127,413455.56,0.22636553377877522
17705.0,4,11,20839.0,4,4,3,11,0,1894.4545454545455,11,6251.7,0.0034180126201774027
12766.0,4,9,100682.8,4,4,4,12,0,11186.977777777778,9,30204.84,0.01653255722927039
13323.0,4,5,7878.5,4,3,2,9,0,1575.7,5,2363.5499999999997,0.0012892179560187623
12716.0,4,2,10534.9,4,2,3,9,0,5267.45,2,3160.47,0.0017255383252846865
16929.0,4,7,12953.9,4,4,3,11,0,1850.5571428571427,7,3886.1699999999996,0.0021228651485245115
14547.0,4,8,40075.4,4,4,4,12,0,5009.425,8,12022.62,0.0065776396158659396
14071.0,4,8,14388.2,4,4,3,11,0,1798.525,8,4316.46,0.0023584525245364508
16353.0,4,38,99994.6,4,4,4,12,0,2631.436842105263,38,29998.38,0.01641951865144747
16133.0,4,56,229922.6,4,4,4,12,0,4105.760714285714,56,68976.77999999998,0.037760518853970804
16987.0,4,11,25359.0,4,4,4,12,0,2305.3636363636365,11,7607.7,0.004160433968273314
16076.0,4,10,22347.3,4,4,3,11,0,2234.73,10,6704.19,0.0036657546819767526
14868.0,4,12,41840.1,4,4,4,12,0,3486.6749999999997,12,12552.029999999999,0.00686749602139356
16143.0,4,12,49108.3,4,4,4,12,0,4092.3583333333336,12,14732.49,0.008061316119232212
17728.0,4,5,42387.6,4,3,4,11,0,8477.52,5,12716.28,0.006957424270969338
13104.0,4,9,17091.0,4,4,3,11,0,1899.0,9,5127.3,0.002802394210296103
16013.0,4,84,574464.4,4,4,4,12,1,6838.861904761905,84,172339.32,0.09435237452463272
15992.0,4,3,8966.0,4,2,2,8,0,2988.6666666666665,3,2689.7999999999997,0.0014678425613405108
15194.0,4,28,124276.9,4,4,4,12,0,4438.460714285714,28,37283.07,0.020407947390577854
12650.0,4,1,3144.4,4,1,1,6,0,3144.4,1,943.3199999999999,0.0005116301453946799
13755.0,4,9,21613.5,4,4,3,11,0,2401.5,9,6484.05,0.0035452261896686157
17250.0,4,2,3845.2,4,2,2,8,0,1922.6,2,1153.56,0.0006267383048516743
14282.0,4,25,78496.6,4,4,4,12,0,3139.864,25,23548.98,0.012888418177693952
16790.0,4,6,15456.2,4,3,3,10,0,2576.0333333333333,6,4636.86,0.0025338742059007055
16313.0,4,2,2741.5,4,2,1,7,0,1370.75,2,822.4499999999999,0.0004454528088575466
14418.0,4,3,19372.5,4,3,3,10,0,6457.5,3,5811.75,0.003177136313322833
15318.0,4,1,3126.2,4,1,1,6,0,3126.2,1,937.8599999999999,0.0005086407497010193
16949.0,4,6,12862.7,4,3,3,10,0,2143.7833333333333,6,3858.81,0.002107885319554081
13694.0,4,143,1964828.1,4,4,4,12,1,13740.056643356644,143,589448.43,0.32272310295330947
12442.0,4,1,1720.6,4,1,1,6,0,1720.6,1,516.18,0.0002777674207444679
17593.0,4,11,80958.0,4,4,4,12,0,7359.818181818182,11,24287.399999999998,0.013292709307384942
16620.0,4,6,17589.3,4,3,3,10,0,2931.5499999999997,6,5276.79,0.002884241236348358
15023.0,4,20,121706.8,4,4,4,12,0,6085.34,20,36512.04,0.01998580201298022
17884.0,4,20,30728.9,4,4,4,12,0,1536.4450000000002,20,9218.67,0.0050424535251627454
17883.0,4,7,9958.5,4,3,3,10,0,1422.642857142857,7,2987.5499999999997,0.0016308631781513938
14110.0,4,33,129879.5,4,4,4,12,0,3935.742424242424,33,38963.85,0.021328188506693373
12584.0,4,9,23381.5,4,4,4,12,0,2597.9444444444443,9,7014.45,0.0038356246284813526
17590.0,3,3,14792.2,4,3,3,10,0,4930.733333333334,3,4437.66,0.002424810538835289
14132.0,3,11,35860.3,4,4,4,12,0,3260.027272727273,11,10758.09,0.005885298858264373
17870.0,3,13,31081.5,4,4,4,12,0,2390.8846153846152,13,9324.449999999999,0.0051003689604146515
16817.0,3,13,28049.0,4,4,4,12,0,2157.6153846153848,13,8414.699999999999,0.0046022732218967645
16426.0,3,10,19082.5,4,4,3,11,0,1908.25,10,5724.75,0.0031295030852370336
16271.0,3,10,34630.2,4,4,4,12,0,3463.0199999999995,10,10389.06,0.005683251844925263
14141.0,3,4,9151.3,4,3,3,10,0,2287.825,4,2745.39,0.0014982785515622304
14794.0,3,10,19539.0,4,4,3,11,0,1953.9,10,5861.7,0.003204484356344508
15525.0,3,4,12957.0,4,3,3,10,0,3239.25,4,3887.1,0.002123374331307498
17449.0,3,13,49511.5,4,4,4,12,0,3808.576923076923,13,14853.449999999999,0.008127542731522537
17835.0,3,3,3506.4,4,2,2,8,0,1168.8,3,1051.9199999999998,0.0005710895542466091
16539.0,3,10,37320.1,4,4,4,12,0,3732.0099999999998,10,11196.029999999999,0.00612507467329765
13767.0,3,73,355405.3,4,4,4,12,0,4868.5657534246575,73,106621.59,0.0583713673709431
18272.0,3,9,43859.8,4,4,4,12,0,4873.311111111111,9,13157.94,0.00719923681713456
17602.0,3,14,74511.3,4,4,4,12,0,5322.2357142857145,14,22353.39,0.012233822647037616
18273.0,3,4,3570.0,4,3,2,9,0,892.5,4,1071.0,0.0005815360139233569
14527.0,3,122,277923.0,4,4,4,12,1,2278.05737704918,122,83376.9,0.045644705065728104
15471.0,3,3,13165.6,4,3,3,10,0,4388.533333333334,3,3949.6800000000003,0.0021576374050271455
13089.0,3,203,1167378.6,4,4,4,12,1,5750.633497536946,203,350213.58,0.19174002046914793
15136.0,3,4,12867.0,4,3,3,10,0,3216.75,4,3860.1,0.0021085916053498357
15195.0,3,1,38610.0,4,1,4,9,0,38610.0,1,11583.0,0.006336943986773074
12935.0,3,15,42438.6,4,4,4,12,0,2829.24,15,12731.58,0.006965801149012013
12471.0,3,79,399637.9,4,4,4,12,0,5058.707594936709,79,119891.37,0.06563668297310842
17097.0,3,9,13404.5,4,4,3,11,0,1489.388888888889,9,4021.35,0.0021968773298192057
16000.0,3,3,123937.0,4,2,4,10,0,41312.333333333336,3,37181.1,0.020352117962211085
13870.0,3,15,57120.8,4,4,4,12,0,3808.0533333333337,15,17136.24,0.009377389360740729
18237.0,3,5,9871.0,4,3,3,10,0,1974.2,5,2961.2999999999997,0.0016164910834703336
14189.0,3,16,58143.9,4,4,4,12,0,3633.99375,16,17443.17,0.009545436104377214
14087.0,3,3,8462.2,4,2,2,8,0,2820.7333333333336,3,2538.6600000000003,0.0013850921464797323
12950.0,3,3,18430.0,4,3,3,10,0,6143.333333333333,3,5529.0,0.0030223283220439847
17042.0,3,5,10443.8,4,3,3,10,0,2088.7599999999998,5,3133.14,0.00171057492156532
17412.0,3,16,44175.2,4,4,4,12,0,2760.95,16,13252.56,0.007251042058990632
14032.0,3,16,48502.7,4,4,4,12,0,3031.41875,16,14550.81,0.00796184479878821
15969.0,3,5,11270.5,4,3,3,10,0,2254.1,5,3381.15,0.0018463624721119772
14769.0,3,17,157718.8,4,4,4,12,0,9277.576470588234,17,47315.63999999999,0.025900863426172684
13882.0,3,5,11911.3,4,3,3,10,0,2382.2599999999998,5,3573.39,0.00195161548093053
18219.0,3,17,35628.9,4,4,4,12,0,2095.8176470588237,17,10688.67,0.005847290827302118
14904.0,3,4,16406.4,4,3,3,10,0,4101.6,4,4921.92,0.0026899469415114876
12615.0,3,8,57409.8,4,4,4,12,0,7176.225,8,17222.94,0.009424858336315886
18092.0,3,18,161794.4,4,4,4,12,0,8988.577777777777,18,48538.319999999985,0.02657029095853987
15701.0,3,4,15421.4,4,3,3,10,0,3855.35,4,4626.42,0.00252815821853041
12347.0,3,8,56333.2,4,4,4,12,0,7041.65,8,16899.96,0.009248024083360121
15750.0,3,18,67971.9,4,4,4,12,0,3776.2166666666662,18,20391.569999999996,0.011159709778953898
12912.0,3,5,16623.0,4,3,3,10,0,3324.6,5,4986.9,0.0027255240353162608
17049.0,3,19,99474.8,4,4,4,12,0,5235.515789473684,19,29842.439999999995,0.016334140196416436
14397.0,3,19,26129.6,4,4,4,12,0,1375.2421052631578,19,7838.879999999999,0.004287006952973027
17091.0,3,19,78111.0,4,4,4,12,0,4111.105263157895,19,23433.3,0.012825082409590903
16672.0,3,20,81349.4,4,4,4,12,0,4067.47,20,24404.819999999996,0.013356997740049706
14395.0,3,20,82080.1,4,4,4,12,0,4104.005,20,24624.030000000002,0.01347701704957486
13769.0,3,20,58004.2,4,4,4,12,0,2900.21,20,17401.26,0.009522490028640711
17434.0,3,7,23738.2,4,4,4,12,0,3391.171428571429,7,7121.46,0.0038942134990268863
14708.0,3,5,22122.8,4,3,3,10,0,4424.5599999999995,5,6636.839999999998,0.0036288799933379173
17503.0,3,2,5589.6,4,2,2,8,0,2794.8,2,1676.88,0.0009132603844132911
16393.0,3,23,55616.6,4,4,4,12,0,2418.113043478261,23,16684.98,0.009130320734235003
15298.0,3,23,94593.7,4,4,4,12,0,4112.769565217392,23,28378.110000000004,0.015532407266728178
13756.0,3,23,92075.0,4,4,4,12,0,4003.2608695652175,23,27622.5,0.015118704468177474
13743.0,3,7,13416.0,4,4,3,11,0,1916.5714285714287,7,4024.7999999999997,0.0021987662336915735
16191.0,3,24,156880.2,4,4,4,12,0,6536.675,24,47064.060000000005,0.02576312127074941
14534.0,3,26,62711.1,4,4,4,12,0,2411.9653846153847,26,18813.329999999998,0.010295610170975366
17735.0,3,26,172449.3,4,4,4,12,0,6632.665384615384,26,51734.78999999999,0.028320385034165344
12747.0,3,26,92765.4,4,4,4,12,0,3567.8999999999996,26,27829.62,0.015232104401523805
12839.0,3,26,100717.3,4,4,4,12,0,3873.742307692308,26,30215.19,0.016538223940887494
13949.0,3,6,24273.2,4,3,4,11,0,4045.5333333333333,6,7281.96,0.003982088592219654
12583.0,3,27,144474.4,4,4,4,12,0,5350.903703703703,27,43342.32,0.023725437474243157
13685.0,3,7,31194.4,4,3,4,11,0,4456.342857142858,7,9358.32,0.005118913068865986
17017.0,3,29,141106.1,4,4,4,12,0,4865.727586206896,29,42331.83,0.023172185742652125
16458.0,3,30,57153.4,4,4,4,12,0,1905.1133333333335,30,17146.02,0.009382743992587615
12720.0,3,30,82606.7,4,4,4,12,0,2753.5566666666664,30,24782.01,0.013563512421678244
15984.0,3,30,87593.2,4,4,4,12,0,2919.773333333333,30,26277.96,0.014382557565988037
17266.0,3,5,5177.3,4,3,2,9,0,1035.46,5,1553.19,0.0008455390742761352
12569.0,3,32,41246.9,4,4,4,12,0,1288.965625,32,12374.07,0.006770061432081505
17238.0,3,32,77831.0,4,4,4,12,0,2432.21875,32,23349.3,0.01277909170661151
14085.0,3,33,101049.7,4,4,4,12,0,3062.112121212121,33,30314.909999999996,0.016592821475424457
12828.0,3,6,10187.1,4,3,3,10,0,1697.8500000000001,6,3056.13,0.0016684113020838554
13668.0,3,35,130899.4,4,4,4,12,0,3739.982857142857,35,39269.82,0.021495709642295812
13534.0,3,35,77209.0,4,4,4,12,0,2205.9714285714285,35,23162.7,0.012676926644993003
16368.0,3,3,6402.1,4,3,2,9,0,2134.0333333333333,3,1920.63,0.0010467155493088503
13267.0,3,36,97582.6,4,4,4,12,0,2710.6277777777777,36,29274.780000000002,0.016023341595782132
15883.0,3,2,3964.8,4,2,2,8,0,1982.4,2,1189.44,0.0006463829051243006
12783.0,3,6,22259.1,4,3,3,10,0,3709.85,6,6677.73,0.003651267610538244
17232.0,3,2,4215.2,4,2,2,8,0,2107.6,2,1264.56,0.0006875117337887289
15498.0,3,44,260395.8,4,4,4,12,0,5918.086363636364,44,78118.74,0.04276581846122664
16525.0,3,48,245826.4,4,4,4,12,0,5121.383333333333,48,73747.92,0.04037275793269819
16779.0,3,53,332682.4,4,4,4,12,0,6277.02641509434,53,99804.72,0.05463907399690581
17511.0,3,60,1756035.5,4,4,4,12,1,29267.258333333335,60,526810.65,0.2884283942001125
14204.0,3,4,10629.6,4,3,3,10,0,2657.4,4,3188.88,0.00174109303804236
12826.0,3,12,29557.5,4,4,4,12,0,2463.125,12,8867.25,0.004850048134198244
14910.0,3,4,4343.5,4,3,2,9,0,1085.875,4,1303.05,0.0007085853309039293
16678.0,3,12,31099.9,4,4,4,12,0,2591.6583333333333,12,9329.97,0.005103391206610441
15568.0,3,3,7582.9,4,2,2,8,0,2527.633333333333,3,2274.87,0.0012406649138733748
16358.0,2,5,29196.5,4,3,4,11,0,5839.3,5,8758.949999999999,0.004790752977856954
14251.0,2,5,28797.0,4,3,4,11,0,5759.4,5,8639.1,0.004725134099856
14056.0,2,23,82146.5,4,4,4,12,0,3571.586956521739,23,24643.95,0.0134879234162814
13680.0,2,12,114356.7,4,4,4,12,0,9529.725,12,34307.01,0.0187785296345201
17436.0,2,5,5340.6,4,3,2,9,0,1068.1200000000001,5,1602.18,0.0008723615092637596
14217.0,2,23,34168.9,4,4,4,12,0,1485.604347826087,23,10250.67,0.005607482161766713
14621.0,2,9,30005.7,4,4,4,12,0,3333.9666666666667,9,9001.71,0.0049236661094674
16933.0,2,9,31812.5,4,4,4,12,0,3534.722222222222,9,9543.75,0.005220437545692996
17757.0,2,56,94224.5,4,4,4,12,0,1682.580357142857,56,28267.35,0.015471765239799633
15237.0,2,4,14123.2,4,3,3,10,0,3530.8,4,4236.96,0.0023149256092166682
13471.0,2,4,25315.8,4,3,4,11,0,6328.95,4,7594.74,0.004153338259813636
15443.0,2,14,51759.3,4,4,4,12,0,3697.092857142857,14,15527.79,0.008496749524940677
15156.0,2,3,9614.9,4,2,3,9,0,3204.9666666666667,3,2884.47,0.0015744260154952534
13077.0,2,11,30646.7,4,4,4,12,0,2786.0636363636363,11,9194.01,0.005028951968788081
17841.0,2,211,708840.7,4,4,4,12,1,3359.434597156398,211,212652.21,0.11642401917023902
13314.0,2,3,7759.4,4,3,2,9,0,2586.4666666666667,3,2327.8199999999997,0.0012696554820014563
17830.0,2,3,3987.0,4,2,2,8,0,1329.0,3,1196.1,0.0006500293108605238
17949.0,2,118,1186280.8,4,4,4,12,1,10053.227118644068,118,355884.24,0.19484475427578032
14653.0,2,12,36145.4,4,4,4,12,0,3012.116666666667,12,10843.62,0.0059321272490480345
13013.0,2,29,126257.7,4,4,4,12,0,4353.713793103449,29,37877.310000000005,0.02073329876365493
16523.0,2,28,119163.3,4,4,4,12,0,4255.832142857143,28,35748.99,0.01956802575216563
14520.0,2,2,2706.0,4,2,1,7,0,1353.0,2,811.8,0.0004396218447298022
12955.0,2,11,47571.6,4,4,4,12,0,4324.690909090909,11,14271.480000000001,0.007808909286130667
13098.0,2,28,288824.4,4,4,4,12,0,10315.157142857144,28,86647.32,0.04743528738522651
15877.0,2,2,4932.8,4,2,2,8,0,2466.4,2,1479.84,0.0008053793354244869
12358.0,2,5,38870.7,4,3,4,11,0,7774.139999999999,5,11661.21,0.0063797646162971015
13269.0,2,28,88917.0,4,4,4,12,0,3175.6071428571427,28,26675.1,0.01459999503957418
13404.0,2,2,2524.9,4,2,1,7,0,1262.45,2,757.47,0.00040987571505277353
14702.0,2,29,67542.2,4,4,4,12,0,2329.041379310345,29,20262.66,0.011089130475131596
14796.0,2,27,108896.4,4,4,4,12,0,4033.2,27,32668.92,0.017881661650668748
15399.0,2,3,8157.7,4,3,2,9,0,2719.233333333333,3,2447.3099999999995,0.0013350772569896423
15898.0,2,25,55963.1,4,4,4,12,0,2238.524,25,16788.93,0.009187234229172003
16892.0,2,7,7621.0,4,3,2,9,0,1088.7142857142858,7,2286.2999999999997,0.001246922934528785
13536.0,2,7,34482.9,4,3,4,11,0,4926.128571428571,7,10344.87,0.00565905745010789
17631.0,2,7,9984.9,4,3,3,10,0,1426.4142857142856,7,2995.47,0.0016351994444323082
17673.0,2,13,42335.8,4,4,4,12,0,3256.6000000000004,13,12700.74,0.0069489159909181504
16322.0,2,2,3267.5,4,2,1,7,0,1633.75,2,980.25,0.0005318496294545486
13436.0,2,1,1968.9,4,1,1,6,0,1968.9,1,590.67,0.0003185513191365508
14135.0,2,24,96439.2,4,4,4,12,0,4018.2999999999997,24,28931.76,0.015835535275115564
14415.0,2,23,120916.0,4,4,4,12,0,5257.217391304348,23,36274.799999999996,0.019855911127565563
16401.0,2,23,68491.5,4,4,4,12,0,2977.891304347826,23,20547.45,0.011245055383482803
14291.0,2,23,79041.0,4,4,4,12,0,3436.5652173913045,23,23712.3,0.012977837244486742
13599.0,2,33,101676.3,4,4,4,12,0,3081.1,33,30502.89,0.016695742098591915
16833.0,2,6,24090.4,4,3,4,11,0,4015.066666666667,6,7227.12,0.003952063233274536
17451.0,2,7,17214.0,4,4,3,11,0,2459.1428571428573,7,5164.2,0.0028225972691049077
17668.0,2,2,3477.5,4,2,1,7,0,1738.75,2,1043.25,0.0005663426566890932
13408.0,2,106,517334.6,4,4,4,12,1,4880.515094339622,106,155200.37999999998,0.0849686614422323
13468.0,2,72,133905.1,4,4,4,12,0,1859.7930555555556,72,40171.53,0.02198940341352853
15159.0,2,34,221167.3,4,4,4,12,0,6504.9205882352935,34,66350.18999999999,0.03632243884755839
17644.0,2,20,60286.0,4,4,4,12,0,3014.3,20,18085.8,0.009897281407420635
13298.0,2,1,3600.0,4,2,2,8,0,3600.0,1,1080.0,0.0005864635892425775
14646.0,2,151,5286025.2,4,4,4,12,3,35006.78940397351,151,1585807.56,0.8682380649608825
17554.0,2,5,19524.5,4,3,3,10,0,3904.9,5,5857.349999999999,0.0032021026949402174
14138.0,2,2,9823.8,4,2,3,9,0,4911.9,2,2947.14,0.0016087383649680933
16210.0,2,35,384895.1,4,4,4,12,0,10997.002857142856,35,115468.52999999998,0.06321514105923487
18210.0,2,7,27688.3,4,4,4,12,0,3955.4714285714285,7,8306.49,0.004543027341308669
17530.0,2,12,31415.1,4,4,4,12,0,2617.9249999999997,12,9424.529999999999,0.005155163597964385
13318.0,2,3,6407.6,4,3,2,9,0,2135.866666666667,3,1922.28,0.0010476189381173739
14569.0,2,4,5989.8,4,3,2,9,0,1497.45,4,1796.94,0.0009789942391716946
12621.0,2,35,247758.1,4,4,4,12,0,7078.802857142858,35,74327.43,0.040690044507502805
13924.0,2,6,18388.5,4,3,3,10,0,3064.75,6,5516.55,0.003015511842852396
17144.0,2,2,9845.7,4,2,3,9,0,4922.85,2,2953.71,0.0016123354949511245
15453.0,2,7,13883.7,4,4,3,11,0,1983.3857142857144,7,4165.11,0.0022755871329182232
13394.0,2,19,66217.0,4,4,4,12,0,3485.1052631578946,19,19865.1,0.010871463048030557
15484.0,2,6,46560.0,4,3,4,11,0,7760.0,6,13968.0,0.007642751446366546
13102.0,2,37,116969.2,4,4,4,12,0,3161.3297297297295,37,35090.759999999995,0.019207639318568892
15520.0,2,1,3435.0,4,1,1,6,0,3435.0,1,1030.5,0.000559361924986864
14719.0,2,5,16021.3,4,3,3,10,0,3204.2599999999998,5,4806.389999999999,0.0026266932996637585
18109.0,2,38,98939.6,4,4,4,12,0,2603.6736842105265,38,29681.88,0.016246232252721544
17528.0,2,8,36285.0,4,4,4,12,0,4535.625,8,10885.5,0.005955056899533474
16891.0,2,11,20568.2,4,4,3,11,0,1869.8363636363638,11,6170.46,0.0033735330402959044
12437.0,2,39,126834.0,4,4,4,12,0,3252.153846153846,39,38050.2,0.020827957485537157
15214.0,2,8,16614.4,4,4,3,11,0,2076.8,8,4984.320000000001,0.0027241114637247513
14698.0,2,5,12507.6,4,3,3,10,0,2501.52,5,3752.2799999999997,0.0020495592530255726
13263.0,2,39,87046.9,4,4,4,12,0,2231.971794871795,39,26114.069999999996,0.014292826419425027
13860.0,2,5,12459.0,4,3,3,10,0,2491.8,5,3737.7,0.002041576581008435
17856.0,2,4,14180.3,4,3,3,10,0,3545.075,4,4254.089999999999,0.0023243044275742513
13798.0,2,110,758368.7,4,4,4,12,1,6894.260909090909,110,227510.61,0.12455911751725103
14730.0,2,8,20050.6,4,4,3,11,0,2506.325,8,6015.179999999999,0.0032885159407882837
15796.0,2,17,51758.3,4,4,4,12,0,3044.6058823529415,17,15527.49,0.008496585272430036
17315.0,2,43,96506.0,4,4,4,12,0,2244.3255813953488,43,28951.8,0.015846507342826364
16161.0,2,43,128318.0,4,4,4,12,0,2984.139534883721,43,38495.4,0.02107170821132794
17491.0,2,17,59810.7,4,4,4,12,0,3518.276470588235,17,17943.21,0.009819212189113115
17405.0,2,3,10314.1,4,2,3,9,0,3438.0333333333333,3,3094.23,0.0016892713709352229
15208.0,2,6,9705.2,4,3,3,10,0,1617.5333333333335,6,2911.56,0.0015892580172061077
17675.0,2,70,382596.0,4,4,4,12,0,5465.657142857143,70,114778.80000000002,0.06283750811202088
13521.0,2,3,10936.5,4,2,3,9,0,3645.5,3,3280.95,0.001791502133557987
17522.0,2,5,10707.1,4,3,3,10,0,2141.42,5,3212.13,0.0017538226076170133
15189.0,2,46,175243.8,4,4,4,12,0,3809.6478260869562,46,52573.13999999999,0.028779388675150744
15187.0,2,16,47771.8,4,4,4,12,0,2985.7375,16,14331.54,0.007841792638760933
14911.0,2,398,2959726.3,4,4,4,12,1,7436.49824120603,398,887917.8899999999,0.486137630135211
16442.0,2,5,8994.7,4,3,3,10,0,1798.94,5,2698.4100000000003,0.0014725566083958988
14191.0,2,15,48176.6,4,4,4,12,0,3211.773333333333,15,14452.98,0.007908282055068282
13026.0,2,9,17330.8,4,4,3,11,0,1925.6444444444444,9,5199.24,0.00284178196234774
17243.0,2,69,208898.6,4,4,4,12,0,3027.5159420289856,69,62669.58,0.03430727407026099
16794.0,2,15,20909.1,4,4,3,11,0,1393.9399999999998,15,6272.73,0.0034295267211733147
14129.0,2,9,25913.4,4,4,4,12,0,2879.266666666667,9,7774.02,0.004251495560172512
14606.0,2,192,308610.6,4,4,4,12,1,1607.346875,192,92583.18,0.05068522041126529
13510.0,2,11,45582.9,4,4,4,12,0,4143.900000000001,11,13674.870000000003,0.007482260318219531
17677.0,2,54,366929.1,4,4,4,12,0,6794.983333333333,54,110078.73,0.06026418045306427
16688.0,2,4,12608.6,4,3,3,10,0,3152.15,4,3782.58,0.002066148756600282
13890.0,2,14,29273.8,4,4,4,12,0,2090.985714285714,14,8782.139999999998,0.004803449696929479
13954.0,2,2,4399.2,4,2,2,8,0,2199.6,2,1319.76,0.0007177341957466157
12423.0,1,10,26223.9,4,4,4,12,0,2622.3900000000003,10,7867.17,0.004302495964726445
17754.0,1,13,45775.3,4,4,4,12,0,3521.1769230769232,13,13732.59,0.007513862501266798
16705.0,1,42,435150.5,4,4,4,12,0,10360.72619047619,42,130545.15,0.07146971668248692
13426.0,1,22,81673.8,4,4,4,12,0,3712.4454545454546,22,24502.14,0.013410281254501546
14051.0,1,37,224340.0,4,4,4,12,0,6063.243243243243,37,67302.0,0.03684356278806811
17581.0,1,43,187577.5,4,4,4,12,0,4362.267441860465,43,56273.24999999999,0.030805229865639803
15694.0,1,24,108108.1,4,4,4,12,0,4504.504166666667,24,32432.43,0.017752181396530693
17001.0,1,19,66408.0,4,4,4,12,0,3495.157894736842,19,19922.399999999998,0.010902835277562927
12713.0,1,1,8485.5,4,2,2,8,0,8485.5,1,2545.65,0.0013889192299776601
12680.0,1,4,8808.1,4,3,2,9,0,2202.025,4,2642.43,0.0014419070899103462
15344.0,1,3,5639.4,4,2,2,8,0,1879.8,3,1691.82,0.0009214401594431972
15311.0,1,208,1167711.6,4,4,4,12,1,5613.998076923077,208,350313.48000000004,0.19179471655519129
13069.0,1,38,96831.3,4,4,4,12,0,2548.192105263158,38,29049.39,0.01589993868453778
12518.0,1,5,20568.9,4,3,3,10,0,4113.780000000001,5,6170.67,0.0033736480170533526
16558.0,1,38,138735.1,4,4,4,12,0,3650.9236842105265,38,41620.53,0.022782743039923052
12985.0,1,2,12393.8,4,2,3,9,0,6196.9,2,3718.1399999999994,0.002030867317314662
15804.0,1,13,42063.9,4,4,4,12,0,3235.6846153846154,13,12619.17,0.0069042557332749475
15910.0,1,15,26818.0,4,4,4,12,0,1787.8666666666666,15,8045.4,0.004400078381298077
12662.0,1,20,69880.2,4,4,4,12,0,3494.0099999999998,20,20964.059999999998,0.011473152845009525
12748.0,1,336,565993.9,4,4,4,12,1,1684.505654761905,336,169798.17,0.09296107363325076
16954.0,1,20,60818.8,4,4,4,12,0,3040.94,20,18245.64,0.009984795145089993
13777.0,1,61,564784.2,4,4,4,12,0,9258.75737704918,61,169435.25999999998,0.0927623773711287
17389.0,1,61,572246.8,4,4,4,12,0,9381.095081967214,61,171674.04,0.09398812815703592
18102.0,1,145,6088216.5,4,4,4,12,3,41987.7,145,1826464.95,1.0
17428.0,1,45,318197.6,4,4,4,12,0,7071.057777777777,45,95459.27999999998,0.052259909230777564
12526.0,1,3,13166.6,4,3,3,10,0,4388.866666666667,3,3949.98,0.002157801657537786
17490.0,1,9,27505.0,4,4,4,12,0,3056.1111111111113,9,8251.5,0.004512919856108231
14446.0,1,5,12413.1,4,3,3,10,0,2482.62,5,3723.9299999999994,0.0020340373907700273
16626.0,1,17,44131.0,4,4,4,12,0,2595.9411764705883,17,13239.3,0.007243782098020314
14441.0,1,11,46116.9,4,4,4,12,0,4192.445454545455,11,13835.07,0.007569971158901657
12433.0,1,10,205812.6,4,4,4,12,0,20581.260000000002,10,61743.780000000006,0.03380039082242382
16446.0,1,2,1684725.0,4,2,4,10,1,842362.5,2,505417.5,0.2767154655400697
17364.0,1,28,120704.2,4,4,4,12,0,4310.864285714286,28,36211.26,0.019821122445811867
14422.0,1,19,102715.2,4,4,4,12,0,5406.063157894737,19,30814.559999999998,0.016866384031896525
13113.0,1,37,186257.3,4,4,4,12,0,5033.98108108108,37,55877.189999999995,0.030588383701091966
