customerid,recency,frequency,monetary,r_score,f_score,m_score,rfm_score,segment
12526,1,3,1316.66,1,3,2,132,Needs Attention
12423,1,8,1859.31,1,1,2,112,Hibernating
12518,1,5,2056.89,1,2,2,122,Hibernating
18102,1,60,259657.3,1,1,1,111,Hibernating
14446,1,4,1039.58,1,2,2,122,Hibernating
17389,1,34,31833.68,1,1,1,111,Hibernating
12433,1,7,13375.87,1,1,1,111,Hibernating
17754,1,5,1772.26,1,2,2,122,Hibernating
12662,1,11,3849.78,1,1,1,111,Hibernating
16446,1,2,168472.5,1,3,1,131,Needs Attention
17490,1,7,2092.32,1,1,1,111,Hibernating
12713,1,1,848.55,1,5,3,153,Needs Attention
15910,1,8,1232.18,1,1,2,112,Hibernating
12748,1,209,33719.73,1,1,1,111,Hibernating
15804,1,13,4206.39,1,1,1,111,Hibernating
13426,1,10,3641.32,1,1,1,111,Hibernating
15311,1,91,60767.9,1,1,1,111,Hibernating
17581,1,25,11045.04,1,1,1,111,Hibernating
12680,1,4,862.81,1,2,3,123,Needs Attention
17364,1,11,4481.18,1,1,1,111,Hibernating
15344,1,3,563.94,1,2,3,123,Needs Attention
13113,1,24,12245.96,1,1,1,111,Hibernating
14441,1,4,1712.89,1,2,2,122,Hibernating
13069,1,24,4436.12,1,1,1,111,Hibernating
12985,1,2,1239.38,1,3,2,132,Needs Attention
13777,1,33,25977.16,1,1,1,111,Hibernating
14051,1,23,15610.39,1,1,1,111,Hibernating
17001,1,11,3989.57,1,1,1,111,Hibernating
16954,1,9,2085.08,1,1,1,111,Hibernating
15694,1,14,6479.4,1,1,1,111,Hibernating
17428,1,28,17256.85,1,1,1,111,Hibernating
16705,1,20,14034.99,1,1,1,111,Hibernating
16558,1,20,8338.49,1,1,1,111,Hibernating
16626,1,17,4413.1,1,1,1,111,Hibernating
14422,1,6,4263.64,1,1,1,111,Hibernating
17315,2,38,6292.26,1,1,1,111,Hibernating
15214,2,8,1661.44,1,1,2,112,Hibernating
17405,2,3,1031.41,1,2,2,122,Hibernating
17530,2,10,2385.0,1,1,1,111,Hibernating
13298,2,1,360.0,1,4,4,144,Needs Attention
16892,2,5,525.54,1,2,3,123,Needs Attention
13077,2,4,729.27,1,2,3,123,Needs Attention
13436,2,1,196.89,1,5,5,155,Needs Attention
13890,2,10,1883.81,1,1,2,112,Hibernating
14911,2,201,143825.06,1,1,1,111,Hibernating
13954,2,2,439.92,1,3,4,134,Needs Attention
18109,2,26,8052.97,1,1,1,111,Hibernating
14129,2,5,1123.86,1,2,2,122,Hibernating
13860,2,5,1245.9,1,2,2,122,Hibernating
13026,2,5,975.36,1,2,2,122,Hibernating
13404,2,2,252.49,1,4,4,144,Needs Attention
17436,2,2,216.3,1,4,5,145,Needs Attention
17830,2,3,398.7,1,3,4,134,Needs Attention
13510,2,4,1791.56,1,2,2,122,Hibernating
13102,2,24,6424.09,1,1,1,111,Hibernating
14056,2,23,8214.65,1,1,1,111,Hibernating
18210,2,6,2621.38,1,1,1,111,Hibernating
14719,2,5,1602.13,1,2,2,122,Hibernating
14520,2,2,270.6,1,4,4,144,Needs Attention
17757,2,30,5605.29,1,1,1,111,Hibernating
14698,2,5,1250.76,1,2,2,122,Hibernating
14138,2,2,982.38,1,3,2,132,Needs Attention
17144,2,2,984.57,1,3,2,132,Needs Attention
17554,2,5,1952.45,1,2,2,122,Hibernating
17631,2,3,528.33,1,3,3,133,Needs Attention
16794,2,10,1222.71,1,1,2,112,Hibernating
13599,2,21,5153.67,1,1,1,111,Hibernating
16523,2,21,9418.47,1,1,1,111,Hibernating
13536,2,7,3448.29,1,1,1,111,Hibernating
17522,2,5,1070.71,1,2,2,122,Hibernating
15237,2,4,1412.32,1,2,2,122,Hibernating
16833,2,4,1106.53,1,2,2,122,Hibernating
17491,2,10,3558.87,1,1,1,111,Hibernating
17644,2,11,2895.64,1,1,1,111,Hibernating
14291,2,11,3883.25,1,1,1,111,Hibernating
12621,2,20,13689.67,1,1,1,111,Hibernating
13318,2,3,640.76,1,3,3,133,Needs Attention
15159,2,30,18641.01,1,1,1,111,Hibernating
16891,2,5,809.7,1,2,3,123,Needs Attention
17677,2,30,16363.23,1,1,1,111,Hibernating
15453,2,7,1388.37,1,1,2,112,Hibernating
17856,2,4,1418.03,1,2,2,122,Hibernating
16358,2,4,2027.5,1,2,2,122,Hibernating
16161,2,19,5575.56,1,1,1,111,Hibernating
14646,2,73,280206.02,1,1,1,111,Hibernating
17949,2,45,58510.48,1,1,1,111,Hibernating
13408,2,62,28117.04,1,1,1,111,Hibernating
12358,2,2,1168.06,1,3,2,132,Needs Attention
16442,2,3,616.79,1,3,3,133,Needs Attention
14606,2,93,12156.65,1,1,1,111,Hibernating
13263,2,35,7454.07,1,1,1,111,Hibernating
13680,2,4,3722.42,1,2,1,121,Hibernating
12437,2,18,4951.41,1,1,1,111,Hibernating
16401,2,12,4098.32,1,1,1,111,Hibernating
17668,2,2,347.75,1,4,4,144,Needs Attention
17675,2,31,20374.28,1,1,1,111,Hibernating
15156,2,3,961.49,1,2,2,122,Hibernating
13471,2,4,2531.58,1,2,1,121,Hibernating
16210,2,18,21086.3,1,1,1,111,Hibernating
17528,2,8,3628.5,1,1,1,111,Hibernating
13468,2,37,5704.97,1,1,1,111,Hibernating
15484,2,4,3594.31,1,2,1,121,Hibernating
13924,2,6,1838.85,1,1,2,112,Hibernating
16322,2,2,326.75,1,4,4,144,Needs Attention
15189,2,41,16225.39,1,1,1,111,Hibernating
14653,2,7,1947.55,1,1,2,112,Hibernating
14569,2,1,227.39,1,5,5,155,Needs Attention
16688,2,4,1260.86,1,2,2,122,Hibernating
14796,2,17,8022.49,1,1,1,111,Hibernating
14251,2,5,2879.7,1,2,1,121,Hibernating
17673,2,6,1629.12,1,1,2,112,Hibernating
16933,2,2,563.23,1,3,3,133,Needs Attention
14217,2,17,2004.98,1,1,2,112,Hibernating
17243,2,26,8676.85,1,1,1,111,Hibernating
14415,2,13,5900.28,1,1,1,111,Hibernating
14702,2,17,3292.14,1,1,1,111,Hibernating
15520,2,1,343.5,1,4,4,144,Needs Attention
15443,2,7,3236.91,1,1,1,111,Hibernating
14621,2,5,1788.36,1,2,2,122,Hibernating
15187,2,16,4777.18,1,1,1,111,Hibernating
15399,2,3,815.77,1,2,3,123,Needs Attention
13013,2,13,4810.94,1,1,1,111,Hibernating
13314,2,3,775.94,1,3,3,133,Needs Attention
14135,2,15,4690.31,1,1,1,111,Hibernating
15898,2,5,1388.88,1,2,2,122,Hibernating
15208,2,5,870.12,1,2,3,123,Needs Attention
13798,2,57,37153.85,1,1,1,111,Hibernating
12955,2,11,4757.16,1,1,1,111,Hibernating
14191,2,13,4684.76,1,1,1,111,Hibernating
13098,2,28,28882.44,1,1,1,111,Hibernating
13394,2,8,2520.02,1,1,1,111,Hibernating
13521,2,3,1093.65,1,2,2,122,Hibernating
17451,2,7,1721.4,1,1,2,112,Hibernating
13269,2,15,5346.23,1,1,1,111,Hibernating
15877,2,2,493.28,1,3,3,133,Needs Attention
14730,2,8,2005.06,1,1,2,112,Hibernating
15796,2,8,2711.56,1,1,1,111,Hibernating
17841,2,124,40991.57,1,1,1,111,Hibernating
18219,3,10,2069.77,1,1,1,111,Hibernating
14132,3,11,3586.03,1,1,1,111,Hibernating
14395,3,9,3507.71,1,1,1,111,Hibernating
17091,3,9,3827.76,1,1,1,111,Hibernating
12783,3,6,2225.91,1,1,1,111,Hibernating
14141,3,4,915.13,1,2,3,123,Needs Attention
15984,3,10,2837.67,1,1,1,111,Hibernating
14910,3,4,434.35,1,2,4,124,Needs Attention
16817,3,9,1604.75,1,1,2,112,Hibernating
18273,3,3,204.0,1,2,5,125,Needs Attention
17835,3,3,350.64,1,2,4,124,Needs Attention
14708,3,3,1126.37,1,2,2,122,Hibernating
15498,3,27,13316.4,1,1,1,111,Hibernating
12950,3,3,1843.0,1,2,2,122,Hibernating
16426,3,10,1908.25,1,1,2,112,Hibernating
13769,3,10,2796.51,1,1,1,111,Hibernating
15568,3,3,758.29,1,2,3,123,Needs Attention
17434,3,7,2373.82,1,1,1,111,Hibernating
16525,3,26,13027.45,1,1,1,111,Hibernating
17449,3,7,2520.86,1,1,1,111,Hibernating
13534,3,25,5870.08,1,1,1,111,Hibernating
12720,3,25,5781.73,1,1,1,111,Hibernating
16779,3,22,10629.72,1,1,1,111,Hibernating
13089,3,97,58825.83,1,1,1,111,Hibernating
13668,3,21,6363.59,1,1,1,111,Hibernating
14204,3,1,161.03,1,5,5,155,Needs Attention
14794,3,7,1319.91,1,1,2,112,Hibernating
13743,3,7,1341.6,1,1,2,112,Hibernating
16672,3,20,8134.94,1,1,1,111,Hibernating
14904,3,2,1025.44,1,3,2,132,Needs Attention
17017,3,20,8694.26,1,1,1,111,Hibernating
13685,3,7,3119.44,1,1,1,111,Hibernating
12826,3,7,1474.72,1,1,2,112,Hibernating
13267,3,19,4521.49,1,1,1,111,Hibernating
17735,3,19,13110.02,1,1,1,111,Hibernating
13882,3,5,1191.13,1,2,2,122,Hibernating
14397,3,19,2612.96,1,1,1,111,Hibernating
16458,3,18,3482.74,1,1,1,111,Hibernating
12347,3,7,4310.0,1,1,1,111,Hibernating
14085,3,18,4448.54,1,1,1,111,Hibernating
14534,3,18,4447.05,1,1,1,111,Hibernating
12912,3,5,1662.3,1,2,2,122,Hibernating
17238,3,17,3744.65,1,1,1,111,Hibernating
13767,3,37,17220.36,1,1,1,111,Hibernating
12828,3,6,1018.71,1,1,2,112,Hibernating
17503,3,2,558.96,1,3,3,133,Needs Attention
18237,3,5,987.1,1,2,2,122,Hibernating
12935,3,7,2160.7,1,1,1,111,Hibernating
17042,3,5,1044.38,1,2,2,122,Hibernating
16368,3,2,497.43,1,3,3,133,Needs Attention
12583,3,15,7281.38,1,1,1,111,Hibernating
14189,3,15,4654.08,1,1,1,111,Hibernating
14087,3,1,194.42,1,5,5,155,Needs Attention
16271,3,5,1429.24,1,2,2,122,Hibernating
18272,3,6,3078.58,1,1,1,111,Hibernating
17602,3,6,5102.97,1,1,1,111,Hibernating
13756,3,14,5189.52,1,1,1,111,Hibernating
15471,3,1,469.48,1,5,4,154,Needs Attention
12839,3,14,5591.42,1,1,1,111,Hibernating
17232,3,2,421.52,1,3,4,134,Needs Attention
17590,3,3,1479.22,1,3,2,132,Needs Attention
15525,3,3,825.92,1,3,3,133,Needs Attention
15883,3,2,396.48,1,3,4,134,Needs Attention
17097,3,8,954.42,1,1,2,112,Hibernating
13870,3,8,2770.94,1,1,1,111,Hibernating
12569,3,32,4124.69,1,1,1,111,Hibernating
14769,3,8,10674.75,1,1,1,111,Hibernating
16191,3,13,5180.52,1,1,1,111,Hibernating
16393,3,13,3046.21,1,1,1,111,Hibernating
17266,3,3,310.64,1,3,4,134,Needs Attention
16000,3,3,12393.7,1,3,1,131,Needs Attention
16678,3,12,3109.99,1,1,1,111,Hibernating
17870,3,12,1894.35,1,1,2,112,Hibernating
17511,3,31,91062.38,1,1,1,111,Hibernating
15969,3,3,666.1,1,3,3,133,Needs Attention
12615,3,4,2291.19,1,2,1,121,Hibernating
14527,3,55,8508.82,1,1,1,111,Hibernating
12471,3,30,19824.05,1,1,1,111,Hibernating
15298,3,12,4799.9,1,1,1,111,Hibernating
15195,3,1,3861.0,1,5,1,151,Needs Attention
15701,3,4,1542.14,1,2,2,122,Hibernating
15750,3,8,2465.48,1,1,1,111,Hibernating
12747,3,11,4196.01,1,1,1,111,Hibernating
14032,3,11,2975.59,1,1,1,111,Hibernating
18092,3,11,9068.26,1,1,1,111,Hibernating
16539,3,4,1388.81,1,2,2,122,Hibernating
13949,3,6,2427.32,1,1,1,111,Hibernating
17049,3,9,5659.98,1,1,1,111,Hibernating
17412,3,7,1258.06,1,1,2,112,Hibernating
15136,3,4,1286.7,1,2,2,122,Hibernating
16569,4,1,124.2,1,4,5,145,Needs Attention
16764,4,13,2799.25,1,1,1,111,Hibernating
13994,4,6,2313.14,1,1,1,111,Hibernating
12820,4,4,942.34,1,2,2,122,Hibernating
17744,4,6,2322.4,1,1,1,111,Hibernating
18283,4,16,2094.88,1,1,1,111,Hibernating
16016,4,8,1508.76,1,1,2,112,Hibernating
12417,4,9,3649.1,1,1,1,111,Hibernating
12971,4,86,11189.91,1,1,1,111,Hibernating
13199,4,38,9817.12,1,1,1,111,Hibernating
13225,4,7,6463.84,1,1,1,111,Hibernating
16495,4,3,684.41,1,3,3,133,Needs Attention
14293,4,4,1046.56,1,2,2,122,Hibernating
13104,4,6,1098.48,1,1,2,112,Hibernating
16987,4,7,1625.05,1,1,2,112,Hibernating
13755,4,9,2161.35,1,1,1,111,Hibernating
12650,4,1,314.44,1,4,4,144,Needs Attention
18225,4,12,5509.12,1,1,1,111,Hibernating
12766,4,7,6989.63,1,1,1,111,Hibernating
12682,4,31,12288.22,1,1,1,111,Hibernating
14121,4,4,2780.15,1,2,1,121,Hibernating
15023,4,11,6802.76,1,1,1,111,Hibernating
14578,4,1,168.63,1,5,5,155,Needs Attention
14572,4,7,2832.84,1,1,1,111,Hibernating
16949,4,6,1286.27,1,1,2,112,Hibernating
14562,4,18,5074.77,1,1,1,111,Hibernating
17481,4,4,1255.59,1,2,2,122,Hibernating
14868,4,8,2953.59,1,1,1,111,Hibernating
13507,4,4,2479.16,1,2,1,121,Hibernating
16143,4,6,2424.94,1,1,1,111,Hibernating
16528,4,1,244.41,1,5,5,155,Needs Attention
12584,4,9,2338.15,1,1,1,111,Hibernating
13323,4,5,787.85,1,2,3,123,Needs Attention
17119,4,2,606.91,1,3,3,133,Needs Attention
16201,4,4,1863.47,1,2,2,122,Hibernating
14113,4,4,1840.42,1,2,2,122,Hibernating
12716,4,2,1053.49,1,3,2,132,Needs Attention
14216,4,4,1839.3,1,2,2,122,Hibernating
15318,4,1,312.62,1,4,4,144,Needs Attention
14907,4,7,3501.1,1,1,1,111,Hibernating
13881,4,20,17159.52,1,1,1,111,Hibernating
14110,4,12,5683.15,1,1,1,111,Hibernating
13694,4,50,65039.62,1,1,1,111,Hibernating
12877,4,12,1535.77,1,1,2,112,Hibernating
14825,4,12,2226.91,1,1,1,111,Hibernating
16929,4,7,1295.39,1,1,2,112,Hibernating
16313,4,2,274.15,1,4,4,144,Needs Attention
16620,4,2,178.96,1,4,5,145,Needs Attention
15907,4,3,967.45,1,2,2,122,Hibernating
16353,4,23,6675.71,1,1,1,111,Hibernating
15822,4,2,885.47,1,3,3,133,Needs Attention
12478,4,1,680.99,1,5,3,153,Needs Attention
16979,4,6,1852.0,1,1,2,112,Hibernating
17861,4,8,2100.8,1,1,1,111,Hibernating
13078,4,26,12627.94,1,1,1,111,Hibernating
12362,4,10,5226.23,1,1,1,111,Hibernating
15157,4,3,1936.07,1,2,2,122,Hibernating
14418,4,3,1937.25,1,2,2,122,Hibernating
17593,4,5,3927.34,1,2,1,121,Hibernating
17705,4,9,1823.52,1,1,2,112,Hibernating
17728,4,3,2876.01,1,2,1,121,Hibernating
17914,4,1,336.43,1,4,4,144,Needs Attention
16013,4,47,37130.6,1,1,1,111,Hibernating
14737,4,3,1164.55,1,3,2,132,Needs Attention
12749,4,5,4090.88,1,2,1,121,Hibernating
14503,4,6,3543.26,1,2,1,121,Hibernating
14547,4,8,4007.54,1,1,1,111,Hibernating
15992,4,1,41.99,1,5,5,155,Needs Attention
14071,4,8,1438.82,1,1,2,112,Hibernating
12723,4,5,725.07,1,2,3,123,Needs Attention
14282,4,15,3729.34,1,1,1,111,Hibernating
16133,4,33,14589.04,1,1,1,111,Hibernating
12989,4,15,6924.11,1,1,1,111,Hibernating
17884,4,4,717.45,1,2,3,123,Needs Attention
14673,4,5,1736.4,1,2,2,122,Hibernating
18005,4,2,249.72,1,4,5,145,Needs Attention
15194,4,15,7616.53,1,1,1,111,Hibernating
18154,4,2,399.19,1,3,4,134,Needs Attention
16015,4,3,705.39,1,2,3,123,Needs Attention
14735,4,32,6065.69,1,1,1,111,Hibernating
16711,4,5,1651.03,1,2,2,122,Hibernating
17730,4,13,5298.48,1,1,1,111,Hibernating
17883,4,4,671.77,1,2,3,123,Needs Attention
17346,4,15,2676.56,1,1,1,111,Hibernating
14871,4,4,522.38,1,2,3,123,Needs Attention
17250,4,2,384.52,1,3,4,134,Needs Attention
16790,4,6,1545.62,1,1,2,112,Hibernating
13709,4,13,6328.05,1,1,1,111,Hibernating
17666,4,2,728.16,1,3,3,133,Needs Attention
15061,4,48,54534.14,1,1,1,111,Hibernating
12442,4,1,172.06,1,5,5,155,Needs Attention
17290,4,2,525.24,1,3,3,133,Needs Attention
14140,4,2,935.05,1,3,3,133,Needs Attention
16076,4,10,2234.73,1,1,1,111,Hibernating
14083,5,9,1018.43,1,1,2,112,Hibernating
16360,5,6,3512.53,1,1,1,111,Hibernating
16600,5,6,813.52,1,1,3,113,Needs Attention
16500,5,6,400.86,1,1,4,114,Needs Attention
16873,5,6,7123.62,1,1,1,111,Hibernating
14629,5,2,959.01,1,3,2,132,Needs Attention
16684,5,28,66653.56,1,1,1,111,Hibernating
15856,5,27,16387.57,1,1,1,111,Hibernating
12841,5,25,4022.35,1,1,1,111,Hibernating
15274,5,2,716.57,1,3,3,133,Needs Attention
17857,5,23,26879.04,1,1,1,111,Hibernating
15358,5,22,8347.2,1,1,1,111,Hibernating
14194,5,21,11349.52,1,1,1,111,Hibernating
13417,5,2,640.83,1,3,3,133,Needs Attention
16200,5,2,1080.62,1,3,2,132,Needs Attention
14060,5,19,6140.42,1,1,1,111,Hibernating
16746,5,18,6697.66,1,1,1,111,Hibernating
13311,5,2,598.57,1,3,3,133,Needs Attention
15290,5,18,7943.22,1,1,1,111,Hibernating
14096,5,17,65164.79,1,1,1,111,Hibernating
17920,5,17,4204.1,1,1,1,111,Hibernating
17706,5,17,10504.49,1,1,1,111,Hibernating
12646,5,2,1346.97,1,3,2,132,Needs Attention
18198,5,17,5425.56,1,1,1,111,Hibernating
16592,5,16,4113.68,1,1,1,111,Hibernating
16811,5,2,547.07,1,3,3,133,Needs Attention
16904,5,16,3754.27,1,1,1,111,Hibernating
17404,5,15,31906.82,1,1,1,111,Hibernating
13985,5,15,7060.13,1,1,1,111,Hibernating
14759,5,3,1625.97,1,3,2,132,Needs Attention
15053,5,3,697.79,1,3,3,133,Needs Attention
12683,5,15,8476.57,1,1,1,111,Hibernating
15640,5,15,12515.66,1,1,1,111,Hibernating
16968,5,2,439.43,1,3,4,134,Needs Attention
18223,5,14,6484.54,1,1,1,111,Hibernating
13230,5,14,2806.97,1,1,1,111,Hibernating
13001,5,13,9818.82,1,1,1,111,Hibernating
17402,5,13,2633.85,1,1,1,111,Hibernating
14401,5,13,4051.48,1,1,1,111,Hibernating
15854,5,12,2974.65,1,1,1,111,Hibernating
17579,5,3,448.9,1,3,4,134,Needs Attention
13173,5,2,353.65,1,4,4,144,Needs Attention
13083,5,2,303.75,1,4,4,144,Needs Attention
12628,5,3,786.46,1,3,3,133,Needs Attention
16149,5,2,280.52,1,4,4,144,Needs Attention
17254,5,2,272.44,1,4,4,144,Needs Attention
12925,5,2,694.05,1,3,3,133,Needs Attention
14075,5,3,942.26,1,2,2,122,Hibernating
15690,5,2,239.76,1,4,5,145,Needs Attention
17817,5,3,387.68,1,2,4,124,Needs Attention
18030,5,2,230.65,1,4,5,145,Needs Attention
12994,5,3,974.42,1,2,2,122,Hibernating
15033,5,10,2586.67,1,1,1,111,Hibernating
18015,5,1,120.03,1,4,5,145,Needs Attention
18044,5,10,2088.6,1,1,1,111,Hibernating
13305,5,10,2000.86,1,1,2,112,Hibernating
17218,5,10,1960.72,1,1,2,112,Hibernating
16851,5,3,342.45,1,2,4,124,Needs Attention
13790,5,1,348.8,1,4,4,144,Needs Attention
17006,5,4,781.78,1,2,3,123,Needs Attention
16513,5,4,874.59,1,2,3,123,Needs Attention
15628,5,9,2870.24,1,1,1,111,Hibernating
15145,5,4,1194.73,1,2,2,122,Hibernating
13021,5,9,2616.38,1,1,1,111,Hibernating
17526,5,4,1195.9,1,2,2,122,Hibernating
15621,5,4,1293.03,1,2,2,122,Hibernating
17811,5,39,7837.73,1,1,1,111,Hibernating
15932,5,8,2495.87,1,1,1,111,Hibernating
15392,5,4,1535.53,1,2,2,122,Hibernating
16642,5,2,688.33,1,3,3,133,Needs Attention
13126,5,8,2099.64,1,1,1,111,Hibernating
14608,5,4,1785.15,1,2,2,122,Hibernating
16597,5,1,90.04,1,4,5,145,Needs Attention
14219,5,1,89.94,1,4,5,145,Needs Attention
16379,5,4,2157.4,1,2,1,121,Hibernating
15097,5,1,248.08,1,5,5,155,Needs Attention
15550,5,4,575.63,1,2,3,123,Needs Attention
16910,5,8,1510.06,1,1,2,112,Hibernating
15031,5,4,668.14,1,2,3,123,Needs Attention
17383,5,1,199.29,1,5,5,155,Needs Attention
14649,5,4,1417.29,1,2,2,122,Hibernating
12782,5,5,2330.92,1,2,1,121,Hibernating
14739,5,7,3902.28,1,1,1,111,Hibernating
15572,5,7,2552.86,1,1,1,111,Hibernating
12367,5,1,168.9,1,5,5,155,Needs Attention
13079,5,5,220.1,1,2,5,125,Needs Attention
12381,5,5,1845.31,1,2,2,122,Hibernating
17090,5,7,2043.95,1,1,2,112,Hibernating
14931,5,5,1257.68,1,2,2,122,Hibernating
16682,5,5,1028.0,1,2,2,122,Hibernating
14696,5,7,2078.95,1,1,1,111,Hibernating
12913,5,5,2483.63,1,2,1,121,Hibernating
18180,5,6,1843.75,1,1,2,112,Hibernating
17676,5,6,1387.68,1,1,2,112,Hibernating
17936,6,1,389.84,1,4,4,144,Needs Attention
13630,6,7,2031.78,1,1,2,112,Hibernating
14658,6,2,247.15,1,4,5,145,Needs Attention
17131,6,5,2463.17,1,2,1,121,Hibernating
12724,6,4,1031.41,1,2,2,122,Hibernating
17954,6,12,2332.72,1,1,1,111,Hibernating
13822,6,2,632.0,1,3,3,133,Needs Attention
17858,6,12,5155.66,1,1,1,111,Hibernating
14720,6,3,663.81,1,3,3,133,Needs Attention
17750,6,9,1797.57,1,1,2,112,Hibernating
14456,6,9,3062.4,1,1,1,111,Hibernating
13704,6,9,2308.06,1,1,1,111,Hibernating
18065,6,14,2392.83,1,1,1,111,Hibernating
17827,6,5,1995.46,1,2,2,122,Hibernating
17173,6,8,3766.6,1,1,1,111,Hibernating
13319,6,26,10845.55,1,1,1,111,Hibernating
14546,6,5,2578.09,1,2,1,121,Hibernating
14102,6,5,1360.28,1,2,2,122,Hibernating
17629,6,8,1814.12,1,1,2,112,Hibernating
16283,6,5,1570.81,1,2,2,122,Hibernating
13153,6,1,486.22,1,5,4,154,Needs Attention
12827,6,3,430.15,1,3,4,134,Needs Attention
16561,6,2,511.12,1,3,3,133,Needs Attention
16535,6,1,593.75,1,5,3,153,Needs Attention
15773,6,1,635.68,1,5,3,153,Needs Attention
17618,6,3,971.58,1,2,2,122,Hibernating
16438,6,5,798.35,1,2,3,123,Needs Attention
15867,6,15,3812.64,1,1,1,111,Hibernating
17114,6,8,808.62,1,1,3,113,Needs Attention
12952,6,4,1387.79,1,2,2,122,Hibernating
13558,6,4,605.06,1,2,3,123,Needs Attention
14583,6,5,1052.55,1,2,2,122,Hibernating
16988,6,1,126.12,1,4,5,145,Needs Attention
13736,6,2,731.9,1,3,3,133,Needs Attention
13596,6,2,697.04,1,3,3,133,Needs Attention
12719,6,2,644.95,1,3,3,133,Needs Attention
12673,6,2,610.52,1,3,3,133,Needs Attention
16905,6,7,3102.43,1,1,1,111,Hibernating
13435,6,7,3809.89,1,1,1,111,Hibernating
14354,6,2,163.62,1,4,5,145,Needs Attention
12490,6,10,5417.93,1,1,1,111,Hibernating
16931,6,21,4604.22,1,1,1,111,Hibernating
12560,6,3,2134.01,1,2,1,121,Hibernating
13956,6,5,1026.42,1,2,2,122,Hibernating
13838,6,4,691.73,1,2,3,123,Needs Attention
13808,6,5,1747.66,1,2,2,122,Hibernating
16033,6,20,8816.4,1,1,1,111,Hibernating
16326,6,14,3110.96,1,1,1,111,Hibernating
14428,8,5,1244.83,1,2,2,122,Hibernating
15769,8,26,56252.72,1,1,1,111,Hibernating
13309,8,5,1456.79,1,2,2,122,Hibernating
17221,8,2,335.13,1,4,4,144,Needs Attention
13780,8,2,360.01,1,4,4,144,Needs Attention
13495,8,5,2044.87,1,2,2,122,Hibernating
14865,8,2,52.2,1,4,5,145,Needs Attention
18174,8,1,104.0,1,4,5,145,Needs Attention
17942,8,1,77.5,1,5,5,155,Needs Attention
17686,8,7,5739.46,1,1,1,111,Hibernating
16333,8,22,26626.8,1,1,1,111,Hibernating
14560,8,22,2237.77,1,1,1,111,Hibernating
17386,8,6,2686.42,1,1,1,111,Hibernating
12695,8,4,582.1,1,2,3,123,Needs Attention
12856,8,6,2179.93,1,1,1,111,Hibernating
14594,8,2,379.83,1,3,4,134,Needs Attention
12364,8,4,1313.1,1,2,2,122,Hibernating
16989,8,6,1133.25,1,1,2,112,Hibernating
14688,8,21,5630.87,1,1,1,111,Hibernating
18245,8,7,2567.06,1,1,1,111,Hibernating
13017,8,1,204.0,1,5,5,155,Needs Attention
13953,8,7,3515.68,1,1,1,111,Hibernating
14250,8,3,1904.05,1,2,2,122,Hibernating
15547,8,14,4954.84,1,1,1,111,Hibernating
12700,8,4,4939.99,1,2,1,121,Hibernating
14092,8,14,4076.91,1,1,1,111,Hibernating
14895,8,20,11138.71,1,1,1,111,Hibernating
13458,8,14,9646.57,1,1,1,111,Hibernating
16359,8,9,1750.92,1,1,2,112,Hibernating
17567,8,8,4331.48,1,1,1,111,Hibernating
12587,8,1,144.0,1,5,5,155,Needs Attention
15078,8,32,9743.11,1,1,1,111,Hibernating
17611,8,15,3984.22,1,1,1,111,Hibernating
15271,8,15,2507.07,1,1,1,111,Hibernating
14493,8,5,2383.24,1,2,1,121,Hibernating
13868,8,2,3192.54,1,3,1,131,Needs Attention
14897,8,4,1366.38,1,2,2,122,Hibernating
16038,8,3,471.78,1,2,4,124,Needs Attention
17495,8,2,497.56,1,3,3,133,Needs Attention
16440,8,5,3640.67,1,2,1,121,Hibernating
15123,8,2,2199.31,1,3,1,131,Needs Attention
18055,8,10,6784.19,1,1,1,111,Hibernating
12762,8,2,1898.52,1,3,2,132,Needs Attention
13560,8,1,174.37,1,5,5,155,Needs Attention
16474,8,7,1871.5,1,1,2,112,Hibernating
14788,8,2,679.44,1,3,3,133,Needs Attention
16759,8,3,789.79,1,3,3,133,Needs Attention
14031,8,19,17286.86,1,1,1,111,Hibernating
13969,8,18,9053.94,1,1,1,111,Hibernating
12684,8,7,2283.63,1,1,1,111,Hibernating
17584,8,2,1242.3,1,3,2,132,Needs Attention
13183,8,9,3957.78,1,1,1,111,Hibernating
16103,8,6,1429.64,1,1,2,112,Hibernating
14023,8,2,584.07,1,3,3,133,Needs Attention
14292,8,9,4871.93,1,1,1,111,Hibernating
17086,8,6,2050.08,1,1,2,112,Hibernating
15539,8,1,538.46,1,5,3,153,Needs Attention
12558,8,1,269.96,1,4,4,144,Needs Attention
13705,8,3,711.86,1,3,3,133,Needs Attention
18282,8,2,178.05,1,4,5,145,Needs Attention
15570,8,12,4165.52,1,1,1,111,Hibernating
17183,8,6,3347.31,1,1,1,111,Hibernating
18144,8,12,2888.75,1,1,1,111,Hibernating
12704,8,8,2340.84,1,1,1,111,Hibernating
16899,8,6,1281.56,1,1,2,112,Hibernating
12962,8,2,266.39,1,4,4,144,Needs Attention
14126,8,3,706.13,1,2,3,123,Needs Attention
13884,8,5,787.6,1,2,3,123,Needs Attention
17157,8,2,319.0,1,4,4,144,Needs Attention
13297,8,4,2089.85,1,2,1,121,Hibernating
12970,8,4,452.24,1,2,4,124,Needs Attention
18097,8,6,2697.8,1,1,1,111,Hibernating
17450,9,46,194550.79,1,1,1,111,Hibernating
14287,9,3,176.63,1,2,5,125,Needs Attention
18077,9,11,2633.01,1,1,1,111,Hibernating
15500,9,4,1131.56,1,2,2,122,Hibernating
16156,9,9,3122.04,1,1,1,111,Hibernating
15687,9,9,2993.1,1,1,1,111,Hibernating
17381,9,29,20275.61,1,1,1,111,Hibernating
12664,9,9,4881.88,1,1,1,111,Hibernating
14659,9,9,2529.93,1,1,1,111,Hibernating
17350,9,4,1286.07,1,2,2,122,Hibernating
14309,9,9,2352.53,1,1,1,111,Hibernating
17014,9,3,586.33,1,2,3,123,Needs Attention
15021,9,9,1914.82,1,1,2,112,Hibernating
17293,9,9,1875.11,1,1,2,112,Hibernating
14960,9,2,221.27,1,4,5,145,Needs Attention
15948,9,2,955.24,1,3,2,132,Needs Attention
15060,9,4,303.09,1,2,4,124,Needs Attention
13159,9,4,1437.85,1,2,2,122,Hibernating
16966,9,7,2154.97,1,1,1,111,Hibernating
16145,9,11,3799.49,1,1,1,111,Hibernating
17426,9,6,5037.26,1,1,1,111,Hibernating
16169,9,4,1822.97,1,2,2,122,Hibernating
15101,9,2,317.53,1,4,4,144,Needs Attention
14655,9,4,1932.23,1,2,2,122,Hibernating
18122,9,6,1826.21,1,1,2,112,Hibernating
16839,9,34,16594.35,1,1,1,111,Hibernating
16789,9,1,80.8,1,5,5,155,Needs Attention
16938,9,4,2736.38,1,2,1,121,Hibernating
15373,9,12,2415.91,1,1,1,111,Hibernating
17115,9,3,837.5,1,3,3,133,Needs Attention
16700,9,13,5076.55,1,1,1,111,Hibernating
15028,9,4,627.13,1,2,3,123,Needs Attention
12963,9,8,1856.63,1,1,2,112,Hibernating
14289,9,6,911.26,1,1,3,113,Needs Attention
16701,9,13,5398.3,1,1,1,111,Hibernating
14732,9,8,2702.49,1,1,1,111,Hibernating
14262,9,8,2618.23,1,1,1,111,Hibernating
12919,9,6,1335.19,1,1,2,112,Hibernating
16119,9,2,423.36,1,3,4,134,Needs Attention
13090,9,14,8910.82,1,1,1,111,Hibernating
16496,9,3,1599.52,1,3,2,132,Needs Attention
14440,9,5,2357.68,1,2,1,121,Hibernating
15434,9,5,1041.48,1,2,2,122,Hibernating
15172,9,5,1624.05,1,2,2,122,Hibernating
12951,9,6,1064.07,1,1,2,112,Hibernating
15531,9,2,2007.44,1,3,2,132,Needs Attention
16011,9,16,3362.71,1,1,1,111,Hibernating
14367,9,16,9261.52,1,1,1,111,Hibernating
15144,9,17,6580.44,1,1,1,111,Hibernating
14178,9,7,1620.93,1,1,2,112,Hibernating
13509,9,7,979.72,1,1,2,112,Hibernating
14146,9,5,4191.0,1,2,1,121,Hibernating
15380,9,5,1690.26,1,2,2,122,Hibernating
17321,9,2,700.86,1,3,3,133,Needs Attention
15904,9,1,164.68,1,5,5,155,Needs Attention
17566,9,2,901.21,1,3,3,133,Needs Attention
17576,9,19,3622.68,1,1,1,111,Hibernating
14047,9,5,1308.61,1,2,2,122,Hibernating
15993,9,7,2797.57,1,1,1,111,Hibernating
16242,9,7,3603.21,1,1,1,111,Hibernating
12562,9,7,3781.74,1,1,1,111,Hibernating
12572,9,2,1020.42,1,3,2,132,Needs Attention
16376,9,2,987.01,1,3,2,132,Needs Attention
15951,9,2,708.22,1,3,3,133,Needs Attention
14766,9,6,2473.37,1,1,1,111,Hibernating
13040,9,2,676.99,1,3,3,133,Needs Attention
13854,9,25,8109.52,1,1,1,111,Hibernating
14869,9,2,725.7,1,3,3,133,Needs Attention
14243,9,10,2588.77,1,1,1,111,Hibernating
16813,9,10,1692.98,1,1,2,112,Hibernating
12553,9,10,3692.28,1,1,1,111,Hibernating
14804,9,1,353.27,1,4,4,144,Needs Attention
17937,9,7,4301.22,1,1,1,111,Hibernating
15862,9,4,832.88,1,2,3,123,Needs Attention
12901,9,28,17654.54,1,1,1,111,Hibernating
17768,9,3,2273.18,1,2,1,121,Hibernating
15602,9,9,1297.87,1,1,2,112,Hibernating
14298,9,44,51527.3,1,1,1,111,Hibernating
14299,9,9,3965.62,1,1,1,111,Hibernating
15414,10,3,774.9,1,3,3,133,Needs Attention
14156,10,55,117379.63,1,1,1,111,Hibernating
13255,10,2,399.51,1,3,4,134,Needs Attention
13012,10,8,1661.84,1,1,2,112,Hibernating
17502,10,4,689.1,1,2,3,123,Needs Attention
15680,10,3,1333.68,1,3,2,132,Needs Attention
15611,10,13,1591.45,1,1,2,112,Hibernating
15152,10,13,4745.69,1,1,1,111,Hibernating
16241,10,13,2607.87,1,1,1,111,Hibernating
14448,10,2,375.35,1,3,4,134,Needs Attention
15073,10,3,1043.41,1,2,2,122,Hibernating
13203,10,4,869.46,1,2,3,123,Needs Attention
12966,10,1,160.18,1,5,5,155,Needs Attention
12488,10,3,1298.66,1,3,2,132,Needs Attention
14432,10,6,2255.51,1,1,1,111,Hibernating
12429,10,4,3750.4,1,2,1,121,Hibernating
15654,10,2,922.53,1,3,3,133,Needs Attention
15251,10,11,10484.99,1,1,1,111,Hibernating
16361,10,4,896.66,1,2,3,123,Needs Attention
12524,10,8,4485.72,1,1,1,111,Hibernating
16712,10,11,3645.43,1,1,1,111,Hibernating
16062,10,4,1153.62,1,2,2,122,Hibernating
13362,10,4,3090.74,1,2,1,121,Hibernating
16115,10,8,1667.97,1,1,2,112,Hibernating
17288,10,7,1419.73,1,1,2,112,Hibernating
12598,10,8,3023.08,1,1,1,111,Hibernating
15394,10,4,2183.54,1,2,1,121,Hibernating
12787,10,3,463.66,1,3,4,134,Needs Attention
15467,10,3,524.88,1,3,3,133,Needs Attention
14258,10,9,12669.98,1,1,1,111,Hibernating
14062,10,12,10464.85,1,1,1,111,Hibernating
15903,10,7,5126.76,1,1,1,111,Hibernating
18179,10,6,1793.17,1,1,2,112,Hibernating
13647,10,4,1678.12,1,2,2,122,Hibernating
15039,10,47,19914.44,1,1,1,111,Hibernating
15544,10,9,3546.71,1,1,1,111,Hibernating
14713,10,11,2666.36,1,1,1,111,Hibernating
15782,10,3,2614.74,1,2,1,121,Hibernating
16265,10,9,5447.0,1,1,1,111,Hibernating
13784,10,11,2462.79,1,1,1,111,Hibernating
16657,10,4,933.62,1,2,3,123,Needs Attention
17911,10,1,366.23,1,4,4,144,Needs Attention
14618,10,3,553.44,1,3,3,133,Needs Attention
16915,10,6,621.68,1,1,3,113,Needs Attention
18241,10,17,2073.09,1,1,1,111,Hibernating
14755,10,11,5010.28,1,1,1,111,Hibernating
12630,10,2,1270.88,1,3,2,132,Needs Attention
12784,10,2,574.42,1,3,3,133,Needs Attention
14005,10,5,2874.72,1,2,1,121,Hibernating
15024,10,10,1661.33,1,1,2,112,Hibernating
15444,10,2,1418.26,1,3,2,132,Needs Attention
14893,10,2,1237.85,1,3,2,132,Needs Attention
14385,10,3,202.11,1,2,5,125,Needs Attention
12882,10,2,1463.04,1,3,2,132,Needs Attention
12921,10,37,16587.09,1,1,1,111,Hibernating
16295,10,4,1328.55,1,2,2,122,Hibernating
15113,10,3,3609.33,1,2,1,121,Hibernating
17736,10,3,377.44,1,2,4,124,Needs Attention
18230,10,7,2810.2,1,1,1,111,Hibernating
18058,10,1,170.16,1,5,5,155,Needs Attention
12714,10,5,4708.86,1,2,1,121,Hibernating
14963,10,5,1487.8,1,2,2,122,Hibernating
12528,10,6,1933.48,1,1,2,112,Hibernating
15712,10,5,1072.36,1,2,2,122,Hibernating
12957,10,8,4017.54,1,1,1,111,Hibernating
14540,10,3,996.26,1,2,2,122,Hibernating
17737,10,2,168.24,1,4,5,145,Needs Attention
13658,10,5,2639.17,1,2,1,121,Hibernating
12953,10,1,329.85,1,4,4,144,Needs Attention
15046,10,15,5213.77,1,1,1,111,Hibernating
18158,10,2,453.4,1,3,4,134,Needs Attention
17466,11,2,763.28,1,3,3,133,Needs Attention
14550,11,2,765.62,1,3,3,133,Needs Attention
15239,11,2,780.59,1,3,3,133,Needs Attention
16168,11,27,3787.6,1,1,1,111,Hibernating
18118,11,26,5653.82,1,1,1,111,Hibernating
14180,11,25,4748.52,1,1,1,111,Hibernating
14667,11,25,9241.2,1,1,1,111,Hibernating
15615,11,23,10399.74,1,1,1,111,Hibernating
17306,11,19,8631.31,1,1,1,111,Hibernating
13576,11,18,6717.34,1,1,1,111,Hibernating
14088,11,13,50491.81,1,1,1,111,Hibernating
16782,11,13,2279.9,1,1,1,111,Hibernating
13999,11,12,3901.81,1,1,1,111,Hibernating
14866,11,12,14389.9,1,1,1,111,Hibernating
15218,11,11,5756.89,1,1,1,111,Hibernating
14711,11,11,2868.8,1,1,1,111,Hibernating
16818,11,11,3349.57,1,1,1,111,Hibernating
16775,11,11,1695.66,1,1,2,112,Hibernating
16549,11,10,4154.64,1,1,1,111,Hibernating
13014,11,10,3466.28,1,1,1,111,Hibernating
14349,11,1,133.5,1,5,5,155,Needs Attention
14961,11,9,7044.68,1,1,1,111,Hibernating
14701,11,9,2549.37,1,1,1,111,Hibernating
14390,11,9,4652.82,1,1,1,111,Hibernating
12464,11,8,1212.05,1,1,2,112,Hibernating
13137,11,8,3650.41,1,1,1,111,Hibernating
14388,11,8,3212.84,1,1,1,111,Hibernating
12727,11,7,3980.7,1,1,1,111,Hibernating
17655,11,7,2638.94,1,1,1,111,Hibernating
12627,11,7,4478.53,1,1,1,111,Hibernating
14408,11,7,2606.53,1,1,1,111,Hibernating
13198,11,6,3401.24,1,1,1,111,Hibernating
17682,11,6,2474.33,1,1,1,111,Hibernating
15089,11,6,2420.84,1,1,1,111,Hibernating
15755,11,6,2364.25,1,1,1,111,Hibernating
14419,11,6,1058.06,1,1,2,112,Hibernating
14209,11,6,2073.43,1,1,1,111,Hibernating
14723,11,6,1158.3,1,1,2,112,Hibernating
16992,11,5,1614.31,1,2,2,122,Hibernating
13883,11,5,2674.48,1,2,1,121,Hibernating
12654,11,5,601.98,1,2,3,123,Needs Attention
14321,11,5,1530.75,1,2,2,122,Hibernating
12670,11,5,2996.05,1,2,1,121,Hibernating
12451,11,5,9035.52,1,2,1,121,Hibernating
13928,11,4,464.57,1,2,4,124,Needs Attention
13147,11,4,712.8,1,2,3,123,Needs Attention
14601,11,1,213.96,1,5,5,155,Needs Attention
13428,11,1,218.47,1,5,5,155,Needs Attention
15790,11,1,220.85,1,5,5,155,Needs Attention
14554,11,4,2381.04,1,2,1,121,Hibernating
15783,11,1,246.3,1,5,5,155,Needs Attention
13349,11,1,247.32,1,5,5,155,Needs Attention
17101,11,4,1621.73,1,2,2,122,Hibernating
15148,11,1,301.29,1,4,4,144,Needs Attention
14824,11,4,1127.71,1,2,2,122,Hibernating
13429,11,4,1006.8,1,2,2,122,Hibernating
15206,11,4,420.3,1,2,4,124,Needs Attention
14173,11,4,450.84,1,2,4,124,Needs Attention
15619,11,1,336.4,1,4,4,144,Needs Attention
15197,11,3,1079.61,1,2,2,122,Hibernating
14785,11,2,77.4,1,4,5,145,Needs Attention
14125,11,3,2740.43,1,2,1,121,Hibernating
17468,11,2,137.0,1,4,5,145,Needs Attention
16852,11,2,144.91,1,4,5,145,Needs Attention
17772,11,2,182.77,1,4,5,145,Needs Attention
14836,11,3,102.45,1,2,5,125,Needs Attention
14452,11,2,264.44,1,4,4,144,Needs Attention
12798,11,3,6977.04,1,3,1,131,Needs Attention
15297,11,3,641.94,1,3,3,133,Needs Attention
16479,11,2,300.83,1,4,4,144,Needs Attention
13068,11,2,344.0,1,4,4,144,Needs Attention
13657,11,2,382.14,1,3,4,134,Needs Attention
17711,11,2,385.1,1,3,4,134,Needs Attention
13211,11,3,1197.42,1,3,2,132,Needs Attention
12375,11,2,457.5,1,3,4,134,Needs Attention
13467,11,2,1083.71,1,3,2,132,Needs Attention
13496,11,2,653.33,1,3,3,133,Needs Attention
14704,12,9,1546.91,1,1,2,112,Hibernating
15561,12,4,800.59,1,2,3,123,Needs Attention
13004,12,18,5655.91,1,1,1,111,Hibernating
15511,12,5,909.23,1,2,3,123,Needs Attention
13418,12,18,6127.43,1,1,1,111,Hibernating
17188,12,7,2474.23,1,1,1,111,Hibernating
17988,12,7,201.12,1,1,5,115,Needs Attention
14511,12,5,1314.81,1,2,2,122,Hibernating
13258,12,3,698.58,1,2,3,123,Needs Attention
17739,12,7,2791.35,1,1,1,111,Hibernating
13389,12,3,797.96,1,2,3,123,Needs Attention
13115,12,4,2294.78,1,2,1,121,Hibernating
12660,12,1,245.1,1,5,5,155,Needs Attention
12657,12,4,1643.18,1,2,2,122,Hibernating
16364,12,2,707.04,1,3,3,133,Needs Attention
15540,12,1,213.3,1,5,5,155,Needs Attention
15571,12,4,650.43,1,2,3,123,Needs Attention
17523,12,4,652.74,1,2,3,123,Needs Attention
13081,12,11,28337.38,1,1,1,111,Hibernating
14480,12,1,279.05,1,4,4,144,Needs Attention
15601,12,14,6776.56,1,1,1,111,Hibernating
15721,12,1,507.08,1,5,3,153,Needs Attention
17299,12,4,669.11,1,2,3,123,Needs Attention
18101,12,2,223.65,1,4,5,145,Needs Attention
14741,12,6,1400.34,1,1,2,112,Hibernating
13950,12,4,745.06,1,2,3,123,Needs Attention
14470,12,2,461.19,1,3,4,134,Needs Attention
13590,12,6,1981.92,1,1,2,112,Hibernating
17806,12,1,546.04,1,5,3,153,Needs Attention
18041,12,21,4183.39,1,1,1,111,Hibernating
17019,12,4,1272.61,1,2,2,122,Hibernating
17031,12,2,380.35,1,3,4,134,Needs Attention
15714,12,2,330.88,1,4,4,144,Needs Attention
14215,12,6,1789.72,1,1,2,112,Hibernating
17419,12,12,4226.57,1,1,1,111,Hibernating
14290,12,5,2314.65,1,2,1,121,Hibernating
14597,12,2,883.15,1,3,3,133,Needs Attention
17651,12,10,3945.0,1,1,1,111,Hibernating
13844,12,1,361.62,1,4,4,144,Needs Attention
17924,12,7,2962.5,1,1,1,111,Hibernating
16744,12,7,1304.76,1,1,2,112,Hibernating
13188,12,1,114.6,1,4,5,145,Needs Attention
16094,12,4,1078.23,1,2,2,122,Hibernating
13266,12,12,3834.26,1,1,1,111,Hibernating
17379,12,1,404.66,1,5,4,154,Needs Attention
17237,12,2,314.69,1,4,4,144,Needs Attention
13196,12,4,1797.78,1,2,2,122,Hibernating
18229,12,20,7276.9,1,1,1,111,Hibernating
12668,12,4,3807.15,1,2,1,121,Hibernating
12906,12,5,2919.81,1,2,1,121,Hibernating
13914,12,2,626.45,1,3,3,133,Needs Attention
15022,12,4,905.04,1,2,3,123,Needs Attention
13758,12,7,3190.55,1,1,1,111,Hibernating
17359,12,1,127.86,1,5,5,155,Needs Attention
18096,12,3,911.15,1,3,3,133,Needs Attention
14901,12,9,1421.29,1,1,2,112,Hibernating
16347,12,2,887.65,1,3,3,133,Needs Attention
13030,12,2,799.48,1,3,3,133,Needs Attention
12479,12,1,527.2,1,5,3,153,Needs Attention
17929,12,4,843.0,1,2,3,123,Needs Attention
17852,12,2,114.34,1,4,5,145,Needs Attention
15838,12,19,33643.08,1,1,1,111,Hibernating
16800,12,1,1201.49,1,4,2,142,Needs Attention
14859,13,4,1353.74,1,2,2,122,Hibernating
18112,13,2,352.69,1,4,4,144,Needs Attention
15861,13,8,3165.36,1,1,1,111,Hibernating
17236,13,6,916.13,1,1,3,113,Needs Attention
17769,13,10,3997.98,1,1,1,111,Hibernating
17068,13,21,4552.14,1,1,1,111,Hibernating
16942,13,9,1920.59,1,1,2,112,Hibernating
14878,13,9,1485.54,1,1,2,112,Hibernating
17885,13,1,190.19,1,5,5,155,Needs Attention
16877,13,6,853.72,1,1,3,113,Needs Attention
17365,13,8,4801.56,1,1,1,111,Hibernating
13064,13,4,1119.49,1,2,2,122,Hibernating
13610,13,7,1131.88,1,1,2,112,Hibernating
18156,13,2,734.94,1,3,3,133,Needs Attention
16407,13,10,2126.93,1,1,1,111,Hibernating
15054,13,2,302.1,1,4,4,144,Needs Attention
16983,13,7,1931.25,1,1,2,112,Hibernating
14954,13,1,336.17,1,4,4,144,Needs Attention
13991,13,6,855.97,1,1,3,113,Needs Attention
15436,13,3,1122.53,1,2,2,122,Hibernating
13546,13,3,626.99,1,3,3,133,Needs Attention
15514,13,11,4139.46,1,1,1,111,Hibernating
17595,13,2,388.79,1,3,4,134,Needs Attention
16005,13,4,615.39,1,2,3,123,Needs Attention
16024,13,1,251.24,1,4,4,144,Needs Attention
18001,13,2,417.23,1,3,4,134,Needs Attention
14577,13,4,859.71,1,2,3,123,Needs Attention
15009,13,3,1261.78,1,3,2,132,Needs Attention
15987,13,7,1451.28,1,1,2,112,Hibernating
16923,13,19,7247.61,1,1,1,111,Hibernating
17864,13,3,597.5,1,2,3,123,Needs Attention
15747,13,3,974.04,1,2,2,122,Hibernating
13782,13,6,912.0,1,1,3,113,Needs Attention
17231,13,10,3174.32,1,1,1,111,Hibernating
18145,13,4,2861.55,1,2,1,121,Hibernating
17812,13,4,732.16,1,2,3,123,Needs Attention
14093,13,1,442.85,1,5,4,154,Needs Attention
13232,13,7,1357.6,1,1,2,112,Hibernating
13571,13,12,2092.32,1,1,1,111,Hibernating
15555,13,16,4805.17,1,1,1,111,Hibernating
15351,13,7,1960.11,1,1,2,112,Hibernating
17411,13,3,778.94,1,3,3,133,Needs Attention
17562,15,7,1122.38,2,1,2,212,Hibernating
13149,15,4,1676.06,2,2,2,222,At Risk
15186,15,2,411.41,2,3,4,234,At Risk
12681,15,22,13787.54,2,1,1,211,Hibernating
12620,15,3,1339.41,2,3,2,232,At Risk
17302,15,5,1135.63,2,2,2,222,At Risk
13050,15,17,5836.86,2,1,1,211,Hibernating
15117,15,5,1551.78,2,2,2,222,At Risk
14966,15,1,191.32,2,5,5,255,At Risk
17385,15,1,261.11,2,4,4,244,At Risk
17624,15,2,843.48,2,3,3,233,At Risk
15473,15,7,1771.2,2,1,2,212,Hibernating
16719,15,7,1790.42,2,1,2,212,Hibernating
12531,15,1,125.22,2,4,5,245,At Risk
13048,15,4,1835.91,2,2,2,222,At Risk
13332,15,1,350.9,2,4,4,244,At Risk
13437,15,7,3408.06,2,1,1,211,Hibernating
14111,15,4,692.85,2,2,3,223,At Risk
13184,15,10,1701.29,2,1,2,212,Hibernating
13579,15,2,467.04,2,3,4,234,At Risk
17348,15,5,1159.52,2,2,2,222,At Risk
17813,15,5,1770.88,2,2,2,222,At Risk
18172,15,20,7561.68,2,1,1,211,Hibernating
15382,15,6,5955.71,2,1,1,211,Hibernating
15737,15,8,1205.12,2,1,2,212,Hibernating
16814,15,21,6509.1,2,1,1,211,Hibernating
15872,15,2,360.93,2,4,4,244,At Risk
13978,15,2,196.79,2,4,5,245,At Risk
17329,15,2,523.11,2,3,3,233,At Risk
13525,15,2,628.78,2,3,3,233,At Risk
13589,15,2,379.65,2,3,4,234,At Risk
14703,15,1,318.17,2,4,4,244,At Risk
15134,15,8,1387.99,2,1,2,212,Hibernating
17557,15,3,541.46,2,3,3,233,At Risk
12438,15,2,2906.85,2,3,1,231,Needs Attention
16327,15,6,3844.22,2,1,1,211,Hibernating
16856,15,1,35.4,2,4,5,245,At Risk
14710,15,4,606.13,2,2,3,223,At Risk
15793,15,3,965.61,2,2,2,222,At Risk
14946,15,1,100.9,2,4,5,245,At Risk
15428,16,1,93.78,2,4,5,245,At Risk
14709,16,13,4921.04,2,1,1,211,Hibernating
12388,16,6,2780.66,2,1,1,211,Hibernating
16173,16,6,1418.32,2,1,2,212,Hibernating
13638,16,1,122.64,2,4,5,245,At Risk
18130,16,3,1059.39,2,2,2,222,At Risk
15005,16,28,6316.57,2,1,1,211,Hibernating
18188,16,3,2001.04,2,2,2,222,At Risk
16885,16,3,471.51,2,2,4,224,At Risk
12476,16,11,6816.42,2,1,1,211,Hibernating
17727,16,1,1060.25,2,4,2,242,At Risk
16596,16,2,250.15,2,4,4,244,At Risk
13207,16,2,250.26,2,4,4,244,At Risk
15858,16,5,1438.85,2,2,2,222,At Risk
17516,16,5,768.08,2,2,3,223,At Risk
15270,16,7,2379.49,2,1,1,211,Hibernating
16609,16,7,5493.46,2,1,1,211,Hibernating
16189,16,2,215.48,2,4,5,245,At Risk
18184,16,1,49.8,2,5,5,255,At Risk
17139,16,12,10668.47,2,1,1,211,Hibernating
12421,16,4,807.04,2,2,3,223,At Risk
14277,16,3,4216.2,2,3,1,231,Needs Attention
12494,16,7,1246.1,2,1,2,212,Hibernating
17133,16,7,4892.24,2,1,1,211,Hibernating
16668,16,6,306.72,2,1,4,214,Needs Attention
12705,16,9,6868.29,2,1,1,211,Hibernating
14539,16,2,537.48,2,3,3,233,At Risk
14756,16,1,738.96,2,5,3,253,At Risk
15482,16,12,11054.96,2,1,1,211,Hibernating
15725,16,1,415.25,2,5,4,254,At Risk
17323,16,7,921.07,2,1,3,213,Needs Attention
17096,16,4,1022.13,2,2,2,222,At Risk
13719,16,5,1041.68,2,2,2,222,At Risk
15594,16,5,1771.78,2,2,2,222,At Risk
16616,16,2,500.42,2,3,3,233,At Risk
17458,16,1,316.5,2,4,4,244,At Risk
16157,16,3,656.69,2,3,3,233,At Risk
14987,16,2,326.4,2,4,4,244,At Risk
13995,16,5,1393.69,2,2,2,222,At Risk
18161,16,5,1618.69,2,2,2,222,At Risk
16566,16,5,614.66,2,2,3,223,At Risk
13588,16,9,2478.95,2,1,1,211,Hibernating
15953,16,8,1659.38,2,1,2,212,Hibernating
16824,16,2,460.64,2,3,4,234,At Risk
14591,16,4,1447.14,2,2,2,222,At Risk
12709,16,15,9736.52,2,1,1,211,Hibernating
17247,16,1,282.19,2,4,4,244,At Risk
17228,16,8,1906.09,2,1,2,212,Hibernating
15034,16,8,4308.61,2,1,1,211,Hibernating
12937,16,4,1504.27,2,2,2,222,At Risk
17671,16,4,1572.71,2,2,2,222,At Risk
14607,16,14,16569.5,2,1,1,211,Hibernating
17975,16,13,4488.81,2,1,1,211,Hibernating
17767,16,1,271.2,2,4,4,244,At Risk
15502,16,12,10384.93,2,1,1,211,Hibernating
17345,16,4,537.74,2,2,3,223,At Risk
13277,16,4,258.4,2,2,4,224,At Risk
14805,16,4,554.65,2,2,3,223,At Risk
16482,16,1,220.62,2,5,5,255,At Risk
12757,16,13,7857.1,2,1,1,211,Hibernating
15632,16,8,3285.31,2,1,1,211,Hibernating
16570,16,10,3738.4,2,1,1,211,Hibernating
16066,17,5,1521.87,2,2,2,222,At Risk
15743,17,4,784.46,2,2,3,223,At Risk
14049,17,4,5681.72,2,2,1,221,Hibernating
17034,17,3,745.52,2,3,3,233,At Risk
16900,17,3,887.11,2,3,3,233,At Risk
17685,17,7,3191.53,2,1,1,211,Hibernating
13899,17,2,388.52,2,3,4,234,At Risk
16653,17,2,1212.66,2,3,2,232,At Risk
15727,17,7,5178.96,2,1,1,211,Hibernating
13644,17,4,2624.26,2,2,1,221,Hibernating
14912,17,2,867.85,2,3,3,233,At Risk
13139,17,7,5064.94,2,1,1,211,Hibernating
12557,17,5,11990.96,2,2,1,221,Hibernating
13448,17,6,3539.37,2,2,1,221,Hibernating
16670,17,11,4095.9,2,1,1,211,Hibernating
16057,17,7,2263.12,2,1,1,211,Hibernating
15814,17,4,1945.33,2,2,2,222,At Risk
14334,17,8,2552.21,2,1,1,211,Hibernating
13502,17,3,292.0,2,3,4,234,At Risk
14733,17,12,9585.91,2,1,1,211,Hibernating
14205,17,2,466.7,2,3,4,234,At Risk
14581,17,1,138.6,2,5,5,255,At Risk
16343,17,2,370.48,2,3,4,234,At Risk
15398,17,2,1345.53,2,3,2,232,At Risk
15916,17,8,1528.09,2,1,2,212,Hibernating
13650,17,6,1836.34,2,1,2,212,Hibernating
14790,17,4,745.06,2,2,3,223,At Risk
15393,17,2,231.86,2,4,5,245,At Risk
16660,17,4,1267.65,2,2,2,222,At Risk
13831,17,6,2202.99,2,1,1,211,Hibernating
17410,17,5,1214.72,2,2,2,222,At Risk
14020,17,2,642.8,2,3,3,233,At Risk
15949,17,2,364.72,2,3,4,234,At Risk
12619,17,9,3641.24,2,1,1,211,Hibernating
16185,17,2,529.41,2,3,3,233,At Risk
14336,17,4,1614.91,2,2,2,222,At Risk
13742,17,12,3131.02,2,1,1,211,Hibernating
17463,17,5,1896.41,2,2,2,222,At Risk
14675,17,1,604.75,2,5,3,253,At Risk
13174,17,3,2817.03,2,2,1,221,Hibernating
17725,17,11,3439.08,2,1,1,211,Hibernating
14099,17,11,3104.17,2,1,1,211,Hibernating
14744,17,7,1099.98,2,1,2,212,Hibernating
15901,17,3,363.88,2,2,4,224,At Risk
14335,17,2,468.26,2,3,4,234,At Risk
17422,17,6,1979.37,2,1,2,212,Hibernating
17700,17,4,2534.64,2,2,1,221,Hibernating
17135,17,7,1139.73,2,1,2,212,Hibernating
17469,17,5,1870.97,2,2,2,222,At Risk
17809,17,12,5411.91,2,1,1,211,Hibernating
16255,17,8,2619.91,2,1,1,211,Hibernating
16079,17,3,1352.0,2,3,2,232,At Risk
12452,17,2,430.57,2,3,4,234,At Risk
15253,17,5,918.2,2,2,3,223,At Risk
16020,17,3,851.01,2,3,3,233,At Risk
13350,17,2,979.12,2,3,2,232,At Risk
18084,17,1,90.48,2,4,5,245,At Risk
12948,17,7,2064.95,2,1,1,211,Hibernating
13018,17,28,7277.7,2,1,1,211,Hibernating
14297,18,4,1305.33,2,2,2,222,At Risk
18139,18,6,8438.34,2,1,1,211,Hibernating
14515,18,6,2102.09,2,1,1,211,Hibernating
17519,18,6,1844.02,2,1,2,212,Hibernating
18249,18,1,95.34,2,4,5,245,At Risk
13681,18,4,827.83,2,2,3,223,At Risk
16107,18,7,3204.16,2,1,1,211,Hibernating
17297,18,1,131.78,2,5,5,255,At Risk
13569,18,2,373.75,2,3,4,234,At Risk
16633,18,6,2883.1,2,1,1,211,Hibernating
15116,18,4,1352.75,2,2,2,222,At Risk
17500,18,3,1138.0,2,3,2,232,At Risk
15106,18,5,1422.52,2,2,2,222,At Risk
14657,18,4,848.22,2,2,3,223,At Risk
17371,18,3,423.89,2,3,4,234,At Risk
15497,18,2,1262.2,2,3,2,232,At Risk
17360,18,3,585.79,2,2,3,223,At Risk
15845,18,8,3711.77,2,1,1,211,Hibernating
15150,18,10,5314.47,2,1,1,211,Hibernating
12586,18,1,196.94,2,5,5,255,At Risk
14505,18,8,5905.64,2,1,1,211,Hibernating
17073,18,4,1446.09,2,2,2,222,At Risk
16261,18,4,746.83,2,2,3,223,At Risk
15965,18,4,845.64,2,2,3,223,At Risk
16985,18,10,5464.12,2,1,1,211,Hibernating
12920,18,1,164.23,2,5,5,255,At Risk
13238,18,4,700.73,2,2,3,223,At Risk
17659,18,12,2999.46,2,1,1,211,Hibernating
13322,18,1,199.48,2,5,5,255,At Risk
16607,18,14,3347.71,2,1,1,211,Hibernating
14424,18,1,322.08,2,4,4,244,At Risk
17155,18,2,251.7,2,4,4,244,At Risk
13247,18,4,501.12,2,2,3,223,At Risk
13986,18,1,320.46,2,4,4,244,At Risk
12465,18,2,742.19,2,3,3,233,At Risk
16330,18,3,251.91,2,2,4,224,At Risk
13403,18,1,75.0,2,5,5,255,At Risk
15977,18,2,1054.73,2,3,2,232,At Risk
17324,18,4,990.23,2,2,2,222,At Risk
13499,18,5,1159.11,2,2,2,222,At Risk
16748,18,5,1515.9,2,2,2,222,At Risk
16422,18,51,34684.4,2,1,1,211,Hibernating
14768,18,2,192.6,2,4,5,245,At Risk
16128,18,5,1880.22,2,2,2,222,At Risk
16311,18,2,616.26,2,3,3,233,At Risk
15971,18,12,4199.85,2,1,1,211,Hibernating
17600,18,1,161.67,2,5,5,255,At Risk
16164,18,3,822.48,2,3,3,233,At Risk
12775,18,5,1386.04,2,2,2,222,At Risk
13940,18,4,839.14,2,2,3,223,At Risk
16532,18,3,6748.8,2,3,1,231,Needs Attention
14467,18,4,598.76,2,2,3,223,At Risk
16352,18,2,494.44,2,3,3,233,At Risk
12936,18,4,1063.9,2,2,2,222,At Risk
16655,18,6,3794.52,2,1,1,211,Hibernating
12656,18,5,4051.17,2,2,1,221,Hibernating
14834,18,6,1720.3,2,1,2,212,Hibernating
17075,18,4,834.12,2,2,3,223,At Risk
13456,18,6,1766.72,2,1,2,212,Hibernating
12474,18,18,7375.79,2,1,1,211,Hibernating
15699,18,1,309.65,2,4,4,244,At Risk
12483,18,8,2484.98,2,1,1,211,Hibernating
17759,18,3,834.99,2,3,3,233,At Risk
15634,18,1,243.55,2,5,5,255,At Risk
14329,18,7,5014.84,2,1,1,211,Hibernating
16956,18,1,308.74,2,4,4,244,At Risk
16365,18,9,1540.42,2,1,2,212,Hibernating
17453,18,2,486.72,2,3,4,234,At Risk
16722,18,13,4730.81,2,1,1,211,Hibernating
17338,18,8,6643.93,2,1,1,211,Hibernating
13268,18,11,3214.69,2,1,1,211,Hibernating
13488,18,13,8968.31,2,1,1,211,Hibernating
13363,18,2,992.5,2,3,2,232,At Risk
14506,18,5,2012.17,2,2,2,222,At Risk
15671,19,7,2657.13,2,1,1,211,Hibernating
16366,19,1,327.3,2,4,4,244,At Risk
16139,19,3,635.41,2,3,3,233,At Risk
14449,19,4,907.1,2,2,3,223,At Risk
15738,19,16,4812.42,2,1,1,211,Hibernating
14447,19,5,1163.23,2,2,2,222,At Risk
14030,19,8,2360.09,2,1,1,211,Hibernating
13823,19,2,957.66,2,3,2,232,At Risk
17432,19,2,365.76,2,3,4,234,At Risk
14300,19,1,43.2,2,5,5,255,At Risk
15163,19,2,304.47,2,4,4,244,At Risk
13862,19,8,2209.36,2,1,1,211,Hibernating
12904,19,2,509.58,2,3,3,233,At Risk
17253,19,1,178.26,2,5,5,255,At Risk
14551,19,2,186.23,2,4,5,245,At Risk
15132,19,5,977.93,2,2,2,222,At Risk
15179,19,5,2206.95,2,2,1,221,Hibernating
15567,19,1,186.01,2,5,5,255,At Risk
12504,19,2,482.05,2,3,4,234,At Risk
13282,19,3,1132.14,2,3,2,232,At Risk
12795,19,1,430.48,2,5,4,254,At Risk
15857,19,1,297.0,2,4,4,244,At Risk
16713,19,15,6923.13,2,1,1,211,Hibernating
15645,19,1,612.01,2,5,3,253,At Risk
15105,19,7,2298.93,2,1,1,211,Hibernating
17010,19,1,195.36,2,5,5,255,At Risk
13246,19,6,1987.3,2,1,2,212,Hibernating
17100,19,2,971.74,2,3,2,232,At Risk
13430,19,2,679.45,2,3,3,233,At Risk
17625,19,4,2047.0,2,2,2,222,At Risk
12984,19,1,97.5,2,4,5,245,At Risk
14198,19,4,701.4,2,2,3,223,At Risk
15093,19,6,4597.02,2,1,1,211,Hibernating
17227,19,6,939.32,2,1,3,213,Needs Attention
14883,19,6,761.59,2,1,3,213,Needs Attention
16369,19,3,1553.66,2,3,2,232,At Risk
15676,19,3,3435.76,2,2,1,221,Hibernating
14482,19,6,2068.15,2,1,1,211,Hibernating
13971,19,8,2758.26,2,1,1,211,Hibernating
13673,19,2,396.92,2,3,4,234,At Risk
12349,19,1,1757.55,2,5,2,252,At Risk
15527,19,8,2429.78,2,1,1,211,Hibernating
14587,19,9,1601.14,2,1,2,212,Hibernating
15115,19,1,340.11,2,4,4,244,At Risk
13167,19,4,791.33,2,2,3,223,At Risk
12658,19,1,686.05,2,5,3,253,At Risk
16406,19,1,163.07,2,5,5,255,At Risk
13189,19,2,260.68,2,4,4,244,At Risk
18080,19,2,1231.5,2,3,2,232,At Risk
13739,19,1,216.9,2,5,5,255,At Risk
12462,19,2,1189.59,2,3,2,232,At Risk
17664,19,2,604.64,2,3,3,233,At Risk
17384,20,2,336.4,2,4,4,244,At Risk
14359,20,3,912.18,2,3,3,233,At Risk
14984,20,2,213.27,2,4,5,245,At Risk
14525,20,9,4332.2,2,1,1,211,Hibernating
16666,20,1,118.98,2,4,5,245,At Risk
16411,20,2,214.65,2,4,5,245,At Risk
14881,20,1,255.4,2,4,4,244,At Risk
14477,20,4,1309.6,2,2,2,222,At Risk
14159,20,11,4693.01,2,1,1,211,Hibernating
13427,20,3,582.6,2,2,3,223,At Risk
15850,20,2,238.85,2,4,5,245,At Risk
17555,20,2,483.26,2,3,4,234,At Risk
12540,20,17,13400.24,2,1,1,211,Hibernating
12523,20,11,1789.77,2,1,2,212,Hibernating
14052,20,1,225.36,2,5,5,255,At Risk
17425,20,2,759.17,2,3,3,233,At Risk
13142,20,1,307.09,2,4,4,244,At Risk
18127,20,3,348.73,2,2,4,224,At Risk
13118,20,5,1197.81,2,2,2,222,At Risk
15906,20,7,1567.69,2,1,2,212,Hibernating
12395,20,12,3018.63,2,1,1,211,Hibernating
16464,20,3,1314.68,2,3,2,232,At Risk
13832,20,1,52.2,2,5,5,255,At Risk
14950,20,1,371.2,2,4,4,244,At Risk
13212,20,3,788.08,2,3,3,233,At Risk
16784,20,1,107.6,2,4,5,245,At Risk
17738,20,4,1879.05,2,2,2,222,At Risk
13565,20,2,240.22,2,4,5,245,At Risk
14595,20,6,1740.6,2,1,2,212,Hibernating
15988,20,1,158.03,2,5,5,255,At Risk
15745,20,4,1094.59,2,2,2,222,At Risk
16533,20,3,1095.56,2,2,2,222,At Risk
13200,20,4,870.09,2,2,3,223,At Risk
17561,20,1,167.62,2,5,5,255,At Risk
16399,20,2,408.57,2,3,4,234,At Risk
15919,20,2,639.89,2,3,3,233,At Risk
16506,20,2,90.3,2,4,5,245,At Risk
15465,20,18,7354.62,2,1,1,211,Hibernating
14116,20,5,1382.74,2,2,2,222,At Risk
12778,20,6,822.23,2,1,3,213,Needs Attention
14664,20,2,637.89,2,3,3,233,At Risk
12702,20,1,219.0,2,5,5,255,At Risk
14860,20,1,170.32,2,5,5,255,At Risk
15044,20,17,7700.23,2,1,1,211,Hibernating
13988,20,6,4147.96,2,1,1,211,Hibernating
14157,20,2,432.88,2,3,4,234,At Risk
12597,20,4,3811.22,2,2,1,221,Hibernating
18040,20,2,357.2,2,4,4,244,At Risk
14502,20,11,2470.67,2,1,1,211,Hibernating
17758,20,8,3456.7,2,1,1,211,Hibernating
17387,20,2,784.11,2,3,3,233,At Risk
17636,20,1,285.56,2,4,4,244,At Risk
16710,20,10,2483.04,2,1,1,211,Hibernating
15426,20,5,1447.39,2,2,2,222,At Risk
16212,20,2,690.34,2,3,3,233,At Risk
14553,20,5,859.27,2,2,3,223,At Risk
18110,20,1,236.3,2,5,5,255,At Risk
15963,20,2,470.76,2,3,4,234,At Risk
15533,20,3,807.57,2,2,3,223,At Risk
16762,20,3,1501.38,2,3,2,232,At Risk
14903,22,5,2810.63,2,2,1,221,Hibernating
16414,22,2,126.25,2,4,5,245,At Risk
13962,22,2,169.55,2,4,5,245,At Risk
17961,22,39,1296.44,2,1,2,212,Hibernating
17063,22,7,1461.14,2,1,2,212,Hibernating
14849,22,25,7930.54,2,1,1,211,Hibernating
17286,22,1,153.92,2,5,5,255,At Risk
16945,22,19,4345.5,2,1,1,211,Hibernating
16134,22,2,618.09,2,3,3,233,At Risk
15088,22,2,1160.07,2,3,2,232,At Risk
12444,22,5,5005.46,2,2,1,221,Hibernating
15494,22,2,1299.23,2,3,2,232,At Risk
13941,22,5,5112.96,2,2,1,221,Hibernating
17650,22,1,166.08,2,5,5,255,At Risk
12603,22,1,739.2,2,5,3,253,At Risk
12618,22,1,177.31,2,5,5,255,At Risk
12578,22,2,2794.51,2,3,1,231,Needs Attention
14434,22,6,1372.8,2,1,2,212,Hibernating
12931,22,15,42055.96,2,1,1,211,Hibernating
17904,22,1,191.67,2,5,5,255,At Risk
17301,22,1,197.63,2,5,5,255,At Risk
17159,22,3,1538.88,2,3,2,232,At Risk
14820,22,4,507.29,2,2,3,223,At Risk
14342,22,4,668.56,2,2,3,223,At Risk
16279,22,3,1509.58,2,3,2,232,At Risk
18034,22,2,422.88,2,3,4,234,At Risk
12391,22,1,460.89,2,5,4,254,At Risk
12427,22,3,825.8,2,3,3,233,At Risk
13117,22,8,984.91,2,1,2,212,Hibernating
14793,22,1,228.99,2,5,5,255,At Risk
17888,22,8,726.05,2,1,3,213,Needs Attention
13516,22,3,1389.41,2,3,2,232,At Risk
17621,22,3,1379.9,2,3,2,232,At Risk
12380,22,4,2724.81,2,2,1,221,Hibernating
15368,22,1,446.94,2,5,4,254,At Risk
14285,22,4,1910.01,2,2,2,222,At Risk
13171,22,3,468.41,2,3,4,234,At Risk
13880,22,13,3219.77,2,1,1,211,Hibernating
13094,22,12,1927.32,2,1,2,212,Hibernating
15530,22,4,1502.35,2,2,2,222,At Risk
16924,22,3,846.75,2,3,3,233,At Risk
16463,22,4,1422.4,2,2,2,222,At Risk
17779,22,3,658.57,2,3,3,233,At Risk
16350,22,4,1116.47,2,2,2,222,At Risk
17163,22,2,293.1,2,4,4,244,At Risk
14641,22,1,110.46,2,4,5,245,At Risk
17760,22,2,287.59,2,4,4,244,At Risk
12498,22,3,403.7,2,3,4,234,At Risk
14593,22,3,617.99,2,3,3,233,At Risk
15933,22,3,1107.46,2,2,2,222,At Risk
18061,22,10,2119.41,2,1,1,211,Hibernating
16511,22,3,950.26,2,2,2,222,At Risk
16293,22,10,2248.99,2,1,1,211,Hibernating
13960,22,2,230.22,2,4,5,245,At Risk
14416,23,2,490.22,2,3,3,233,At Risk
16656,23,15,8625.8,2,1,1,211,Hibernating
14332,23,3,866.31,2,3,3,233,At Risk
16871,23,6,2812.34,2,1,1,211,Hibernating
15124,23,2,184.19,2,4,5,245,At Risk
13871,23,13,6403.25,2,1,1,211,Hibernating
17095,23,3,1324.16,2,3,2,232,At Risk
16298,23,3,598.2,2,2,3,223,At Risk
15563,23,4,1400.44,2,2,2,222,At Risk
12567,23,10,9401.28,2,1,1,211,Hibernating
16869,23,4,825.42,2,2,3,223,At Risk
12997,23,4,1226.89,2,2,2,222,At Risk
15287,23,2,486.69,2,3,4,234,At Risk
13815,23,4,4027.36,2,2,1,221,Hibernating
15864,23,6,1936.32,2,1,2,212,Hibernating
15435,23,1,149.29,2,5,5,255,At Risk
17147,23,4,1714.59,2,2,2,222,At Risk
17828,23,4,1820.09,2,2,2,222,At Risk
15529,23,11,3995.23,2,1,1,211,Hibernating
15267,23,5,1717.36,2,2,2,222,At Risk
17797,23,3,780.43,2,3,3,233,At Risk
13138,23,6,962.39,2,1,2,212,Hibernating
12610,23,5,2099.54,2,2,1,221,Hibernating
12449,23,4,4067.29,2,2,1,221,Hibernating
17985,23,1,634.95,2,5,3,253,At Risk
12847,23,1,871.54,2,5,3,253,At Risk
15489,23,3,1134.28,2,3,2,232,At Risk
12477,23,6,13219.74,2,1,1,211,Hibernating
12445,23,1,133.4,2,5,5,255,At Risk
17080,23,2,287.62,2,4,4,244,At Risk
17397,23,2,696.41,2,3,3,233,At Risk
12753,23,6,21429.39,2,1,1,211,Hibernating
15506,23,3,979.26,2,2,2,222,At Risk
13160,23,1,91.8,2,4,5,245,At Risk
17716,23,11,5655.99,2,1,1,211,Hibernating
17461,23,3,757.46,2,3,3,233,At Risk
17613,23,14,4559.15,2,1,1,211,Hibernating
16186,23,12,4006.94,2,1,1,211,Hibernating
14112,23,7,2915.15,2,1,1,211,Hibernating
16042,23,5,1197.27,2,2,2,222,At Risk
17799,23,10,3055.93,2,1,1,211,Hibernating
14034,23,3,651.82,2,3,3,233,At Risk
16638,23,10,1680.72,2,1,2,212,Hibernating
15657,23,1,30.0,2,4,5,245,At Risk
16009,23,4,992.71,2,2,2,222,At Risk
15811,23,6,2218.62,2,1,1,211,Hibernating
12481,23,10,5596.32,2,1,1,211,Hibernating
13828,23,1,209.49,2,5,5,255,At Risk
12539,23,4,5568.35,2,2,1,221,Hibernating
16070,23,2,852.15,2,3,3,233,At Risk
17330,23,2,363.9,2,3,4,234,At Risk
13028,23,2,661.32,2,3,3,233,At Risk
13308,23,3,1385.51,2,3,2,232,At Risk
12647,23,12,3722.82,2,1,1,211,Hibernating
12356,23,3,2811.43,2,2,1,221,Hibernating
16531,23,7,1244.59,2,1,2,212,Hibernating
13313,23,5,1555.32,2,2,2,222,At Risk
14508,23,2,276.42,2,4,4,244,At Risk
18221,23,5,1041.61,2,2,2,222,At Risk
15983,23,4,1475.02,2,2,2,222,At Risk
12406,23,2,3415.3,2,3,1,231,Needs Attention
14234,23,4,775.46,2,2,3,223,At Risk
14362,23,1,161.2,2,5,5,255,At Risk
15081,23,5,504.8,2,2,3,223,At Risk
16809,24,5,914.69,2,2,3,223,At Risk
16804,24,3,536.99,2,3,3,233,At Risk
12731,24,12,18895.91,2,1,1,211,Hibernating
14057,24,17,6217.96,2,1,1,211,Hibernating
15900,24,1,351.11,2,4,4,244,At Risk
14426,24,10,4481.67,2,1,1,211,Hibernating
13447,24,3,1129.14,2,2,2,222,At Risk
18246,24,2,596.1,2,3,3,233,At Risk
18167,24,3,1384.86,2,3,2,232,At Risk
15051,24,3,1391.61,2,3,2,232,At Risk
15967,24,2,418.83,2,3,4,234,At Risk
16469,24,4,650.43,2,2,3,223,At Risk
12640,24,3,1174.58,2,3,2,232,At Risk
13285,24,4,2709.12,2,2,1,221,Hibernating
13500,24,3,1166.77,2,3,2,232,At Risk
13629,24,11,7792.36,2,1,1,211,Hibernating
16669,24,3,1374.87,2,3,2,232,At Risk
18059,24,3,306.46,2,3,4,234,At Risk
17368,24,8,1912.67,2,1,2,212,Hibernating
15584,24,4,725.11,2,2,3,223,At Risk
16245,24,3,1413.66,2,3,2,232,At Risk
12910,24,8,3075.04,2,1,1,211,Hibernating
17549,24,2,148.86,2,4,5,245,At Risk
14507,24,6,1383.18,2,1,2,212,Hibernating
12626,24,9,6620.48,2,1,1,211,Hibernating
16085,24,5,981.51,2,2,2,222,At Risk
13449,24,1,291.88,2,4,4,244,At Risk
18006,24,1,444.68,2,5,4,254,At Risk
14286,24,3,4628.75,2,3,1,231,Needs Attention
16999,24,2,484.82,2,3,4,234,At Risk
16008,24,3,478.78,2,3,4,234,At Risk
16855,24,2,328.4,2,4,4,244,At Risk
18075,24,10,2611.75,2,1,1,211,Hibernating
13894,24,3,564.62,2,2,3,223,At Risk
17680,24,1,184.4,2,5,5,255,At Risk
13131,24,3,1073.3,2,2,2,222,At Risk
15269,24,1,408.8,2,5,4,254,At Risk
17198,24,3,692.22,2,3,3,233,At Risk
12991,24,2,503.76,2,3,3,233,At Risk
15110,24,4,996.1,2,2,2,222,At Risk
15432,24,1,171.19,2,5,5,255,At Risk
14948,24,6,1101.97,2,1,2,212,Hibernating
13575,24,5,732.07,2,2,3,223,At Risk
14898,24,6,1303.52,2,1,2,212,Hibernating
14851,24,2,511.35,2,3,3,233,At Risk
13926,24,1,223.85,2,5,5,255,At Risk
12993,24,4,414.76,2,2,4,224,At Risk
17896,24,1,256.32,2,4,4,244,At Risk
13816,24,2,571.67,2,3,3,233,At Risk
16204,24,1,405.71,2,5,4,254,At Risk
16916,24,2,576.26,2,3,3,233,At Risk
14626,24,4,2791.27,2,2,1,221,Hibernating
17596,24,7,2827.93,2,1,1,211,Hibernating
16717,24,6,3858.38,2,2,1,221,Hibernating
17377,24,20,4100.92,2,1,1,211,Hibernating
12500,24,11,4257.82,2,1,1,211,Hibernating
13939,24,3,568.55,2,2,3,223,At Risk
15805,24,17,5528.48,2,1,1,211,Hibernating
13455,25,2,1058.34,2,3,2,232,At Risk
17540,25,2,578.9,2,3,3,233,At Risk
15981,25,8,3408.48,2,1,1,211,Hibernating
14544,25,2,2024.45,2,3,2,232,At Risk
15556,25,1,279.77,2,4,4,244,At Risk
15758,25,1,205.25,2,5,5,255,At Risk
15720,25,1,598.73,2,5,3,253,At Risk
15679,25,4,781.28,2,2,3,223,At Risk
12883,25,4,703.47,2,2,3,223,At Risk
16423,25,1,346.12,2,4,4,244,At Risk
15582,25,3,682.91,2,3,3,233,At Risk
13735,25,4,2885.24,2,2,1,221,Hibernating
14715,25,4,867.38,2,2,3,223,At Risk
16557,25,2,281.85,2,4,4,244,At Risk
13614,25,4,1610.46,2,2,2,222,At Risk
13058,25,3,271.4,2,3,4,234,At Risk
13066,25,2,470.8,2,3,4,234,At Risk
17357,25,2,388.14,2,3,4,234,At Risk
14640,25,6,2125.08,2,1,1,211,Hibernating
13632,25,5,2121.27,2,2,1,221,Hibernating
17777,25,3,665.86,2,3,3,233,At Risk
14714,25,1,160.19,2,5,5,255,At Risk
13236,25,2,744.85,2,3,3,233,At Risk
15419,25,1,135.86,2,5,5,255,At Risk
17314,25,8,2527.92,2,1,1,211,Hibernating
14522,25,4,974.54,2,2,2,222,At Risk
18181,25,1,382.8,2,4,4,244,At Risk
14725,25,1,718.08,2,5,3,253,At Risk
14853,25,2,475.8,2,3,4,234,At Risk
17220,25,14,3198.25,2,1,1,211,Hibernating
12676,25,6,1331.39,2,1,2,212,Hibernating
15524,25,1,440.0,2,5,4,254,At Risk
12415,25,21,124914.53,2,1,1,211,Hibernating
14666,25,1,195.25,2,5,5,255,At Risk
13410,25,5,1003.06,2,2,2,222,At Risk
18123,25,2,589.44,2,3,3,233,At Risk
18043,25,3,559.51,2,2,3,223,At Risk
13846,25,3,865.06,2,3,3,233,At Risk
15955,25,14,4416.26,2,1,1,211,Hibernating
17510,25,1,308.48,2,4,4,244,At Risk
18259,25,3,2338.6,2,2,1,221,Hibernating
14533,25,7,1949.72,2,1,2,212,Hibernating
12890,25,1,380.47,2,4,4,244,At Risk
17974,25,3,740.79,2,2,3,223,At Risk
16240,25,2,3718.8,2,3,1,231,Needs Attention
17153,25,1,213.78,2,5,5,255,At Risk
12933,25,3,607.53,2,2,3,223,At Risk
17564,25,3,454.01,2,2,4,224,At Risk
16341,25,4,1971.87,2,2,2,222,At Risk
13692,25,3,1488.32,2,3,2,232,At Risk
15050,26,3,1782.09,2,2,2,222,At Risk
16303,26,3,5360.63,2,3,1,231,Needs Attention
16519,26,2,215.08,2,4,5,245,At Risk
12642,26,3,1013.26,2,2,2,222,At Risk
17658,26,2,595.42,2,3,3,233,At Risk
15365,26,7,2314.32,2,1,1,211,Hibernating
12374,26,1,742.93,2,5,3,253,At Risk
15203,26,6,1827.8,2,1,2,212,Hibernating
18263,26,3,1213.16,2,3,2,232,At Risk
15863,26,2,68.84,2,4,5,245,At Risk
18082,26,1,703.37,2,5,3,253,At Risk
13835,26,4,834.57,2,2,3,223,At Risk
15291,26,15,4668.3,2,1,1,211,Hibernating
12428,26,9,7956.46,2,1,1,211,Hibernating
14684,26,5,1236.28,2,2,2,222,At Risk
15532,26,4,1580.93,2,2,2,222,At Risk
15125,26,15,11528.48,2,1,1,211,Hibernating
15458,26,1,161.64,2,5,5,255,At Risk
13549,26,7,918.2,2,1,3,213,Needs Attention
18117,26,1,320.72,2,4,4,244,At Risk
17081,26,2,290.16,2,4,4,244,At Risk
15781,26,3,345.46,2,2,4,224,At Risk
17793,26,1,323.04,2,4,4,244,At Risk
12689,26,2,1247.61,2,3,2,232,At Risk
17663,26,7,1802.91,2,1,2,212,Hibernating
13577,26,4,1687.6,2,2,2,222,At Risk
16936,26,1,262.68,2,4,4,244,At Risk
14680,26,16,28754.11,2,1,1,211,Hibernating
16504,26,1,484.38,2,5,4,254,At Risk
17235,26,2,550.06,2,3,3,233,At Risk
18211,26,5,600.07,2,2,3,223,At Risk
12938,26,1,114.14,2,4,5,245,At Risk
15058,26,11,2124.99,2,1,1,211,Hibernating
16478,26,3,331.0,2,3,4,234,At Risk
14530,26,6,2925.91,2,1,1,211,Hibernating
14902,26,1,332.66,2,4,4,244,At Risk
17044,26,1,948.48,2,4,2,242,At Risk
15681,26,5,1426.16,2,2,2,222,At Risk
17652,26,12,4867.72,2,1,1,211,Hibernating
14953,26,1,289.82,2,4,4,244,At Risk
15660,26,9,1600.86,2,1,2,212,Hibernating
16207,26,1,394.38,2,4,4,244,At Risk
15168,26,1,106.56,2,4,5,245,At Risk
14494,26,1,139.56,2,5,5,255,At Risk
17538,26,1,98.42,2,4,5,245,At Risk
14862,26,2,841.2,2,3,3,233,At Risk
12865,27,2,1568.23,2,3,2,232,At Risk
17211,27,8,2317.22,2,1,1,211,Hibernating
15429,27,2,397.35,2,3,4,234,At Risk
12508,27,2,398.27,2,3,4,234,At Risk
13146,27,1,228.91,2,5,5,255,At Risk
16571,27,3,1421.69,2,3,2,232,At Risk
13892,27,4,632.97,2,2,3,223,At Risk
14044,27,4,652.82,2,2,3,223,At Risk
17790,27,14,1965.55,2,1,2,212,Hibernating
15599,27,2,761.74,2,3,3,233,At Risk
15411,27,4,1358.88,2,2,2,222,At Risk
16898,27,3,508.81,2,3,3,233,At Risk
17720,27,4,1195.94,2,2,2,222,At Risk
14661,27,1,107.95,2,4,5,245,At Risk
16726,27,5,1382.02,2,2,2,222,At Risk
13451,27,5,2976.15,2,2,1,221,Hibernating
13379,27,3,572.56,2,2,3,223,At Risk
14784,27,2,289.99,2,4,4,244,At Risk
13984,27,5,920.51,2,2,3,223,At Risk
17838,27,5,2779.3,2,2,1,221,Hibernating
13603,27,1,164.34,2,5,5,255,At Risk
17287,27,7,1064.11,2,1,2,212,Hibernating
14882,27,2,589.7,2,3,3,233,At Risk
12867,27,7,4036.82,2,1,1,211,Hibernating
14499,27,3,815.32,2,2,3,223,At Risk
18069,27,5,2036.67,2,2,2,222,At Risk
16720,27,1,155.24,2,5,5,255,At Risk
16560,27,2,841.41,2,3,3,233,At Risk
15787,27,3,948.05,2,2,2,222,At Risk
17041,27,3,1081.57,2,2,2,222,At Risk
13170,27,1,116.01,2,4,5,245,At Risk
13700,27,10,2265.12,2,1,1,211,Hibernating
14227,27,10,3350.96,2,1,1,211,Hibernating
14487,27,6,1196.33,2,1,2,212,Hibernating
13178,27,11,5725.47,2,1,1,211,Hibernating
13450,27,6,2043.72,2,1,2,212,Hibernating
16416,27,3,1051.4,2,2,2,222,At Risk
14382,27,1,626.07,2,5,3,253,At Risk
16930,27,3,380.55,2,2,4,224,At Risk
15449,27,3,974.52,2,2,2,222,At Risk
16460,29,3,814.72,2,2,3,223,At Risk
12384,29,2,585.27,2,3,3,233,At Risk
13895,29,4,2593.07,2,2,1,221,Hibernating
13557,29,2,584.06,2,3,3,233,At Risk
17512,29,10,2924.99,2,1,1,211,Hibernating
18014,29,1,166.42,2,5,5,255,At Risk
12589,29,2,646.68,2,3,3,233,At Risk
15557,29,1,473.65,2,5,4,254,At Risk
17052,29,1,413.75,2,5,4,254,At Risk
12726,29,7,2609.1,2,1,1,211,Hibernating
13810,29,3,1499.01,2,3,2,232,At Risk
17295,29,3,556.95,2,2,3,223,At Risk
17015,29,3,1842.56,2,2,2,222,At Risk
14543,29,16,3630.33,2,1,1,211,Hibernating
15492,29,2,659.46,2,3,3,233,At Risk
16386,29,2,317.2,2,4,4,244,At Risk
14226,29,5,2232.19,2,2,1,221,Hibernating
17088,29,4,1991.01,2,2,2,222,At Risk
12691,29,6,1035.8,2,1,2,212,Hibernating
15608,29,4,1093.68,2,2,2,222,At Risk
16433,29,1,184.26,2,5,5,255,At Risk
12697,29,3,957.59,2,2,2,222,At Risk
13732,29,1,491.86,2,5,3,253,At Risk
17069,29,9,2709.7,2,1,1,211,Hibernating
17071,29,9,2429.03,2,1,1,211,Hibernating
13727,29,2,333.48,2,4,4,244,At Risk
15692,29,1,191.04,2,5,5,255,At Risk
16332,29,7,1593.2,2,1,2,212,Hibernating
12480,29,4,3281.63,2,2,1,221,Hibernating
12712,29,13,4396.13,2,1,1,211,Hibernating
17054,29,5,1356.33,2,2,2,222,At Risk
12685,29,6,2863.08,2,1,1,211,Hibernating
17162,29,10,1715.46,2,1,2,212,Hibernating
14035,29,5,1428.02,2,2,2,222,At Risk
18209,29,1,139.1,2,5,5,255,At Risk
16912,29,11,2575.38,2,1,1,211,Hibernating
16671,29,3,1692.27,2,2,2,222,At Risk
13091,29,1,345.82,2,4,4,244,At Risk
13310,29,3,1132.03,2,2,2,222,At Risk
12517,29,5,2502.84,2,2,1,221,Hibernating
17191,29,7,2095.13,2,1,1,211,Hibernating
14789,29,1,197.64,2,5,5,255,At Risk
14662,29,4,771.17,2,2,3,223,At Risk
12600,29,10,2599.04,2,1,1,211,Hibernating
16218,30,7,3084.68,2,1,1,211,Hibernating
17340,30,11,12353.29,2,1,1,211,Hibernating
13606,30,3,280.54,2,3,4,234,At Risk
16903,30,1,373.24,2,4,4,244,At Risk
17573,30,3,380.6,2,2,4,224,At Risk
16025,30,1,439.66,2,5,4,254,At Risk
14064,30,5,1353.74,2,2,2,222,At Risk
12708,30,10,2712.91,2,1,1,211,Hibernating
13817,30,2,382.98,2,3,4,234,At Risk
16628,30,5,2188.05,2,2,1,221,Hibernating
18125,30,4,1142.99,2,2,2,222,At Risk
17197,30,1,1013.01,2,4,2,242,At Risk
13460,30,2,183.44,2,4,5,245,At Risk
17521,30,3,723.21,2,3,3,233,At Risk
15111,30,3,1567.48,2,3,2,232,At Risk
17791,30,1,106.1,2,4,5,245,At Risk
15463,30,1,126.14,2,4,5,245,At Risk
17977,30,1,288.14,2,4,4,244,At Risk
14712,30,3,917.07,2,3,3,233,At Risk
17059,30,5,3095.04,2,2,1,221,Hibernating
12617,30,1,355.53,2,4,4,244,At Risk
16791,30,7,1721.78,2,1,2,212,Hibernating
16434,30,7,1522.25,2,1,2,212,Hibernating
15289,30,3,939.78,2,3,3,233,At Risk
16126,30,4,6287.77,2,2,1,221,Hibernating
16003,30,5,2735.37,2,2,1,221,Hibernating
15355,30,2,277.05,2,4,4,244,At Risk
17537,30,2,897.62,2,3,3,233,At Risk
13396,30,2,1360.99,2,3,2,232,At Risk
16743,30,7,2238.09,2,1,1,211,Hibernating
15184,30,2,406.76,2,3,4,234,At Risk
14944,30,12,5900.25,2,1,1,211,Hibernating
12981,30,2,372.22,2,3,4,234,At Risk
18236,30,6,882.24,2,1,3,213,Needs Attention
14829,30,4,697.55,2,2,3,223,At Risk
12538,30,1,363.95,2,4,4,244,At Risk
17901,30,1,110.38,2,4,5,245,At Risk
12473,30,5,3938.55,2,2,1,221,Hibernating
18135,30,5,681.91,2,2,3,223,At Risk
14748,30,5,1415.75,2,2,2,222,At Risk
13148,30,12,3707.12,2,1,1,211,Hibernating
17932,30,3,1331.57,2,3,2,232,At Risk
17416,30,7,6893.42,2,1,1,211,Hibernating
16986,30,2,1873.2,2,3,2,232,At Risk
14765,30,3,254.11,2,2,4,224,At Risk
14863,30,1,266.76,2,4,4,244,At Risk
14466,30,7,2272.4,2,1,1,211,Hibernating
13983,30,12,2603.43,2,1,1,211,Hibernating
16907,30,5,981.65,2,2,2,222,At Risk
12599,30,7,1032.58,2,1,2,212,Hibernating
17109,30,6,885.04,2,1,3,213,Needs Attention
15452,30,3,538.73,2,3,3,233,At Risk
18217,30,2,621.75,2,3,3,233,At Risk
15238,30,3,1071.99,2,2,2,222,At Risk
12541,30,3,981.18,2,2,2,222,At Risk
12844,30,2,325.96,2,4,4,244,At Risk
12659,30,1,91.68,2,4,5,245,At Risk
17038,31,1,112.4,2,4,5,245,At Risk
14188,31,6,2054.36,2,1,2,212,Hibernating
16996,31,6,1456.96,2,1,2,212,Hibernating
17867,31,6,1197.1,2,1,2,212,Hibernating
13623,31,5,747.78,2,2,3,223,At Risk
16880,31,7,1519.08,2,1,2,212,Hibernating
15986,31,1,168.12,2,5,5,255,At Risk
13804,31,7,2635.79,2,1,1,211,Hibernating
14214,31,5,1004.38,2,2,2,222,At Risk
18274,31,1,175.92,2,5,5,255,At Risk
13384,31,7,4151.93,2,1,1,211,Hibernating
12893,31,1,188.14,2,5,5,255,At Risk
14691,31,5,2114.33,2,2,1,221,Hibernating
13209,31,8,5891.61,2,1,1,211,Hibernating
13992,31,1,76.8,2,5,5,255,At Risk
12949,31,8,4167.22,2,1,1,211,Hibernating
16751,31,1,1764.72,2,5,2,252,At Risk
17702,31,4,1824.37,2,2,2,222,At Risk
17011,31,1,270.9,2,4,4,244,At Risk
16953,31,1,20.8,2,4,5,245,At Risk
16516,31,1,101.7,2,4,5,245,At Risk
15450,31,1,429.84,2,5,4,254,At Risk
15027,31,4,1066.15,2,2,2,222,At Risk
14240,31,2,890.34,2,3,3,233,At Risk
16205,31,4,761.38,2,2,3,223,At Risk
15114,31,10,2760.56,2,1,1,211,Hibernating
12532,31,1,349.83,2,4,4,244,At Risk
13522,31,1,125.8,2,4,5,245,At Risk
15485,31,3,2575.0,2,2,1,221,Hibernating
16767,31,11,5580.6,2,1,1,211,Hibernating
16041,31,3,3166.4,2,2,1,221,Hibernating
13029,31,3,1247.5,2,3,2,232,At Risk
17690,31,15,4757.95,2,1,1,211,Hibernating
14921,31,2,1316.07,2,3,2,232,At Risk
14284,31,2,595.25,2,3,3,233,At Risk
14108,31,2,597.91,2,3,3,233,At Risk
13046,31,2,629.31,2,3,3,233,At Risk
17865,31,20,10526.32,2,1,1,211,Hibernating
14968,31,1,147.59,2,5,5,255,At Risk
16284,32,2,823.97,2,3,3,233,At Risk
12849,32,2,1050.89,2,3,2,232,At Risk
14676,32,6,2548.24,2,1,1,211,Hibernating
16505,32,1,777.6,2,5,3,253,At Risk
18216,32,1,481.75,2,5,4,254,At Risk
18177,32,6,1341.42,2,1,2,212,Hibernating
15763,32,2,1086.92,2,3,2,232,At Risk
17219,32,1,114.23,2,4,5,245,At Risk
15356,32,10,2766.5,2,1,1,211,Hibernating
17289,32,3,944.41,2,2,2,222,At Risk
15573,32,2,607.45,2,3,3,233,At Risk
16837,32,11,3170.98,2,1,1,211,Hibernating
15957,32,1,428.89,2,5,4,254,At Risk
13643,32,3,519.44,2,3,3,233,At Risk
15249,32,13,6688.46,2,1,1,211,Hibernating
13975,32,6,2526.28,2,1,1,211,Hibernating
15103,32,2,703.36,2,3,3,233,At Risk
17515,32,4,639.02,2,2,3,223,At Risk
17022,32,1,71.0,2,5,5,255,At Risk
16187,32,15,6911.44,2,1,1,211,Hibernating
17964,32,2,471.7,2,3,4,234,At Risk
15043,32,1,537.0,2,5,3,253,At Risk
12990,32,3,409.5,2,3,4,234,At Risk
13329,32,2,789.0,2,3,3,233,At Risk
17313,32,1,2328.84,2,5,1,251,Needs Attention
17886,32,3,899.61,2,3,3,233,At Risk
15950,32,4,1765.51,2,2,2,222,At Risk
13695,32,15,2504.13,2,1,1,211,Hibernating
13867,32,3,1015.29,2,2,2,222,At Risk
17633,32,4,1324.84,2,2,2,222,At Risk
13710,32,1,180.48,2,5,5,255,At Risk
13047,32,10,3237.54,2,1,1,211,Hibernating
14050,32,2,746.36,2,3,3,233,At Risk
15153,32,1,329.25,2,4,4,244,At Risk
16863,32,2,502.8,2,3,3,233,At Risk
13272,32,2,276.56,2,4,4,244,At Risk
15406,32,2,510.71,2,3,3,233,At Risk
13110,32,7,1488.67,2,1,2,212,Hibernating
16639,32,3,1257.51,2,3,2,232,At Risk
17637,32,2,547.06,2,3,3,233,At Risk
14524,32,9,1867.68,2,1,2,212,Hibernating
17160,32,6,3518.03,2,1,1,211,Hibernating
12721,32,6,2656.13,2,1,1,211,Hibernating
16732,32,1,603.75,2,5,3,253,At Risk
13381,32,6,3639.31,2,1,1,211,Hibernating
16618,32,5,2647.59,2,2,1,221,Hibernating
14360,32,4,2128.23,2,2,1,221,Hibernating
17158,33,3,1266.97,2,3,2,232,At Risk
15719,33,13,5045.61,2,1,1,211,Hibernating
17043,33,4,1735.18,2,2,2,222,At Risk
14073,33,1,151.04,2,5,5,255,At Risk
13717,33,6,1445.01,2,1,2,212,Hibernating
18150,33,3,566.58,2,2,3,223,At Risk
14700,33,3,2235.3,2,2,1,221,Hibernating
14080,33,1,45.6,2,5,5,255,At Risk
12484,33,6,4541.72,2,1,1,211,Hibernating
13097,33,10,6010.42,2,1,1,211,Hibernating
16348,33,7,1469.45,2,1,2,212,Hibernating
14623,33,5,889.25,2,2,3,223,At Risk
15493,33,5,2001.8,2,2,2,222,At Risk
14387,33,3,1770.56,2,2,2,222,At Risk
13824,33,5,1698.94,2,2,2,222,At Risk
17164,33,7,2467.35,2,1,1,211,Hibernating
17761,33,1,712.78,2,5,3,253,At Risk
15870,33,1,354.09,2,4,4,244,At Risk
18016,33,5,1483.56,2,2,2,222,At Risk
16053,33,2,1511.95,2,3,2,232,At Risk
17430,33,2,265.76,2,4,4,244,At Risk
16362,33,5,734.77,2,2,3,223,At Risk
12408,33,5,2888.55,3,2,1,321,Needs Attention
15330,33,2,714.96,3,3,3,333,Potential Loyal
15618,33,4,776.85,3,2,3,323,Potential Loyal
18036,33,3,405.62,3,3,4,334,Potential Loyal
15785,33,5,2328.97,3,2,1,321,Needs Attention
12472,33,7,6572.11,3,1,1,311,Needs Attention
14929,33,1,223.88,3,5,5,355,Potential Loyal
15522,33,2,398.84,3,3,4,334,Potential Loyal
17623,33,1,527.05,3,5,3,353,Potential Loyal
16637,33,4,1154.47,3,2,2,322,Potential Loyal
16612,33,4,1187.66,3,2,2,322,Potential Loyal
12832,33,2,383.03,3,3,4,334,Potential Loyal
15513,34,19,14758.22,3,1,1,311,Needs Attention
16243,34,2,409.1,3,3,4,334,Potential Loyal
13532,34,1,210.31,3,5,5,355,Potential Loyal
15696,34,8,2736.46,3,1,1,311,Needs Attention
14174,34,1,134.46,3,5,5,355,Potential Loyal
12638,34,1,671.69,3,5,3,353,Potential Loyal
12357,34,1,6207.67,3,5,1,351,Needs Attention
12838,34,2,683.13,3,3,3,333,Potential Loyal
16357,34,3,658.88,3,3,3,333,Potential Loyal
13759,34,2,659.41,3,3,3,333,Potential Loyal
18170,34,3,980.31,3,2,2,322,Potential Loyal
14039,34,1,152.2,3,5,5,355,Potential Loyal
13772,34,3,1132.13,3,3,2,332,Potential Loyal
13527,34,7,2287.51,3,1,1,311,Needs Attention
16488,34,3,498.8,3,2,3,323,Potential Loyal
13155,34,4,971.76,3,2,2,322,Potential Loyal
13523,34,5,3964.88,3,2,1,321,Needs Attention
14936,34,8,8137.02,3,1,1,311,Needs Attention
15839,34,3,1048.49,3,2,2,322,Potential Loyal
17082,34,2,2003.85,3,3,2,332,Potential Loyal
17608,34,2,193.42,3,4,5,345,Potential Loyal
15952,34,4,806.57,3,2,3,323,Potential Loyal
16445,34,1,230.51,3,5,5,355,Potential Loyal
17831,34,1,35.4,3,5,5,355,Potential Loyal
16466,34,7,1603.46,3,1,2,312,Needs Attention
15526,34,2,148.44,3,4,5,345,Potential Loyal
17107,34,6,10815.43,3,1,1,311,Needs Attention
14404,34,6,1474.32,3,1,2,312,Needs Attention
15025,34,1,377.01,3,4,4,344,Potential Loyal
15407,34,4,1056.44,3,2,2,322,Potential Loyal
16771,34,5,2246.81,3,2,1,321,Needs Attention
13365,34,2,2225.37,3,3,1,331,Needs Attention
13634,34,5,1575.16,3,2,2,322,Potential Loyal
16372,34,2,367.93,3,3,4,334,Potential Loyal
15427,34,3,1483.14,3,3,2,332,Potential Loyal
15017,34,1,125.58,3,4,5,345,Potential Loyal
16676,34,4,1592.12,3,2,2,322,Potential Loyal
12645,34,4,1775.18,3,2,2,322,Potential Loyal
14517,34,2,330.45,3,4,4,344,Potential Loyal
15010,36,1,308.94,3,4,4,344,Potential Loyal
14971,36,3,1116.57,3,2,2,322,Potential Loyal
14150,36,2,658.64,3,3,3,333,Potential Loyal
17979,36,4,757.71,3,2,3,323,Potential Loyal
14913,36,4,1227.43,3,2,2,322,Potential Loyal
17274,36,1,111.98,3,4,5,345,Potential Loyal
12431,36,15,6487.45,3,1,1,311,Needs Attention
16318,36,1,328.15,3,4,4,344,Potential Loyal
12397,36,2,2409.9,3,3,1,331,Needs Attention
16555,36,2,285.89,3,4,4,344,Potential Loyal
15597,36,1,324.57,3,4,4,344,Potential Loyal
15722,36,5,2222.56,3,2,1,321,Needs Attention
17084,36,2,2949.75,3,3,1,331,Needs Attention
18022,36,1,668.11,3,5,3,353,Potential Loyal
15707,36,4,945.58,3,2,2,322,Potential Loyal
13592,36,4,247.96,3,2,5,325,Potential Loyal
17233,36,1,190.88,3,5,5,355,Potential Loyal
17930,36,5,1740.48,3,2,2,322,Potential Loyal
16887,36,1,194.88,3,5,5,355,Potential Loyal
12928,36,5,2062.7,3,2,1,321,Needs Attention
17703,36,3,798.74,3,2,3,323,Potential Loyal
13938,36,1,71.66,3,5,5,355,Potential Loyal
14592,36,3,570.46,3,2,3,323,Potential Loyal
13651,36,2,94.2,3,4,5,345,Potential Loyal
16012,36,3,1415.29,3,3,2,332,Potential Loyal
12577,36,3,657.8,3,3,3,333,Potential Loyal
17203,36,6,3563.85,3,2,1,321,Needs Attention
12944,36,2,604.51,3,3,3,333,Potential Loyal
12576,36,5,1315.83,3,2,2,322,Potential Loyal
18035,36,3,730.4,3,3,3,333,Potential Loyal
17193,36,7,1699.3,3,1,2,312,Needs Attention
13721,37,1,524.14,3,5,3,353,Potential Loyal
13168,37,4,1319.19,3,2,2,322,Potential Loyal
15612,37,2,195.15,3,4,5,345,Potential Loyal
12352,37,8,2506.04,3,1,1,311,Needs Attention
17442,37,6,2248.56,3,1,1,311,Needs Attention
14856,37,3,1311.38,3,3,2,332,Potential Loyal
17816,37,4,36.56,3,2,5,325,Potential Loyal
16841,37,6,1869.82,3,1,2,312,Needs Attention
17078,37,2,378.2,3,3,4,334,Potential Loyal
13636,37,5,949.12,3,2,2,322,Potential Loyal
12808,37,3,483.65,3,3,4,334,Potential Loyal
15809,37,5,515.77,3,2,3,323,Potential Loyal
17076,37,3,841.08,3,3,3,333,Potential Loyal
17403,37,1,281.62,3,4,4,344,Potential Loyal
17634,37,9,2361.97,3,1,1,311,Needs Attention
14636,37,2,609.85,3,3,3,333,Potential Loyal
15605,37,5,1198.23,3,2,2,322,Potential Loyal
18205,37,2,517.36,3,3,3,333,Potential Loyal
18081,37,3,343.45,3,2,4,324,Potential Loyal
13324,37,10,7121.95,3,1,1,311,Needs Attention
14815,37,2,778.5,3,3,3,333,Potential Loyal
17653,37,4,1207.56,3,2,2,322,Potential Loyal
12544,37,1,372.7,3,4,4,344,Potential Loyal
13728,37,6,1016.14,3,1,2,312,Needs Attention
16602,37,1,528.08,3,5,3,353,Potential Loyal
15651,37,3,646.3,3,3,3,333,Potential Loyal
15998,37,5,3089.97,3,2,1,321,Needs Attention
16221,37,3,864.86,3,3,3,333,Potential Loyal
15252,37,2,740.78,3,3,3,333,Potential Loyal
15551,37,1,436.06,3,5,4,354,Potential Loyal
14098,37,1,147.35,3,5,5,355,Potential Loyal
16914,37,1,208.46,3,5,5,355,Potential Loyal
15227,37,5,1219.4,3,2,2,322,Potential Loyal
16409,37,5,2028.88,3,2,2,322,Potential Loyal
17351,37,3,587.15,3,2,3,323,Potential Loyal
16337,37,1,151.05,3,5,5,355,Potential Loyal
15065,38,4,3158.13,3,2,1,321,Needs Attention
18164,38,1,399.65,3,4,4,344,Potential Loyal
12594,38,10,3338.22,3,1,1,311,Needs Attention
15576,38,1,940.67,3,4,3,343,Potential Loyal
14528,38,1,364.22,3,4,4,344,Potential Loyal
14974,38,1,114.39,3,4,5,345,Potential Loyal
18105,38,1,113.48,3,4,5,345,Potential Loyal
16043,38,4,773.99,3,2,3,323,Potential Loyal
13316,38,4,5977.73,3,2,1,321,Needs Attention
17800,38,9,1199.01,3,1,2,312,Needs Attention
16706,38,3,531.35,3,3,3,333,Potential Loyal
16014,38,3,662.38,3,3,3,333,Potential Loyal
13904,38,2,332.64,3,4,4,344,Potential Loyal
17999,38,2,382.06,3,3,4,334,Potential Loyal
16308,38,4,2560.0,3,2,1,321,Needs Attention
12779,38,8,3981.36,3,1,1,311,Needs Attention
13271,38,1,217.38,3,5,5,355,Potential Loyal
16884,38,2,429.84,3,3,4,334,Potential Loyal
18104,38,1,754.64,3,5,3,353,Potential Loyal
17965,38,14,2622.57,3,1,1,311,Needs Attention
17719,38,15,5396.04,3,1,1,311,Needs Attention
17947,38,1,176.68,3,5,5,355,Potential Loyal
17966,38,5,1098.43,3,2,2,322,Potential Loyal
16367,38,2,804.49,3,3,3,333,Potential Loyal
15830,38,1,576.0,3,5,3,353,Potential Loyal
15275,38,1,615.14,3,5,3,353,Potential Loyal
13477,38,6,1454.58,3,1,2,312,Needs Attention
12830,38,6,6814.64,3,1,1,311,Needs Attention
16747,38,2,836.06,3,3,3,333,Potential Loyal
15018,39,3,496.21,3,2,3,323,Potential Loyal
14383,39,3,1247.69,3,3,2,332,Potential Loyal
18270,39,2,283.15,3,4,4,344,Potential Loyal
13697,39,1,151.3,3,5,5,355,Potential Loyal
14345,39,1,108.98,3,4,5,345,Potential Loyal
17696,39,8,2285.71,3,1,1,311,Needs Attention
16729,39,21,7239.92,3,1,1,311,Needs Attention
16960,39,3,507.05,3,3,3,333,Potential Loyal
17733,39,2,692.19,3,3,3,333,Potential Loyal
16029,39,63,81024.84,3,1,1,311,Needs Attention
13461,39,3,1445.0,3,3,2,332,Potential Loyal
16971,39,1,357.21,3,4,4,344,Potential Loyal
12491,39,1,460.4,3,5,4,354,Potential Loyal
16830,39,1,325.91,3,4,4,344,Potential Loyal
17166,39,2,206.34,3,4,5,345,Potential Loyal
16825,39,2,775.18,3,3,3,333,Potential Loyal
14485,39,1,165.75,3,5,5,355,Potential Loyal
12552,39,2,437.82,3,3,4,334,Potential Loyal
14995,39,2,233.23,3,4,5,345,Potential Loyal
15423,39,1,43.5,3,5,5,355,Potential Loyal
13726,39,2,1079.66,3,3,2,332,Potential Loyal
15847,39,2,389.27,3,3,4,334,Potential Loyal
13327,39,8,3627.77,3,1,1,311,Needs Attention
12674,39,4,1970.6,3,2,2,322,Potential Loyal
13292,39,2,578.94,3,3,3,333,Potential Loyal
17951,40,3,1008.54,3,2,2,322,Potential Loyal
12909,40,5,2178.67,3,2,1,321,Needs Attention
16969,40,3,650.41,3,3,3,333,Potential Loyal
13544,40,2,291.41,3,4,4,344,Potential Loyal
13813,40,4,1366.86,3,2,2,322,Potential Loyal
13982,40,4,1871.81,3,2,2,322,Potential Loyal
15667,40,1,301.32,3,4,4,344,Potential Loyal
15329,40,3,1049.7,3,2,2,322,Potential Loyal
17396,40,8,7330.8,3,1,1,311,Needs Attention
16127,40,1,656.25,3,5,3,353,Potential Loyal
13103,40,1,243.94,3,5,5,355,Potential Loyal
15360,40,1,427.93,3,5,4,354,Potential Loyal
18257,40,8,2337.63,3,1,1,311,Needs Attention
12522,40,2,192.72,3,4,5,345,Potential Loyal
14167,40,4,574.84,3,2,3,323,Potential Loyal
15974,40,7,3442.15,3,1,1,311,Needs Attention
16836,40,2,251.87,3,4,4,344,Potential Loyal
13145,40,4,618.52,3,2,3,323,Potential Loyal
16018,40,2,408.9,3,3,4,334,Potential Loyal
12588,40,1,214.9,3,5,5,355,Potential Loyal
15752,40,7,2637.38,3,1,1,311,Needs Attention
14808,40,8,2741.17,3,1,1,311,Needs Attention
12581,40,1,197.71,3,5,5,355,Potential Loyal
12571,40,2,519.61,3,3,3,333,Potential Loyal
13186,40,3,1575.89,3,3,2,332,Potential Loyal
15865,41,3,895.13,3,3,3,333,Potential Loyal
17372,41,8,1342.68,3,1,2,312,Needs Attention
15708,41,7,3364.24,3,1,1,311,Needs Attention
13617,41,3,544.18,3,3,3,333,Potential Loyal
16049,41,3,1111.79,3,2,2,322,Potential Loyal
14582,41,1,114.11,3,4,5,345,Potential Loyal
16235,41,5,867.31,3,2,3,323,Potential Loyal
16190,41,1,215.08,3,5,5,355,Potential Loyal
13421,41,2,1851.08,3,3,2,332,Potential Loyal
15385,41,1,316.88,3,4,4,344,Potential Loyal
17796,41,4,697.9,3,2,3,323,Potential Loyal
14077,41,5,499.42,3,2,3,323,Potential Loyal
17018,41,2,920.1,3,3,3,333,Potential Loyal
15059,41,9,1337.72,3,1,2,312,Needs Attention
17373,41,4,646.92,3,2,3,323,Potential Loyal
14295,41,1,166.2,3,5,5,355,Potential Loyal
15478,41,2,1441.42,3,3,2,332,Potential Loyal
17447,41,2,541.53,3,3,3,333,Potential Loyal
14179,41,2,719.78,3,3,3,333,Potential Loyal
16601,41,1,244.8,3,5,5,355,Potential Loyal
15521,41,8,3000.2,3,1,1,311,Needs Attention
14040,41,12,3614.92,3,1,1,311,Needs Attention
15376,41,3,1233.36,3,3,2,332,Potential Loyal
18067,41,1,396.33,3,4,4,344,Potential Loyal
13278,41,1,542.73,3,5,3,353,Potential Loyal
14158,41,1,507.66,3,5,3,353,Potential Loyal
17609,41,5,1112.22,3,2,2,322,Potential Loyal
13524,41,5,680.18,3,2,3,323,Potential Loyal
15669,41,4,684.34,3,2,3,323,Potential Loyal
14810,41,11,2087.88,3,1,1,311,Needs Attention
15370,41,7,2386.05,3,1,1,311,Needs Attention
13566,41,2,874.71,3,3,3,333,Potential Loyal
15748,41,1,149.31,3,5,5,355,Potential Loyal
13607,41,1,678.01,3,5,3,353,Potential Loyal
17255,41,2,298.41,3,4,4,344,Potential Loyal
15860,41,8,977.21,3,1,2,312,Needs Attention
17213,41,7,2781.23,3,1,1,311,Needs Attention
14221,43,9,3432.8,3,1,1,311,Needs Attention
14232,43,5,2048.07,3,2,2,322,Potential Loyal
17669,43,7,3406.72,3,1,1,311,Needs Attention
14412,43,2,770.03,3,3,3,333,Potential Loyal
12678,43,12,17628.46,3,1,1,311,Needs Attention
17839,43,1,338.8,3,4,4,344,Potential Loyal
16102,43,3,1842.14,3,2,2,322,Potential Loyal
18287,43,3,1837.28,3,2,2,322,Potential Loyal
13993,43,9,3466.36,3,1,1,311,Needs Attention
17418,43,2,463.46,3,3,4,334,Potential Loyal
14738,43,7,1314.45,3,1,2,312,Needs Attention
16150,43,5,2053.02,3,2,2,322,Potential Loyal
13812,43,3,539.0,3,3,3,333,Potential Loyal
14218,43,1,169.48,3,5,5,355,Potential Loyal
12895,43,2,372.8,3,3,4,334,Potential Loyal
16843,43,16,10196.57,3,1,1,311,Needs Attention
17837,43,8,1593.38,3,1,2,312,Needs Attention
14498,43,5,1957.32,3,2,2,322,Potential Loyal
16554,43,3,837.1,3,3,3,333,Potential Loyal
16648,43,1,290.66,3,4,4,344,Potential Loyal
15096,43,1,219.39,3,5,5,355,Potential Loyal
17272,43,4,2148.63,3,2,1,321,Needs Attention
12432,43,5,5059.32,3,2,1,321,Needs Attention
16847,44,1,193.44,3,5,5,355,Potential Loyal
12536,44,3,12601.83,3,3,1,331,Needs Attention
12430,44,1,256.4,3,4,4,344,Potential Loyal
15659,44,1,306.45,3,4,4,344,Potential Loyal
14716,44,2,329.68,3,4,4,344,Potential Loyal
13654,44,6,2707.33,3,1,1,311,Needs Attention
14842,44,4,2824.69,3,2,1,321,Needs Attention
17684,44,1,239.41,3,5,5,355,Potential Loyal
16026,44,1,236.09,3,5,5,355,Potential Loyal
13416,44,2,712.5,3,3,3,333,Potential Loyal
18261,44,2,324.24,3,4,4,344,Potential Loyal
14357,44,1,225.77,3,5,5,355,Potential Loyal
15622,44,9,3709.56,3,1,1,311,Needs Attention
16232,44,4,990.88,3,2,2,322,Potential Loyal
17545,44,3,645.96,3,3,3,333,Potential Loyal
16680,44,1,183.7,3,5,5,355,Potential Loyal
15288,44,5,2306.52,3,2,1,321,Needs Attention
18276,44,1,335.86,3,4,4,344,Potential Loyal
17414,44,2,778.0,3,3,3,333,Potential Loyal
15791,44,2,1612.69,3,3,2,332,Potential Loyal
14004,44,7,4582.64,3,1,1,311,Needs Attention
15014,44,2,260.17,3,4,4,344,Potential Loyal
14239,44,11,2380.85,3,1,1,311,Needs Attention
17878,44,1,379.45,3,4,4,344,Potential Loyal
17459,44,2,657.3,3,3,3,333,Potential Loyal
14752,44,1,389.64,3,4,4,344,Potential Loyal
13538,44,7,1280.85,3,1,2,312,Needs Attention
12371,45,2,1887.96,3,3,2,332,Potential Loyal
12812,45,1,229.64,3,5,5,355,Potential Loyal
17470,45,5,1125.07,3,2,2,322,Potential Loyal
12448,45,1,449.45,3,5,4,354,Potential Loyal
15516,45,3,62.43,3,3,5,335,Potential Loyal
14690,45,2,371.7,3,3,4,334,Potential Loyal
16071,45,1,326.24,3,4,4,344,Potential Loyal
15835,45,4,954.09,3,2,2,322,Potential Loyal
13107,45,4,1531.62,3,2,2,322,Potential Loyal
15990,45,2,792.11,3,3,3,333,Potential Loyal
14379,45,2,348.1,3,4,4,344,Potential Loyal
12879,45,3,573.22,3,2,3,323,Potential Loyal
16225,45,5,1096.32,3,2,2,322,Potential Loyal
16418,45,3,675.27,3,3,3,333,Potential Loyal
16454,45,2,6.9,3,4,5,345,Potential Loyal
17175,45,4,1443.69,3,2,2,322,Potential Loyal
15821,45,2,570.96,3,3,3,333,Potential Loyal
16750,45,5,623.93,3,2,3,323,Potential Loyal
16415,45,1,210.35,3,5,5,355,Potential Loyal
15320,45,1,267.13,3,4,4,344,Potential Loyal
12456,45,3,3181.04,3,2,1,321,Needs Attention
16208,45,2,664.26,3,3,3,333,Potential Loyal
16188,45,4,981.86,3,2,2,322,Potential Loyal
14315,45,6,2481.13,3,1,1,311,Needs Attention
14598,45,1,221.97,3,5,5,355,Potential Loyal
17712,45,1,522.91,3,5,3,353,Potential Loyal
18226,45,11,5228.05,3,1,1,311,Needs Attention
15240,45,5,1706.57,3,2,2,322,Potential Loyal
17895,45,1,98.0,3,4,5,345,Potential Loyal
16345,45,1,575.41,3,5,3,353,Potential Loyal
14754,45,2,638.05,3,3,3,333,Potential Loyal
18147,46,2,179.34,3,4,5,345,Potential Loyal
17928,46,2,212.54,3,4,5,345,Potential Loyal
13601,46,2,693.32,3,3,3,333,Potential Loyal
16258,46,5,5203.51,3,2,1,321,Needs Attention
18079,46,4,3651.97,3,2,1,321,Needs Attention
13481,46,5,1804.56,3,2,2,322,Potential Loyal
15630,46,2,1186.35,3,3,2,332,Potential Loyal
16708,46,1,656.63,3,5,3,353,Potential Loyal
17917,46,3,341.28,3,2,4,324,Potential Loyal
15656,46,4,748.5,3,2,3,323,Potential Loyal
14001,46,3,2043.08,3,2,2,322,Potential Loyal
16110,46,3,1337.48,3,3,2,332,Potential Loyal
13652,46,3,1095.08,3,2,2,322,Potential Loyal
15345,46,1,393.54,3,4,4,344,Potential Loyal
13182,46,1,121.18,3,4,5,345,Potential Loyal
12398,46,1,1635.66,3,4,2,342,Potential Loyal
13340,46,7,10736.48,3,1,1,311,Needs Attention
17024,46,3,95.85,3,3,5,335,Potential Loyal
15158,46,1,401.4,3,4,4,344,Potential Loyal
18045,46,1,189.4,3,5,5,355,Potential Loyal
14341,46,8,2182.28,3,1,1,311,Needs Attention
16056,46,1,664.85,3,5,3,353,Potential Loyal
14145,47,4,3742.2,3,2,1,321,Needs Attention
14997,47,3,546.2,3,3,3,333,Potential Loyal
16728,47,4,1054.67,3,2,2,322,Potential Loyal
14019,47,3,1421.61,3,3,2,332,Potential Loyal
17317,47,3,2600.34,3,2,1,321,Needs Attention
15806,47,3,784.58,3,3,3,333,Potential Loyal
15277,47,1,255.9,3,4,4,344,Potential Loyal
16023,47,3,719.81,3,3,3,333,Potential Loyal
15142,47,1,498.74,3,5,3,353,Potential Loyal
15068,47,2,553.36,3,3,3,333,Potential Loyal
18240,47,1,422.58,3,5,4,354,Potential Loyal
13165,47,2,1021.48,3,3,2,332,Potential Loyal
16491,47,1,731.5,3,5,3,353,Potential Loyal
17004,47,2,1412.94,3,3,2,332,Potential Loyal
14139,47,1,415.82,3,5,4,354,Potential Loyal
16444,47,4,654.67,3,2,3,323,Potential Loyal
15592,47,1,388.58,3,4,4,344,Potential Loyal
14312,47,6,1611.59,3,1,2,312,Needs Attention
17186,47,2,144.0,3,4,5,345,Potential Loyal
15786,47,3,4932.2,3,3,1,331,Needs Attention
15215,47,3,734.94,3,3,3,333,Potential Loyal
12546,47,2,1161.5,3,3,2,332,Potential Loyal
17344,47,1,160.57,3,5,5,355,Potential Loyal
13176,47,1,492.84,3,5,3,353,Potential Loyal
15801,47,3,1063.95,3,2,2,322,Potential Loyal
14474,47,1,547.66,3,5,3,353,Potential Loyal
16742,47,1,464.9,3,5,4,354,Potential Loyal
14764,47,1,278.3,3,4,4,344,Potential Loyal
15844,47,1,130.74,3,5,5,355,Potential Loyal
16325,47,3,594.24,3,2,3,323,Potential Loyal
16019,47,9,3786.24,3,1,1,311,Needs Attention
17423,47,2,698.41,3,3,3,333,Potential Loyal
14800,48,12,4339.74,3,1,1,311,Needs Attention
14731,48,3,380.02,3,2,4,324,Potential Loyal
17836,48,1,110.21,3,4,5,345,Potential Loyal
16007,48,4,1701.94,3,2,2,322,Potential Loyal
16768,48,3,478.09,3,3,4,334,Potential Loyal
16017,48,1,211.88,3,5,5,355,Potential Loyal
16686,48,7,3062.83,3,1,1,311,Needs Attention
17111,48,1,248.61,3,5,5,355,Potential Loyal
15000,48,1,490.52,3,5,3,353,Potential Loyal
13598,48,1,180.17,3,5,5,355,Potential Loyal
14504,48,4,673.26,3,2,3,323,Potential Loyal
13917,50,2,272.04,3,4,4,344,Potential Loyal
14967,50,1,463.8,3,5,4,354,Potential Loyal
14233,50,4,1462.72,3,2,2,322,Potential Loyal
16153,50,5,1824.23,3,2,2,322,Potential Loyal
12403,50,1,427.7,3,5,4,354,Potential Loyal
13918,50,2,1212.84,3,3,2,332,Potential Loyal
12407,50,5,1708.12,3,2,2,322,Potential Loyal
13974,50,1,413.59,3,5,4,354,Potential Loyal
17940,50,10,4106.44,3,1,1,311,Needs Attention
17832,50,1,155.37,3,5,5,355,Potential Loyal
15286,50,1,240.55,3,5,5,355,Potential Loyal
15740,50,1,154.88,3,5,5,355,Potential Loyal
13157,50,4,1741.22,3,2,2,322,Potential Loyal
15819,50,4,1905.45,3,2,2,322,Potential Loyal
16918,50,6,1068.82,3,1,2,312,Needs Attention
15677,50,1,657.23,3,5,3,353,Potential Loyal
17361,50,3,488.2,3,2,4,324,Potential Loyal
16497,50,6,2965.69,3,1,1,311,Needs Attention
13725,50,8,1980.56,3,1,2,312,Needs Attention
15296,51,6,3672.86,3,1,1,311,Needs Attention
15301,51,12,5070.35,3,1,1,311,Needs Attention
13245,51,1,430.5,3,5,4,354,Potential Loyal
15129,51,11,3447.4,3,1,1,311,Needs Attention
14484,51,1,321.92,3,4,4,344,Potential Loyal
15587,51,4,913.68,3,2,3,323,Potential Loyal
14923,51,1,749.1,3,5,3,353,Potential Loyal
15469,51,2,538.55,3,3,3,333,Potential Loyal
17092,51,4,1777.78,3,2,2,322,Potential Loyal
17007,51,6,889.93,3,1,3,313,Needs Attention
18252,51,2,526.67,3,3,3,333,Potential Loyal
15121,51,2,457.72,3,3,4,334,Potential Loyal
17354,51,1,1393.06,3,4,2,342,Potential Loyal
15565,51,2,173.16,3,4,5,345,Potential Loyal
14638,51,1,443.6,3,5,4,354,Potential Loyal
13366,51,1,56.16,3,5,5,355,Potential Loyal
14631,51,3,1006.98,3,2,2,322,Potential Loyal
14495,51,2,123.8,3,4,5,345,Potential Loyal
16177,51,1,331.95,3,4,4,344,Potential Loyal
14427,51,2,363.34,3,3,4,334,Potential Loyal
16099,51,3,731.9,3,3,3,333,Potential Loyal
13573,51,2,294.4,3,4,4,344,Potential Loyal
13761,51,2,1070.65,3,3,2,332,Potential Loyal
15836,51,1,137.37,3,5,5,355,Potential Loyal
17420,51,3,598.83,3,2,3,323,Potential Loyal
17571,51,4,1498.51,3,2,2,322,Potential Loyal
13897,51,1,311.16,3,4,4,344,Potential Loyal
15664,51,1,386.43,3,4,4,344,Potential Loyal
13669,51,2,218.55,3,4,5,345,Potential Loyal
16260,51,1,1035.45,3,4,2,342,Potential Loyal
17125,51,1,259.35,3,4,4,344,Potential Loyal
14261,51,2,1163.45,3,3,2,332,Potential Loyal
12556,51,2,603.71,3,3,3,333,Potential Loyal
15807,51,3,903.9,3,3,3,333,Potential Loyal
14585,51,1,157.05,3,5,5,355,Potential Loyal
16593,51,3,330.03,3,3,4,334,Potential Loyal
18149,51,3,612.08,3,3,3,333,Potential Loyal
17764,51,2,818.82,3,3,3,333,Potential Loyal
17672,51,2,3178.17,3,3,1,331,Needs Attention
16170,51,6,1885.05,3,1,2,312,Needs Attention
16846,51,1,214.32,3,5,5,355,Potential Loyal
17934,52,2,704.25,3,3,3,333,Potential Loyal
12370,52,4,3545.69,3,2,1,321,Needs Attention
15853,52,1,110.8,3,4,5,345,Potential Loyal
16123,52,1,307.78,3,4,4,344,Potential Loyal
17973,52,1,337.04,3,4,4,344,Potential Loyal
15610,52,1,112.46,3,4,5,345,Potential Loyal
14776,52,11,2538.3,3,1,1,311,Needs Attention
15468,52,2,467.51,3,3,4,334,Potential Loyal
12596,52,2,618.27,3,3,3,333,Potential Loyal
14799,52,1,157.7,3,5,5,355,Potential Loyal
15220,52,6,1778.96,3,1,2,312,Needs Attention
18019,52,1,38.45,3,5,5,355,Potential Loyal
14107,52,7,2703.23,3,1,1,311,Needs Attention
14273,52,4,559.97,3,2,3,323,Potential Loyal
15803,52,1,415.82,3,5,4,354,Potential Loyal
16470,52,4,762.39,3,2,3,323,Potential Loyal
13491,52,10,1215.82,3,1,2,312,Needs Attention
16131,52,6,3506.54,3,1,1,311,Needs Attention
12744,52,7,21279.29,3,1,1,311,Needs Attention
17148,52,1,124.88,3,4,5,345,Potential Loyal
15754,52,3,458.57,3,3,4,334,Potential Loyal
14306,52,2,2093.32,3,3,1,331,Needs Attention
15006,52,1,502.09,3,5,3,353,Potential Loyal
16621,52,4,813.48,3,2,3,323,Potential Loyal
17824,52,1,298.4,3,4,4,344,Potential Loyal
16826,52,1,341.7,3,4,4,344,Potential Loyal
14229,52,3,1547.2,3,3,2,332,Potential Loyal
13849,52,2,1537.95,3,3,2,332,Potential Loyal
13805,53,2,924.6,3,3,3,333,Potential Loyal
15140,53,7,2354.25,3,1,1,311,Needs Attention
14639,53,6,2984.49,3,1,1,311,Needs Attention
17262,53,5,1253.36,3,2,2,322,Potential Loyal
15505,53,5,3610.96,3,2,1,321,Needs Attention
16515,53,5,1627.13,3,2,2,322,Potential Loyal
16249,53,5,1800.07,3,2,2,322,Potential Loyal
13637,53,3,810.5,3,2,3,323,Potential Loyal
14798,53,3,173.74,3,2,5,325,Potential Loyal
12360,53,3,2662.06,3,2,1,321,Needs Attention
16940,53,3,3049.88,3,2,1,321,Needs Attention
16730,53,3,743.11,3,3,3,333,Potential Loyal
16734,53,3,650.51,3,3,3,333,Potential Loyal
12759,53,3,1531.44,3,3,2,332,Potential Loyal
17679,53,2,1992.11,3,3,2,332,Potential Loyal
13032,53,2,1010.18,3,3,2,332,Potential Loyal
14015,53,1,917.34,3,4,3,343,Potential Loyal
14861,53,1,125.79,3,4,5,345,Potential Loyal
13594,53,1,396.97,3,4,4,344,Potential Loyal
15678,53,1,352.7,3,4,4,344,Potential Loyal
12611,53,1,1193.32,3,4,2,342,Potential Loyal
16848,53,1,281.42,3,4,4,344,Potential Loyal
15637,53,1,223.36,3,5,5,355,Potential Loyal
15604,53,1,216.39,3,5,5,355,Potential Loyal
15327,53,1,208.75,3,5,5,355,Potential Loyal
14381,53,1,202.68,3,5,5,355,Potential Loyal
12863,53,1,521.2,3,5,3,353,Potential Loyal
17201,54,1,342.63,3,4,4,344,Potential Loyal
17520,54,1,546.81,3,5,3,353,Potential Loyal
16412,54,1,151.83,3,5,5,355,Potential Loyal
18042,54,1,165.05,3,5,5,355,Potential Loyal
15066,54,1,893.59,3,5,3,353,Potential Loyal
12463,54,4,1344.78,3,2,2,322,Potential Loyal
17534,54,1,223.36,3,5,5,355,Potential Loyal
15012,54,2,423.04,3,3,4,334,Potential Loyal
12475,54,1,723.38,3,5,3,353,Potential Loyal
17527,54,4,939.37,3,2,3,323,Potential Loyal
15335,54,1,173.97,3,5,5,355,Potential Loyal
16363,54,1,109.36,3,4,5,345,Potential Loyal
13750,54,5,1647.26,3,2,2,322,Potential Loyal
16737,54,1,417.6,3,5,4,354,Potential Loyal
17785,54,1,131.94,3,5,5,355,Potential Loyal
17244,54,1,954.9,3,4,2,342,Potential Loyal
17205,54,1,384.08,3,4,4,344,Potential Loyal
13015,54,5,3346.28,3,2,1,321,Needs Attention
14443,54,4,1420.2,3,2,2,322,Potential Loyal
16542,54,1,119.62,3,4,5,345,Potential Loyal
16389,54,4,1382.07,3,2,2,322,Potential Loyal
15598,54,1,240.68,3,5,5,355,Potential Loyal
16932,54,1,161.94,3,5,5,355,Potential Loyal
12794,54,2,860.41,3,3,3,333,Potential Loyal
13265,54,5,2107.66,3,2,1,321,Needs Attention
14830,54,1,197.13,3,5,5,355,Potential Loyal
17206,54,1,204.24,3,5,5,355,Potential Loyal
17734,54,3,700.63,3,2,3,323,Potential Loyal
17612,54,6,2048.45,3,1,2,312,Needs Attention
13923,54,1,351.13,3,4,4,344,Potential Loyal
14211,54,9,2241.1,3,1,1,311,Needs Attention
16563,54,1,1077.74,3,4,2,342,Potential Loyal
14841,54,6,3295.76,3,1,1,311,Needs Attention
13875,54,5,1786.79,3,2,2,322,Potential Loyal
13760,55,2,286.79,3,4,4,344,Potential Loyal
13034,55,2,642.77,3,3,3,333,Potential Loyal
12940,55,2,913.54,3,3,3,333,Potential Loyal
14780,55,2,447.68,3,3,4,334,Potential Loyal
15440,55,3,383.68,3,2,4,324,Potential Loyal
15994,55,1,427.07,3,5,4,354,Potential Loyal
16052,55,1,362.06,3,4,4,344,Potential Loyal
15545,55,2,292.72,3,4,4,344,Potential Loyal
16206,55,4,537.06,3,2,3,323,Potential Loyal
16934,55,2,950.93,3,3,2,332,Potential Loyal
16674,55,2,319.61,3,4,4,344,Potential Loyal
13878,55,1,1281.53,3,4,2,342,Potential Loyal
16394,57,5,1555.34,3,2,2,322,Potential Loyal
17892,57,3,244.1,3,2,5,325,Potential Loyal
15826,57,3,1654.31,3,2,2,322,Potential Loyal
16239,57,2,414.2,3,3,4,334,Potential Loyal
17180,57,4,796.03,3,2,3,323,Potential Loyal
16950,57,3,1178.56,3,3,2,332,Potential Loyal
15620,57,3,1553.18,3,3,2,332,Potential Loyal
14937,57,3,1621.88,3,3,2,332,Potential Loyal
17986,57,1,20.8,3,4,5,345,Potential Loyal
16413,57,1,262.2,3,4,4,344,Potential Loyal
17771,57,2,245.81,3,4,5,345,Potential Loyal
13006,57,1,81.57,3,5,5,355,Potential Loyal
14567,57,2,1530.36,3,3,2,332,Potential Loyal
18228,57,2,779.9,3,3,3,333,Potential Loyal
13213,57,5,1520.58,3,2,2,322,Potential Loyal
16081,57,5,2806.9,3,2,1,321,Needs Attention
12454,57,1,3528.34,3,5,1,351,Needs Attention
14089,57,1,161.0,3,5,5,355,Potential Loyal
13136,57,5,2607.61,3,2,1,321,Needs Attention
16430,58,1,300.85,3,4,4,344,Potential Loyal
12359,58,4,6372.58,3,2,1,321,Needs Attention
13827,58,3,412.05,3,3,4,334,Potential Loyal
17509,58,8,6115.14,3,1,1,311,Needs Attention
15272,58,2,721.94,3,3,3,333,Potential Loyal
12631,58,1,640.5,3,5,3,353,Potential Loyal
13858,58,1,216.17,3,5,5,355,Potential Loyal
14421,58,2,813.11,3,3,3,333,Potential Loyal
13853,58,1,1090.14,3,4,2,342,Potential Loyal
16121,58,2,867.11,3,3,3,333,Potential Loyal
13911,58,9,2580.91,3,1,1,311,Needs Attention
14537,58,1,355.56,3,4,4,344,Potential Loyal
12446,58,1,1002.31,3,4,2,342,Potential Loyal
17614,58,1,390.07,3,4,4,344,Potential Loyal
17279,58,1,187.83,3,5,5,355,Potential Loyal
12613,58,5,3344.38,3,2,1,321,Needs Attention
13487,58,3,575.4,3,2,3,323,Potential Loyal
16773,58,1,171.59,3,5,5,355,Potential Loyal
17181,58,2,239.92,3,4,5,345,Potential Loyal
17169,58,2,835.78,3,3,3,333,Potential Loyal
16224,58,4,1295.3,3,2,2,322,Potential Loyal
16770,58,5,770.1,3,2,3,323,Potential Loyal
13930,58,2,337.34,3,4,4,344,Potential Loyal
14975,58,1,279.94,3,4,4,344,Potential Loyal
14624,58,2,225.85,3,4,5,345,Potential Loyal
12876,58,2,2218.02,3,3,1,331,Needs Attention
18160,58,2,638.06,3,3,3,333,Potential Loyal
14976,58,7,790.86,3,1,3,313,Needs Attention
15367,58,4,1877.59,3,2,2,322,Potential Loyal
16793,58,1,243.84,3,5,5,355,Potential Loyal
14555,58,2,324.14,3,4,4,344,Potential Loyal
16203,59,4,592.9,3,2,3,323,Potential Loyal
13842,59,9,3385.62,3,1,1,311,Needs Attention
15281,59,9,2332.15,3,1,1,311,Needs Attention
14541,59,8,1461.65,3,1,2,312,Needs Attention
16652,59,7,6773.97,3,1,1,311,Needs Attention
13464,59,1,674.68,3,5,3,353,Potential Loyal
14852,59,6,2836.69,3,1,1,311,Needs Attention
13208,59,6,1223.9,3,1,2,312,Needs Attention
12667,59,1,620.13,3,5,3,353,Potential Loyal
12602,59,1,153.12,3,5,5,355,Potential Loyal
15038,59,6,705.49,3,1,3,313,Needs Attention
13520,59,6,3624.35,3,1,1,311,Needs Attention
18171,59,5,1231.31,3,2,2,322,Potential Loyal
13865,59,4,501.56,3,2,3,323,Potential Loyal
16753,59,1,223.92,3,5,5,355,Potential Loyal
12633,59,4,2163.98,3,2,1,321,Needs Attention
14642,59,1,96.12,3,4,5,345,Potential Loyal
12679,59,4,1113.02,3,2,2,322,Potential Loyal
17190,59,2,444.74,3,3,4,334,Potential Loyal
15421,59,4,950.36,3,2,2,322,Potential Loyal
18277,59,1,110.38,3,4,5,345,Potential Loyal
17913,59,2,411.6,3,3,4,334,Potential Loyal
17489,59,2,376.64,3,3,4,334,Potential Loyal
14775,59,3,1011.9,3,2,2,322,Potential Loyal
15831,59,3,801.76,3,2,3,323,Potential Loyal
15840,59,2,355.56,3,4,4,344,Potential Loyal
14761,59,2,255.9,3,4,4,344,Potential Loyal
17064,59,3,859.35,3,3,3,333,Potential Loyal
13517,60,3,2128.42,3,2,1,321,Needs Attention
16171,60,1,73.2,3,5,5,355,Potential Loyal
13690,60,1,172.25,3,5,5,355,Potential Loyal
16086,60,5,1121.39,3,2,2,322,Potential Loyal
16136,60,3,709.38,3,2,3,323,Potential Loyal
12836,60,4,2612.86,3,2,1,321,Needs Attention
14857,60,2,1173.12,3,3,2,332,Potential Loyal
17620,60,1,81.44,3,5,5,355,Potential Loyal
12824,60,1,397.12,3,4,4,344,Potential Loyal
12772,60,1,892.47,3,5,3,353,Potential Loyal
12530,60,4,1662.28,3,2,2,322,Potential Loyal
14175,60,3,3222.3,3,2,1,321,Needs Attention
13919,60,2,384.81,3,3,4,334,Potential Loyal
17863,60,6,3160.0,3,1,1,311,Needs Attention
16861,60,2,173.76,3,4,5,345,Potential Loyal
14952,60,11,8099.49,3,1,1,311,Needs Attention
13109,60,2,786.54,3,3,3,333,Potential Loyal
13627,60,5,1638.47,3,2,2,322,Potential Loyal
16120,60,4,1309.14,3,2,2,322,Potential Loyal
15199,60,4,1268.7,3,2,2,322,Potential Loyal
13283,60,2,93.66,3,4,5,345,Potential Loyal
15553,61,1,437.23,3,5,4,354,Potential Loyal
17284,61,6,1652.58,3,1,2,312,Needs Attention
13666,61,3,84.65,3,3,5,335,Potential Loyal
17589,61,4,2404.17,3,2,1,321,Needs Attention
17462,61,2,675.69,3,3,3,333,Potential Loyal
15304,61,8,694.4,3,1,3,313,Needs Attention
13373,61,3,3312.25,3,2,1,321,Needs Attention
17025,61,3,357.77,3,2,4,324,Potential Loyal
14535,61,3,2864.19,3,2,1,321,Needs Attention
16982,61,1,384.06,3,4,4,344,Potential Loyal
13980,61,1,200.14,3,5,5,355,Potential Loyal
18169,61,1,202.65,3,5,5,355,Potential Loyal
16385,61,3,555.89,3,2,3,323,Potential Loyal
13224,61,2,2155.95,3,3,1,331,Needs Attention
18126,61,1,206.83,3,5,5,355,Potential Loyal
16179,61,1,215.83,3,5,5,355,Potential Loyal
16776,61,1,388.28,3,4,4,344,Potential Loyal
15128,61,4,1471.0,3,2,2,322,Potential Loyal
14529,61,3,620.04,3,3,3,333,Potential Loyal
16395,61,5,1486.9,3,2,2,322,Potential Loyal
17552,61,4,930.41,3,2,3,323,Potential Loyal
14128,61,2,637.5,3,3,3,333,Potential Loyal
14451,61,2,662.59,3,3,3,333,Potential Loyal
14665,61,5,1835.7,3,2,2,322,Potential Loyal
17214,61,6,1069.12,3,1,2,312,Needs Attention
15193,61,1,499.32,3,5,3,353,Potential Loyal
14201,61,7,747.44,3,1,3,313,Needs Attention
14027,61,1,104.82,3,4,5,345,Potential Loyal
12607,61,1,1579.51,3,4,2,342,Potential Loyal
15211,61,2,894.41,3,3,3,333,Potential Loyal
15886,61,1,181.09,3,5,5,355,Potential Loyal
17648,61,4,1797.5,3,2,2,322,Potential Loyal
13352,61,1,397.98,3,4,4,344,Potential Loyal
13473,61,2,422.64,3,3,4,334,Potential Loyal
15756,62,4,532.96,3,2,3,323,Potential Loyal
16104,62,1,302.36,3,4,4,344,Potential Loyal
13259,62,1,292.32,3,4,4,344,Potential Loyal
18088,62,1,167.67,3,5,5,355,Potential Loyal
16921,62,1,169.79,3,5,5,355,Potential Loyal
16248,62,1,152.94,3,5,5,355,Potential Loyal
16685,62,2,324.24,3,4,4,344,Potential Loyal
14801,62,1,193.14,3,5,5,355,Potential Loyal
14514,62,3,1055.35,3,2,2,322,Potential Loyal
13193,62,1,117.88,3,4,5,345,Potential Loyal
16380,62,1,1780.59,3,5,2,352,Potential Loyal
16595,62,1,360.16,3,4,4,344,Potential Loyal
15606,62,9,2920.16,3,1,1,311,Needs Attention
13260,62,1,557.62,3,5,3,353,Potential Loyal
16518,62,2,484.32,3,3,4,334,Potential Loyal
15874,64,7,4405.88,3,1,1,311,Needs Attention
17030,64,1,146.87,3,5,5,355,Potential Loyal
13806,64,1,256.38,3,4,4,344,Potential Loyal
16455,64,7,1841.18,3,1,2,312,Needs Attention
13169,64,2,712.88,3,3,3,333,Potential Loyal
14067,64,2,374.7,3,3,4,334,Potential Loyal
16354,64,2,395.8,3,3,4,334,Potential Loyal
15706,64,4,1060.56,3,2,2,322,Potential Loyal
15815,64,5,2100.6,3,2,1,321,Needs Attention
13689,64,1,910.0,3,5,3,353,Potential Loyal
14029,64,2,467.66,3,3,4,334,Potential Loyal
18136,64,3,784.33,3,3,3,333,Potential Loyal
12740,64,1,427.6,3,5,4,354,Potential Loyal
12492,64,2,263.21,3,4,4,344,Potential Loyal
14792,64,1,6.2,3,5,5,355,Potential Loyal
12781,64,2,826.74,3,3,3,333,Potential Loyal
13276,64,2,590.93,3,3,3,333,Potential Loyal
12420,64,1,600.39,3,5,3,353,Potential Loyal
12519,64,1,340.84,3,4,4,344,Potential Loyal
12394,64,2,1272.48,3,3,2,332,Potential Loyal
13419,64,1,221.06,3,5,5,355,Potential Loyal
13359,64,1,439.56,3,5,4,354,Potential Loyal
12885,64,3,1175.22,3,3,2,332,Potential Loyal
14844,64,4,3189.81,3,2,1,321,Needs Attention
13587,64,1,712.4,3,5,3,353,Potential Loyal
13876,64,1,122.7,3,4,5,345,Potential Loyal
13763,64,1,1714.96,3,4,2,342,Potential Loyal
16477,64,7,2494.46,3,1,1,311,Needs Attention
15837,65,1,391.98,3,4,4,344,Potential Loyal
15264,65,1,393.74,3,4,4,344,Potential Loyal
16432,65,1,287.4,3,4,4,344,Potential Loyal
13177,65,1,282.45,3,4,4,344,Potential Loyal
15315,65,2,570.5,3,3,3,333,Potential Loyal
16895,65,1,219.14,3,5,5,355,Potential Loyal
15416,65,4,3984.32,3,2,1,321,Needs Attention
14959,65,4,695.42,3,2,3,323,Potential Loyal
14538,65,2,388.25,3,3,4,334,Potential Loyal
15518,65,8,1942.45,3,1,2,312,Needs Attention
13348,65,1,233.76,3,5,5,355,Potential Loyal
16184,65,6,1158.79,3,1,2,312,Needs Attention
13771,65,4,2634.45,3,2,1,321,Needs Attention
13023,65,2,689.9,3,3,3,333,Potential Loyal
13602,65,1,428.89,3,5,4,354,Potential Loyal
13591,65,3,1117.13,3,2,2,322,Potential Loyal
15937,65,1,145.35,3,5,5,355,Potential Loyal
17921,65,4,826.52,3,2,3,323,Potential Loyal
15306,65,3,1174.35,3,3,2,332,Potential Loyal
15300,65,1,496.44,3,5,3,353,Potential Loyal
12923,65,1,176.97,3,5,5,355,Potential Loyal
13049,65,2,656.68,3,3,3,333,Potential Loyal
13422,65,1,2626.3,3,5,1,351,Needs Attention
14257,65,5,3099.72,3,2,1,321,Needs Attention
14518,65,1,174.37,3,5,5,355,Potential Loyal
14317,65,1,508.58,3,5,3,353,Potential Loyal
14819,65,2,272.07,3,4,4,344,Potential Loyal
15766,65,1,315.06,3,4,4,344,Potential Loyal
13845,65,1,312.98,3,4,4,344,Potential Loyal
12939,65,8,11581.8,3,1,1,311,Needs Attention
16316,65,8,2938.91,3,1,1,311,Needs Attention
13504,65,1,295.93,3,4,4,344,Potential Loyal
13483,66,1,140.34,3,5,5,355,Potential Loyal
13989,66,2,1266.08,3,3,2,332,Potential Loyal
17382,66,1,65.4,3,5,5,355,Potential Loyal
15762,66,2,583.75,3,3,3,333,Potential Loyal
13947,66,1,90.6,3,4,5,345,Potential Loyal
12789,66,1,91.85,3,4,5,345,Potential Loyal
14054,66,1,92.46,3,4,5,345,Potential Loyal
14396,66,2,487.99,3,3,4,334,Potential Loyal
18033,66,1,97.97,3,4,5,345,Potential Loyal
16106,66,1,108.38,3,4,5,345,Potential Loyal
17483,66,3,414.04,3,3,4,334,Potential Loyal
12843,66,8,1702.26,3,1,2,312,Needs Attention
15048,66,4,384.05,3,2,4,324,Potential Loyal
15757,66,2,714.42,3,3,3,333,Potential Loyal
16803,66,1,332.3,3,4,4,344,Potential Loyal
15730,66,3,1120.88,3,2,2,322,Potential Loyal
16140,66,2,725.18,3,3,3,333,Potential Loyal
17222,66,1,354.15,3,4,4,344,Potential Loyal
16758,66,1,369.34,3,4,4,344,Potential Loyal
17647,66,1,133.06,3,5,5,355,Potential Loyal
16040,66,3,1313.55,3,3,2,332,Potential Loyal
15127,66,1,406.53,3,5,4,354,Potential Loyal
16160,66,2,1025.44,3,3,2,332,Potential Loyal
16059,66,6,1459.86,3,1,2,312,Needs Attention
14389,66,2,1043.46,3,3,2,332,Potential Loyal
15244,66,2,631.57,3,3,3,333,Potential Loyal
12413,67,3,758.1,3,2,3,323,Potential Loyal
12457,67,7,2363.23,3,1,1,311,Needs Attention
14462,67,11,2004.02,3,1,2,312,Needs Attention
14184,67,1,452.89,3,5,4,354,Potential Loyal
15241,67,8,1756.44,3,1,2,312,Needs Attention
17957,67,1,111.68,3,4,5,345,Potential Loyal
15228,67,4,3386.71,3,2,1,321,Needs Attention
16253,67,2,3683.86,3,3,1,331,Needs Attention
13801,67,1,324.8,3,4,4,344,Potential Loyal
15739,67,1,449.12,3,5,4,354,Potential Loyal
15181,67,3,689.48,3,3,3,333,Potential Loyal
16881,67,1,432.0,3,5,4,354,Potential Loyal
15276,67,1,135.31,3,5,5,355,Potential Loyal
13317,67,6,2273.68,3,1,1,311,Needs Attention
16556,67,7,3313.79,3,1,1,311,Needs Attention
13552,67,12,3740.07,3,1,1,311,Needs Attention
15255,67,1,890.85,3,5,3,353,Potential Loyal
13351,67,1,373.94,3,4,4,344,Potential Loyal
16882,67,3,705.12,3,2,3,323,Potential Loyal
15339,67,2,574.07,3,3,3,333,Potential Loyal
16374,67,2,473.03,3,3,4,334,Potential Loyal
12512,67,2,138.03,3,4,5,345,Potential Loyal
13792,67,2,195.55,3,4,5,345,Potential Loyal
17667,67,5,2055.51,3,2,2,322,Potential Loyal
13431,68,2,1269.1,3,3,2,332,Potential Loyal
14193,68,2,853.39,3,3,3,333,Potential Loyal
18116,68,8,1418.03,3,1,2,312,Needs Attention
14644,68,2,830.76,3,3,3,333,Potential Loyal
14651,68,2,654.6,3,3,3,333,Potential Loyal
15930,68,1,426.63,3,5,4,354,Potential Loyal
15091,68,1,480.71,3,5,4,354,Potential Loyal
13344,68,3,2543.72,3,2,1,321,Needs Attention
12886,68,2,1378.4,3,3,2,332,Potential Loyal
16441,68,2,381.2,3,3,4,334,Potential Loyal
14333,68,1,415.2,3,5,4,354,Potential Loyal
15299,68,7,4507.01,3,1,1,311,Needs Attention
16183,68,1,338.71,3,4,4,344,Potential Loyal
16774,68,4,661.52,3,2,3,323,Potential Loyal
13635,68,1,1071.03,3,4,2,342,Potential Loyal
14488,68,1,1064.28,3,4,2,342,Potential Loyal
12637,68,8,6021.9,3,1,1,311,Needs Attention
16875,68,5,2095.53,3,2,1,321,Needs Attention
15579,69,2,348.6,3,4,4,344,Potential Loyal
14970,69,4,1592.06,3,2,2,322,Potential Loyal
16693,69,2,482.01,3,3,4,334,Potential Loyal
15774,69,1,270.8,3,4,4,344,Potential Loyal
16591,69,1,213.5,3,5,5,355,Potential Loyal
16667,69,2,570.13,3,3,3,333,Potential Loyal
15164,69,3,843.05,3,3,3,333,Potential Loyal
13095,71,1,74.4,3,5,5,355,Potential Loyal
17376,71,2,203.2,3,4,5,345,Potential Loyal
13972,71,2,190.25,3,4,5,345,Potential Loyal
12842,71,2,1118.99,3,3,2,332,Potential Loyal
15321,71,3,2748.31,3,2,1,321,Needs Attention
15593,71,1,199.8,3,5,5,355,Potential Loyal
13764,71,3,1521.76,3,3,2,332,Potential Loyal
14916,71,4,1268.98,3,2,2,322,Potential Loyal
15834,71,4,2233.75,3,2,1,321,Needs Attention
18008,71,9,2116.19,3,1,1,311,Needs Attention
13347,71,1,341.36,3,4,4,344,Potential Loyal
12694,71,2,869.67,3,3,3,333,Potential Loyal
18053,71,1,300.02,3,4,4,344,Potential Loyal
14164,71,2,1631.77,3,3,2,332,Potential Loyal
16613,71,1,618.59,3,5,3,353,Potential Loyal
16101,71,1,1290.7,3,4,2,342,Potential Loyal
16404,71,1,443.05,3,5,4,354,Potential Loyal
15185,71,1,310.62,3,4,4,344,Potential Loyal
12822,71,2,948.88,3,3,2,332,Potential Loyal
13092,71,5,477.83,3,2,4,324,Potential Loyal
18192,72,1,957.97,3,4,2,342,Potential Loyal
17894,72,8,1119.81,3,1,2,312,Needs Attention
14409,72,6,2059.45,3,1,1,311,Needs Attention
15062,72,4,987.86,3,2,2,322,Potential Loyal
13354,72,1,743.53,3,5,3,353,Potential Loyal
12728,72,4,836.33,3,2,3,323,Potential Loyal
16650,72,1,518.42,3,5,3,353,Potential Loyal
17572,72,4,226.75,3,2,5,325,Potential Loyal
17819,72,7,3704.87,3,1,1,311,Needs Attention
17905,72,4,800.24,3,2,3,323,Potential Loyal
16233,72,3,536.68,3,3,3,333,Potential Loyal
12458,72,2,947.4,3,3,2,332,Potential Loyal
13886,72,1,243.56,3,5,5,355,Potential Loyal
13364,72,1,134.96,3,5,5,355,Potential Loyal
15030,72,2,518.28,3,3,3,333,Potential Loyal
18235,72,3,1796.48,3,2,2,322,Potential Loyal
12718,72,1,238.25,3,5,5,355,Potential Loyal
14305,72,3,1858.96,3,2,2,322,Potential Loyal
13741,72,3,668.43,3,3,3,333,Potential Loyal
18204,72,3,1993.7,3,2,2,322,Potential Loyal
15175,72,1,224.14,3,5,5,355,Potential Loyal
14475,72,3,925.85,3,3,3,333,Potential Loyal
13503,72,1,216.85,3,5,5,355,Potential Loyal
14681,72,3,498.95,3,3,3,333,Potential Loyal
12372,72,3,1298.04,4,3,2,432,Potential Loyal
17724,72,3,1033.0,4,2,2,422,Potential Loyal
16268,72,2,667.65,4,3,3,433,Loyal
16574,72,1,451.44,4,5,4,454,Champions
17427,72,1,100.8,4,4,5,445,Champions
12703,72,1,283.55,4,4,4,444,Champions
16589,72,3,459.24,4,3,4,434,Loyal
17783,73,2,283.47,4,4,4,444,Champions
13321,73,2,567.36,4,3,3,433,Loyal
13505,73,4,4393.63,4,2,1,421,Needs Attention
16321,73,5,373.65,4,2,4,424,Potential Loyal
14609,73,4,601.56,4,2,3,423,Potential Loyal
12393,73,4,1582.6,4,2,2,422,Potential Loyal
16909,73,1,379.14,4,4,4,444,Champions
16690,73,2,225.58,4,4,5,445,Champions
15036,73,3,465.55,4,3,4,434,Loyal
13901,73,5,2867.2,4,2,1,421,Needs Attention
17513,73,1,513.2,4,5,3,453,Loyal
16681,73,6,1770.34,4,1,2,412,Needs Attention
17370,73,4,446.18,4,2,4,424,Potential Loyal
18242,73,4,2232.49,4,2,1,421,Needs Attention
13061,73,1,248.61,4,5,5,455,Champions
14947,73,2,290.82,4,4,4,444,Champions
16182,73,4,6617.65,4,2,1,421,Needs Attention
15841,73,4,1224.06,4,2,2,422,Potential Loyal
13515,73,4,891.12,4,2,3,423,Potential Loyal
15348,73,1,158.04,4,5,5,455,Champions
18265,73,2,801.51,4,3,3,433,Loyal
16281,73,1,2062.06,4,5,1,451,Needs Attention
17950,73,3,482.2,4,3,4,434,Loyal
14978,73,5,1931.42,4,2,2,422,Potential Loyal
14109,73,1,144.2,4,5,5,455,Champions
13397,73,5,1544.13,4,2,2,422,Potential Loyal
16266,74,7,861.89,4,1,3,413,Needs Attention
13035,74,2,921.88,4,3,3,433,Loyal
17788,74,2,1117.9,4,3,2,432,Potential Loyal
12987,74,2,558.7,4,3,3,433,Loyal
14272,74,2,437.96,4,3,4,434,Loyal
16629,74,2,417.73,4,3,4,434,Loyal
14818,74,3,657.8,4,3,3,433,Loyal
13016,74,3,789.89,4,3,3,433,Loyal
16462,74,3,136.0,4,2,5,425,Potential Loyal
16181,74,1,305.54,4,4,4,444,Champions
13555,74,4,4149.28,4,2,1,421,Needs Attention
16122,74,4,684.42,4,2,3,423,Potential Loyal
17656,74,5,1674.69,4,2,2,422,Potential Loyal
18278,74,1,173.9,4,5,5,455,Champions
15674,74,5,2446.6,4,2,1,421,Needs Attention
14101,74,6,5976.79,4,1,1,411,Needs Attention
13514,74,1,152.2,4,5,5,455,Champions
12455,74,6,2466.86,4,1,1,411,Needs Attention
17805,74,1,512.31,4,5,3,453,Loyal
17591,74,7,2225.97,4,1,1,411,Needs Attention
13979,74,1,869.87,4,5,3,453,Loyal
17061,74,11,5232.23,4,1,1,411,Needs Attention
15827,74,14,1836.09,4,1,2,412,Needs Attention
13390,75,1,544.08,4,5,3,453,Loyal
15243,75,1,316.68,4,4,4,444,Champions
16468,75,1,74.9,4,5,5,455,Champions
13927,75,1,348.99,4,4,4,444,Champions
13434,75,2,534.24,4,3,3,433,Loyal
17674,75,2,551.04,4,3,3,433,Loyal
12823,75,5,1759.5,4,2,2,422,Potential Loyal
16383,75,2,668.36,4,3,3,433,Loyal
13405,75,3,572.45,4,2,3,423,Potential Loyal
12612,75,1,704.04,4,5,3,453,Loyal
16603,75,2,482.47,4,3,4,434,Loyal
14473,75,2,234.34,4,4,5,445,Champions
13233,75,2,605.12,4,3,3,433,Loyal
16778,75,2,245.94,4,4,5,445,Champions
12412,75,3,1226.88,4,3,2,432,Potential Loyal
14908,75,1,277.8,4,4,4,444,Champions
13866,75,1,145.67,4,5,5,455,Champions
15626,75,2,675.8,4,3,3,433,Loyal
15958,75,1,104.35,4,4,5,445,Champions
17997,75,8,1970.67,4,1,2,412,Needs Attention
13639,75,1,1033.34,4,4,2,442,Potential Loyal
14561,76,3,1080.76,4,2,2,422,Potential Loyal
13787,76,2,309.04,4,4,4,444,Champions
12545,76,2,1000.39,4,3,2,432,Potential Loyal
14806,76,1,193.39,4,5,5,455,Champions
14757,76,1,420.5,4,5,4,454,Champions
14235,76,5,3144.86,4,2,1,421,Needs Attention
16689,76,2,422.6,4,3,4,434,Loyal
13670,76,1,349.7,4,4,4,444,Champions
17154,76,1,329.34,4,4,4,444,Champions
15312,76,4,924.85,4,2,3,423,Potential Loyal
14152,76,2,621.29,4,3,3,433,Loyal
16594,76,1,181.09,4,5,5,455,Champions
18066,76,1,318.0,4,4,4,444,Champions
15799,76,3,884.14,4,3,3,433,Loyal
18155,76,3,371.62,4,2,4,424,Potential Loyal
16480,76,1,769.29,4,5,3,453,Loyal
16198,76,1,400.68,4,4,4,444,Champions
16342,76,4,322.41,4,2,4,424,Potential Loyal
17506,76,1,302.2,4,4,4,444,Champions
12348,76,4,1797.24,4,2,2,422,Potential Loyal
15366,76,2,602.51,4,3,3,433,Loyal
15154,76,1,296.42,4,4,4,444,Champions
17498,76,1,272.22,4,4,4,444,Champions
12516,78,2,1312.06,4,3,2,432,Potential Loyal
13127,78,1,259.17,4,4,4,444,Champions
15978,78,1,1098.78,4,4,2,442,Potential Loyal
17480,78,1,511.82,4,5,3,453,Loyal
17388,78,4,1259.56,4,2,2,422,Potential Loyal
16485,78,1,363.65,4,4,4,444,Champions
14652,78,1,114.18,4,4,5,445,Champions
15475,78,1,454.11,4,5,4,454,Champions
16978,78,1,344.33,4,4,4,444,Champions
18189,78,2,1090.24,4,3,2,432,Potential Loyal
15744,78,1,34.8,4,4,5,445,Champions
16872,78,3,680.02,4,3,3,433,Loyal
14880,78,3,706.19,4,2,3,423,Potential Loyal
13336,78,1,795.12,4,5,3,453,Loyal
14014,78,1,505.18,4,5,3,453,Loyal
15549,78,3,1693.26,4,2,2,422,Potential Loyal
15075,78,1,773.03,4,5,3,453,Loyal
13486,79,3,1122.41,4,2,2,422,Potential Loyal
12930,79,2,415.8,4,3,4,434,Loyal
14854,79,7,2759.83,4,1,1,411,Needs Attention
13529,79,2,307.76,4,4,4,444,Champions
17603,79,1,394.72,4,4,4,444,Champions
12579,79,1,440.42,4,5,4,454,Champions
12739,79,2,1013.04,4,3,2,432,Potential Loyal
12609,79,3,1126.85,4,2,2,422,Potential Loyal
15603,79,1,48.48,4,5,5,455,Champions
16213,79,1,159.0,4,5,5,455,Champions
17172,79,1,317.76,4,4,4,444,Champions
12425,79,1,777.2,4,5,3,453,Loyal
15810,79,4,1391.98,4,2,2,422,Potential Loyal
13519,79,1,122.75,4,4,5,445,Champions
14038,79,3,1560.38,4,3,2,432,Potential Loyal
13055,79,3,1214.41,4,3,2,432,Potential Loyal
14147,79,2,483.4,4,3,4,434,Loyal
15067,79,3,1744.76,4,2,2,422,Potential Loyal
12854,79,3,1324.5,4,3,2,432,Potential Loyal
16735,79,5,2300.56,4,2,1,421,Needs Attention
13220,79,4,819.29,4,2,3,423,Potential Loyal
13279,79,1,137.75,4,5,5,455,Champions
17027,79,6,890.29,4,1,3,413,Needs Attention
13320,79,4,1548.7,4,2,2,422,Potential Loyal
16236,79,1,432.2,4,5,4,454,Champions
16715,79,1,301.72,4,4,4,444,Champions
17311,79,2,1384.85,4,3,2,432,Potential Loyal
12409,79,3,11072.67,4,3,1,431,Needs Attention
17079,79,1,118.8,4,4,5,445,Champions
12550,80,1,964.83,4,4,2,442,Potential Loyal
16627,80,1,322.8,4,4,4,444,Champions
14356,80,2,701.23,4,3,3,433,Loyal
14951,80,1,311.69,4,4,4,444,Champions
17731,80,4,1240.11,4,2,2,422,Potential Loyal
12604,80,2,254.18,4,4,4,444,Champions
16493,80,4,1351.63,4,2,2,422,Potential Loyal
13946,80,3,561.57,4,2,3,423,Potential Loyal
13959,80,3,598.2,4,2,3,423,Potential Loyal
17415,80,1,507.84,4,5,3,453,Loyal
12435,80,2,7829.89,4,3,1,431,Needs Attention
12701,80,2,797.71,4,3,3,433,Loyal
13908,80,4,2369.55,4,2,1,421,Needs Attention
12390,80,1,549.84,4,5,3,453,Loyal
12520,80,5,2634.26,4,2,1,421,Needs Attention
14887,80,1,1862.0,4,5,2,452,Potential Loyal
17475,80,1,194.37,4,5,5,455,Champions
13356,81,1,768.24,4,5,3,453,Loyal
13038,81,3,908.46,4,3,3,433,Loyal
16624,81,2,810.57,4,3,3,433,Loyal
16928,81,17,2847.6,4,1,1,411,Needs Attention
15888,81,1,168.31,4,5,5,455,Champions
14236,81,2,490.86,4,3,3,433,Loyal
15341,81,1,2020.52,4,5,2,452,Potential Loyal
17873,81,5,1859.16,4,2,2,422,Potential Loyal
16584,81,2,936.08,4,3,3,433,Loyal
15026,81,3,469.0,4,3,4,434,Loyal
16777,81,2,226.35,4,4,5,445,Champions
16215,81,1,242.35,4,5,5,455,Champions
13562,82,3,1799.33,4,2,2,422,Potential Loyal
13325,82,1,675.3,4,5,3,453,Loyal
15675,82,3,323.69,4,3,4,434,Loyal
14934,82,2,1890.94,4,3,2,432,Potential Loyal
12752,82,1,4366.78,4,5,1,451,Needs Attention
15504,82,1,52.83,4,5,5,455,Champions
12497,82,1,1043.1,4,4,2,442,Potential Loyal
12379,82,2,852.24,4,3,3,433,Loyal
13228,82,1,358.0,4,4,4,444,Champions
17628,82,1,75.75,4,5,5,455,Champions
18232,82,4,592.97,4,2,3,423,Potential Loyal
16906,82,4,579.77,4,2,3,423,Potential Loyal
16527,82,1,228.06,4,5,5,455,Champions
16080,82,2,217.16,4,4,5,445,Champions
12527,82,3,348.71,4,2,4,424,Potential Loyal
13774,82,1,345.0,4,4,4,444,Champions
18094,82,7,3017.3,4,1,1,411,Needs Attention
18017,82,3,523.0,4,3,3,433,Loyal
17848,82,9,901.2,4,1,3,413,Needs Attention
17058,82,3,1179.89,4,3,2,432,Potential Loyal
16370,83,4,1320.56,4,2,2,422,Potential Loyal
13067,83,1,115.46,4,4,5,445,Champions
15947,83,1,1708.24,4,4,2,442,Potential Loyal
13334,83,3,3536.82,4,2,1,421,Needs Attention
18194,83,1,973.84,4,4,2,442,Potential Loyal
17802,83,3,1285.04,4,3,2,432,Potential Loyal
15523,85,1,412.01,4,5,4,454,Champions
13563,85,2,777.53,4,3,3,433,Loyal
16878,85,1,13.3,4,5,5,455,Champions
12434,85,2,806.14,4,3,3,433,Loyal
15099,85,1,410.48,4,5,4,454,Champions
12871,85,2,380.64,4,3,4,434,Loyal
15410,85,8,3450.84,4,1,1,411,Needs Attention
16108,85,1,842.5,4,5,3,453,Loyal
16709,85,5,3029.87,4,2,1,421,Needs Attention
14124,85,1,419.58,4,5,4,454,Champions
13141,85,5,2388.75,4,2,1,421,Needs Attention
16573,85,2,663.61,4,3,3,433,Loyal
15975,85,1,371.01,4,4,4,444,Champions
14894,86,1,655.75,4,5,3,453,Loyal
17333,86,1,494.25,4,5,3,453,Loyal
13539,86,3,631.34,4,3,3,433,Loyal
12722,86,4,997.63,4,2,2,422,Potential Loyal
17594,86,2,993.18,4,3,2,432,Potential Loyal
17786,86,2,278.74,4,4,4,444,Champions
15322,86,1,679.68,4,5,3,453,Loyal
15417,86,1,508.8,4,5,3,453,Loyal
17898,86,2,152.06,4,4,5,445,Champions
14557,86,1,788.38,4,5,3,453,Loyal
17047,86,3,1100.9,4,2,2,422,Potential Loyal
13662,86,3,897.76,4,3,3,433,Loyal
13518,86,1,659.44,4,5,3,453,Loyal
17002,86,3,1493.73,4,3,2,432,Potential Loyal
12995,86,1,211.32,4,5,5,455,Champions
15466,86,1,334.53,4,4,4,444,Champions
13134,86,4,1793.58,4,2,2,422,Potential Loyal
15205,86,2,653.24,4,3,3,433,Loyal
17846,86,1,2033.1,4,5,2,452,Potential Loyal
17640,87,1,621.66,4,5,3,453,Loyal
17033,87,3,1030.14,4,2,2,422,Potential Loyal
18173,87,4,2106.84,4,2,1,421,Needs Attention
13877,87,1,117.24,4,4,5,445,Champions
14177,87,4,559.41,4,2,3,423,Potential Loyal
14660,87,2,285.74,4,4,4,444,Champions
16745,87,17,7194.3,4,1,1,411,Needs Attention
12756,87,1,112.08,4,4,5,445,Champions
17347,87,1,228.96,4,5,5,455,Champions
12566,87,1,351.65,4,4,4,444,Champions
16959,88,1,117.35,4,4,5,445,Champions
16036,88,2,758.92,4,3,3,433,Loyal
16098,88,7,2005.63,4,1,2,412,Needs Attention
16229,88,2,1010.6,4,3,2,432,Potential Loyal
14753,88,1,563.15,4,5,3,453,Loyal
15201,88,5,1236.54,4,2,2,422,Potential Loyal
14163,88,4,2445.91,4,2,1,421,Needs Attention
16451,88,1,266.97,4,4,4,444,Champions
18251,88,1,4314.72,4,4,1,441,Needs Attention
15216,88,1,96.6,4,4,5,445,Champions
15343,88,1,364.5,4,4,4,444,Champions
17037,88,1,1267.32,4,4,2,442,Potential Loyal
16475,89,4,544.3,4,2,3,423,Potential Loyal
15980,89,3,2398.86,4,2,1,421,Needs Attention
14307,89,6,2995.72,4,1,1,411,Needs Attention
16209,89,5,2262.62,4,2,1,421,Needs Attention
16211,89,1,547.02,4,5,3,453,Loyal
16141,89,1,620.4,4,5,3,453,Loyal
12924,89,4,933.7,4,2,3,423,Potential Loyal
13375,89,1,778.65,4,5,3,453,Loyal
14500,89,3,356.85,4,2,4,424,Potential Loyal
16984,89,2,4481.35,4,3,1,431,Needs Attention
15996,89,6,1060.68,4,1,2,412,Needs Attention
17919,89,1,1304.04,4,4,2,442,Potential Loyal
12884,89,1,309.05,4,4,4,444,Champions
15673,89,4,2881.02,4,2,1,421,Needs Attention
15764,89,6,3279.97,4,1,1,411,Needs Attention
17433,89,1,303.16,4,4,4,444,Champions
12965,90,1,771.91,4,5,3,453,Loyal
16384,90,2,584.5,4,3,3,433,Loyal
18215,90,1,299.34,4,4,4,444,Champions
15939,90,15,6115.01,4,1,1,411,Needs Attention
13372,90,1,378.64,4,4,4,444,Champions
15035,90,1,252.73,4,4,4,444,Champions
12635,90,2,1689.18,4,3,2,432,Potential Loyal
13124,90,3,3866.33,4,2,1,421,Needs Attention
13611,90,3,1171.8,4,3,2,432,Potential Loyal
16796,90,1,305.62,4,4,4,444,Champions
14212,90,1,1070.48,4,4,2,442,Potential Loyal
15636,90,2,724.76,4,3,3,433,Loyal
14837,90,4,1649.5,4,2,2,422,Potential Loyal
18255,90,1,103.3,4,4,5,445,Champions
16027,92,6,934.62,4,1,3,413,Needs Attention
15652,92,1,337.74,4,4,4,444,Champions
12535,92,2,716.35,4,3,3,433,Loyal
14628,92,2,671.96,4,3,3,433,Loyal
13441,92,1,296.64,4,4,4,444,Champions
14414,92,7,1496.98,4,1,2,412,Needs Attention
14915,92,2,307.48,4,4,4,444,Champions
16723,92,2,589.15,4,3,3,433,Loyal
15198,93,2,193.64,4,4,5,445,Champions
14223,93,3,991.13,4,2,2,422,Potential Loyal
15488,93,1,91.32,4,4,5,445,Champions
18222,93,1,443.0,4,5,4,454,Champions
13925,93,4,678.25,4,2,3,423,Potential Loyal
12592,93,2,437.6,4,3,4,434,Loyal
15653,93,2,877.44,4,3,3,433,Loyal
15885,93,3,379.35,4,2,4,424,Potential Loyal
13330,93,3,1140.93,4,3,2,432,Potential Loyal
16031,93,2,548.94,4,3,3,433,Loyal
13848,93,3,1255.0,4,3,2,432,Potential Loyal
13814,93,2,1579.12,4,3,2,432,Potential Loyal
13244,93,1,121.74,4,4,5,445,Champions
13249,93,3,711.41,4,2,3,423,Potential Loyal
15400,93,5,716.2,4,2,3,423,Potential Loyal
13889,93,1,416.9,4,5,4,454,Champions
14410,93,9,1105.07,4,1,2,412,Needs Attention
16828,94,2,128.5,4,4,5,445,Champions
18093,94,4,2106.52,4,2,1,421,Needs Attention
13210,94,1,353.48,4,4,4,444,Champions
15071,94,2,982.07,4,3,2,432,Potential Loyal
17460,95,6,622.43,4,1,3,413,Needs Attention
13158,95,4,1201.06,4,2,2,422,Potential Loyal
16175,95,4,1037.59,4,2,2,422,Potential Loyal
17560,95,4,854.95,4,2,3,423,Potential Loyal
17339,95,2,243.36,4,4,5,445,Champions
13130,95,1,64.0,4,5,5,455,Champions
16400,95,1,303.93,4,4,4,444,Champions
14208,95,1,151.74,4,5,5,455,Champions
15462,95,3,234.6,4,2,5,425,Potential Loyal
13122,95,2,922.39,4,3,3,433,Loyal
12461,95,2,826.88,4,3,3,433,Loyal
12616,96,2,713.3,4,3,3,433,Loyal
13744,96,2,1156.36,4,3,2,432,Potential Loyal
13931,96,2,1237.53,4,3,2,432,Potential Loyal
13851,96,3,2651.46,4,2,1,421,Needs Attention
12422,96,3,803.56,4,2,3,423,Potential Loyal
15307,96,1,205.3,4,5,5,455,Champions
12816,96,2,572.2,4,3,3,433,Loyal
12502,96,5,3723.87,4,2,1,421,Needs Attention
13748,96,5,948.25,4,2,2,422,Potential Loyal
16172,96,5,1140.21,4,2,2,422,Potential Loyal
14565,96,4,3099.12,4,2,1,421,Needs Attention
17309,96,1,82.75,4,5,5,455,Champions
15491,96,6,3100.09,4,1,1,411,Needs Attention
16820,96,1,497.61,4,5,3,453,Loyal
18196,96,2,689.13,4,3,3,433,Loyal
16551,96,3,922.12,4,3,3,433,Loyal
15364,96,2,913.19,4,3,3,433,Loyal
13192,96,2,911.94,4,3,3,433,Loyal
13240,97,4,663.65,4,2,3,423,Potential Loyal
17050,97,6,3228.84,4,1,1,411,Needs Attention
17722,97,4,2424.04,4,2,1,421,Needs Attention
13548,97,2,682.41,4,3,3,433,Loyal
12710,97,3,1149.02,4,3,2,432,Potential Loyal
16761,97,1,316.62,4,4,4,444,Champions
12851,97,1,135.18,4,5,5,455,Champions
17229,97,2,318.76,4,4,4,444,Champions
14965,97,2,599.0,4,3,3,433,Loyal
17774,97,4,1225.41,4,2,2,422,Potential Loyal
18027,99,1,115.31,4,4,5,445,Champions
18087,99,2,4055.72,4,3,1,431,Needs Attention
14463,99,3,529.62,4,3,3,433,Loyal
14436,99,1,89.06,4,4,5,445,Champions
14171,99,1,363.79,4,4,4,444,Champions
14276,99,3,1119.74,4,2,2,422,Potential Loyal
12436,100,1,509.01,4,5,3,453,Loyal
13376,100,3,1019.76,4,2,2,422,Potential Loyal
13099,100,1,207.36,4,5,5,455,Champions
16456,100,5,2158.37,4,2,1,421,Needs Attention
15829,100,2,636.14,4,3,3,433,Loyal
13631,100,11,3070.42,4,1,1,411,Needs Attention
14420,100,1,387.52,4,4,4,444,Champions
13470,100,2,165.0,4,4,5,445,Champions
13045,100,1,305.28,4,4,4,444,Champions
16808,100,2,288.42,4,4,4,444,Champions
15596,101,5,1406.59,4,2,2,422,Potential Loyal
16180,101,8,10254.18,4,1,1,411,Needs Attention
14513,101,3,455.59,4,2,4,424,Potential Loyal
17588,101,3,1240.2,4,3,2,432,Potential Loyal
16780,101,2,425.19,4,3,4,434,Loyal
16278,101,1,566.38,4,5,3,453,Loyal
16083,101,2,1317.62,4,3,2,432,Potential Loyal
15260,101,7,1810.77,4,1,2,412,Needs Attention
16842,101,3,1264.19,4,3,2,432,Potential Loyal
17320,101,3,1200.62,4,3,2,432,Potential Loyal
14078,102,6,1049.37,4,1,2,412,Needs Attention
15866,102,1,230.53,4,5,5,455,Champions
17298,102,2,498.42,4,3,3,433,Loyal
12814,102,1,125.92,4,4,5,445,Champions
15095,104,4,1370.6,4,2,2,422,Potential Loyal
15325,104,1,162.29,4,5,5,455,Champions
16806,104,4,801.49,4,2,3,423,Potential Loyal
15625,104,4,1534.26,4,2,2,422,Potential Loyal
14472,104,8,1936.84,4,1,2,412,Needs Attention
13301,104,4,618.09,4,2,3,423,Potential Loyal
15569,104,5,1375.71,4,2,2,422,Potential Loyal
16816,104,4,417.06,4,2,4,424,Potential Loyal
13778,104,1,178.7,4,5,5,455,Champions
15074,106,1,748.87,4,5,3,453,Loyal
16641,106,1,231.1,4,5,5,455,Champions
15641,106,4,1887.2,4,2,2,422,Potential Loyal
13003,106,3,149.05,4,2,5,425,Potential Loyal
14210,106,6,1905.84,4,1,2,412,Needs Attention
17146,106,3,749.78,4,3,3,433,Loyal
13489,106,4,449.52,4,2,4,424,Potential Loyal
14687,107,1,628.38,4,5,3,453,Loyal
14314,107,1,120.0,4,4,5,445,Champions
12624,107,2,641.13,4,3,3,433,Loyal
16093,107,1,17.0,4,4,5,445,Champions
16503,107,4,1431.93,4,2,2,422,Potential Loyal
16429,107,1,284.55,4,4,4,444,Champions
17189,107,2,384.4,4,3,4,434,Loyal
15263,107,1,156.51,4,5,5,455,Champions
14055,107,1,725.64,4,5,3,453,Loyal
18200,107,1,163.8,4,5,5,455,Champions
15663,107,1,138.14,4,5,5,455,Champions
13000,107,3,534.85,4,3,3,433,Loyal
12715,107,1,353.86,4,4,4,444,Champions
17844,107,1,51.56,4,5,5,455,Champions
16309,107,2,706.57,4,3,3,433,Loyal
17134,107,2,425.0,4,3,4,434,Loyal
14196,107,1,335.52,4,4,4,444,Champions
17869,108,5,428.18,4,2,4,424,Potential Loyal
15812,108,5,1801.14,4,2,2,422,Potential Loyal
16340,108,1,549.07,4,5,3,453,Loyal
15800,108,2,699.08,4,3,3,433,Loyal
17268,108,4,763.64,4,2,3,423,Potential Loyal
12649,108,3,623.51,4,3,3,433,Loyal
14973,108,3,1314.45,4,3,2,432,Potential Loyal
13411,108,1,213.55,4,5,5,455,Champions
14875,108,2,1465.32,4,3,2,432,Potential Loyal
14407,108,6,2157.73,4,1,1,411,Needs Attention
17256,108,2,240.0,4,4,5,445,Champions
14930,109,3,2372.86,4,2,1,421,Needs Attention
13140,109,3,423.72,4,3,4,434,Loyal
13593,109,5,2037.08,4,2,2,422,Potential Loyal
17242,109,2,1135.04,4,3,2,432,Potential Loyal
14364,109,8,3717.35,4,1,1,411,Needs Attention
14523,109,1,241.09,4,5,5,455,Champions
12593,109,3,418.1,4,3,4,434,Loyal
13425,109,3,1624.21,4,3,2,432,Potential Loyal
16550,109,5,2298.97,4,2,1,421,Needs Attention
18018,109,2,122.14,4,4,5,445,Champions
13933,110,2,608.79,4,3,3,433,Loyal
17083,110,3,1405.78,4,3,2,432,Potential Loyal
12363,110,2,552.0,4,3,3,433,Loyal
16952,110,2,167.61,4,4,5,445,Champions
14265,110,2,530.18,4,3,3,433,Loyal
17585,110,4,1133.07,4,2,2,422,Potential Loyal
14045,110,4,1659.75,4,2,2,422,Potential Loyal
14566,111,1,1432.0,4,4,2,442,Potential Loyal
14224,111,4,1050.12,4,2,2,422,Potential Loyal
14460,111,3,434.34,4,3,4,434,Loyal
14013,111,3,473.02,4,2,4,424,Potential Loyal
15313,111,1,52.0,4,5,5,455,Champions
17029,111,2,716.0,4,3,3,433,Loyal
16536,111,1,548.97,4,5,3,453,Loyal
14246,111,3,1474.06,4,3,2,432,Potential Loyal
16419,113,6,972.23,4,1,2,412,Needs Attention
12418,113,1,668.58,4,5,3,453,Loyal
14772,113,1,139.26,4,5,5,455,Champions
15396,113,1,288.18,4,4,4,444,Champions
14745,113,5,1220.26,4,2,2,422,Potential Loyal
15938,113,5,404.58,4,2,4,424,Potential Loyal
17747,113,1,71.4,4,5,5,455,Champions
12513,113,1,612.29,4,5,3,453,Loyal
13242,113,3,270.4,4,3,4,434,Loyal
12968,113,1,135.95,4,5,5,455,Champions
12688,114,1,4873.81,4,5,1,451,Needs Attention
17742,114,2,355.11,4,4,4,444,Champions
15472,114,1,371.56,4,4,4,444,Champions
16582,114,1,313.62,4,4,4,444,Champions
17045,114,3,339.44,4,3,4,434,Loyal
15797,114,4,2207.4,4,2,1,421,Needs Attention
15232,114,2,612.06,4,3,3,433,Loyal
13027,114,6,6912.0,4,1,1,411,Needs Attention
13273,114,1,138.98,4,5,5,455,Champions
12729,114,1,453.01,4,5,4,454,Champions
15734,115,2,1339.45,4,3,2,432,Potential Loyal
15541,115,1,85.13,4,4,5,445,Champions
13655,115,2,932.97,4,3,3,433,Loyal
14323,115,2,605.06,4,3,3,433,Loyal
17398,115,3,653.38,4,3,3,433,Loyal
17070,115,1,312.14,4,4,4,444,Champions
16755,115,3,1496.83,4,3,2,432,Potential Loyal
16092,115,3,817.86,4,3,3,433,Loyal
18073,115,12,3877.52,4,1,1,411,Needs Attention
15122,115,3,1633.78,4,3,2,432,Potential Loyal
14006,116,3,962.19,4,2,2,422,Potential Loyal
15002,116,4,1641.76,4,2,2,422,Potential Loyal
16927,116,3,543.05,4,3,3,433,Loyal
15768,116,3,621.83,4,3,3,433,Loyal
12641,116,1,185.9,4,5,5,455,Champions
14918,116,2,1610.15,4,3,2,432,Potential Loyal
13621,117,1,213.85,4,5,5,455,Champions
15480,117,1,905.5,4,5,3,453,Loyal
12758,117,2,2791.59,4,3,1,431,Needs Attention
18143,117,2,1000.16,4,3,2,432,Potential Loyal
17958,117,1,508.46,4,5,3,453,Loyal
16272,117,1,411.7,4,5,4,454,Champions
17252,117,2,353.86,4,4,4,444,Champions
16902,117,1,1706.88,4,4,2,442,Potential Loyal
16961,117,1,234.17,4,5,5,455,Champions
15624,117,4,588.13,4,2,3,423,Potential Loyal
13720,117,4,799.9,4,2,3,423,Potential Loyal
13799,117,2,688.86,4,3,3,433,Loyal
15683,118,1,193.75,4,5,5,455,Champions
17048,118,3,925.35,4,3,3,433,Loyal
14301,118,1,640.14,4,5,3,453,Loyal
13888,120,2,605.63,4,3,3,433,Loyal
15689,120,2,254.1,4,4,4,444,Champions
16317,120,3,1341.65,4,3,2,432,Potential Loyal
17642,120,2,712.29,4,3,3,433,Loyal
16045,120,4,1340.7,4,2,2,422,Potential Loyal
17122,120,1,138.32,4,5,5,455,Champions
14855,120,2,645.65,4,3,3,433,Loyal
12399,120,4,1108.65,4,2,2,422,Potential Loyal
14406,120,1,156.75,4,5,5,455,Champions
13873,120,3,389.6,4,3,4,434,Loyal
15192,120,3,1044.32,4,2,2,422,Potential Loyal
15581,121,13,3679.97,4,1,1,411,Needs Attention
13307,121,1,15.0,4,4,5,445,Champions
13645,121,1,252.1,4,4,4,444,Champions
17248,121,1,318.65,4,4,4,444,Champions
14346,121,2,1021.58,4,3,2,432,Potential Loyal
17994,122,4,678.49,4,2,3,423,Potential Loyal
14024,122,2,327.7,4,4,4,444,Champions
16292,122,1,302.25,4,4,4,444,Champions
13217,123,3,533.98,4,3,3,433,Loyal
18248,123,2,804.02,4,3,3,433,Loyal
15247,123,1,356.0,4,4,4,444,Champions
13280,123,3,814.86,4,2,3,423,Potential Loyal
14127,123,3,709.71,4,2,3,423,Potential Loyal
13355,123,1,674.7,4,5,3,453,Loyal
13162,123,4,1688.29,4,2,2,422,Potential Loyal
13869,124,4,3104.95,4,2,1,421,Needs Attention
17085,124,5,1566.65,4,2,2,422,Potential Loyal
17331,124,1,175.2,4,5,5,455,Champions
15985,124,2,1142.42,4,3,2,432,Potential Loyal
16788,124,2,597.48,4,3,3,433,Loyal
13752,125,6,1186.28,4,1,2,412,Needs Attention
14079,125,1,375.1,4,4,4,444,Champions
14053,125,2,260.25,4,4,4,444,Champions
14331,125,2,462.66,4,3,4,434,Loyal
13248,125,2,465.68,4,3,4,434,Loyal
17457,127,5,1737.7,4,2,2,422,Potential Loyal
13082,127,9,3613.63,4,1,1,411,Needs Attention
16174,127,3,1009.55,4,2,2,422,Potential Loyal
17400,127,5,2129.96,4,2,1,421,Needs Attention
16302,127,1,233.22,4,5,5,455,Champions
13513,127,1,205.1,4,5,5,455,Champions
14344,128,8,889.93,4,1,3,413,Needs Attention
17723,128,6,3276.4,4,1,1,411,Needs Attention
15133,128,3,982.42,4,2,2,422,Potential Loyal
18099,128,1,168.31,4,5,5,455,Champions
14778,128,2,730.86,4,3,3,433,Loyal
17267,128,2,317.62,4,4,4,444,Champions
15254,128,1,300.36,4,4,4,444,Champions
13791,128,2,1516.0,4,3,2,432,Potential Loyal
17692,128,4,740.94,4,2,3,423,Potential Loyal
12693,128,4,855.91,4,2,3,423,Potential Loyal
13218,128,1,62.64,4,5,5,455,Champions
13402,128,2,621.23,4,3,3,433,Loyal
16572,128,3,1009.6,4,2,2,422,Potential Loyal
12750,129,1,275.88,4,4,4,444,Champions
17429,129,3,524.92,4,3,3,433,Loyal
12643,129,6,3344.64,4,1,1,411,Needs Attention
16835,129,2,180.85,4,4,5,445,Champions
16324,129,3,428.68,4,3,4,434,Loyal
12917,129,1,594.0,4,5,3,453,Loyal
15374,129,1,168.0,4,5,5,455,Champions
17514,129,1,208.65,4,5,5,455,Champions
14972,129,1,114.77,4,4,5,445,Champions
18178,129,4,1590.81,4,2,2,422,Potential Loyal
12378,130,1,4008.62,4,4,1,441,Needs Attention
17353,130,2,1740.0,4,3,2,432,Potential Loyal
12644,130,1,477.91,4,5,4,454,Champions
14133,130,3,605.64,4,2,3,423,Potential Loyal
15342,130,1,406.09,4,5,4,454,Champions
13850,130,1,1595.48,4,4,2,442,Potential Loyal
13075,130,1,919.61,4,4,3,443,Loyal
17887,130,1,111.35,4,4,5,445,Champions
17553,130,1,1487.6,4,4,2,442,Potential Loyal
14076,130,1,122.47,4,4,5,445,Champions
17053,131,1,498.48,4,5,3,453,Loyal
17941,131,1,304.56,4,4,4,444,Champions
17615,131,3,329.6,4,3,4,434,Loyal
14403,131,4,1475.81,4,2,2,422,Potential Loyal
17282,131,3,1703.41,4,2,2,422,Potential Loyal
12534,131,1,1089.18,4,4,2,442,Potential Loyal
12942,132,3,683.9,4,3,3,433,Loyal
15438,132,1,156.58,4,5,5,455,Champions
17695,132,2,765.34,4,3,3,433,Loyal
14885,132,1,765.32,4,5,3,453,Loyal
13722,132,3,2375.41,4,2,1,421,Needs Attention
13388,132,2,677.1,4,3,3,433,Loyal
15120,134,1,358.82,4,4,4,444,Champions
13106,134,1,76.5,4,5,5,455,Champions
15942,134,1,337.44,4,4,4,444,Champions
13414,134,3,1390.5,4,3,2,432,Potential Loyal
18064,134,2,814.0,4,3,3,433,Loyal
15149,134,1,520.8,4,5,3,453,Loyal
17926,134,2,397.29,4,3,4,434,Loyal
14143,134,1,115.8,4,4,5,445,Champions
16147,134,1,375.0,4,4,4,444,Champions
15776,134,1,241.62,4,5,5,455,Champions
16951,135,3,1277.75,4,3,2,432,Potential Loyal
12507,135,3,1304.81,4,3,2,432,Potential Loyal
15245,135,3,2515.84,4,2,1,421,Needs Attention
15118,135,1,244.8,4,5,5,455,Champions
17931,135,2,408.36,4,3,4,434,Loyal
15639,135,1,425.32,4,5,4,454,Champions
14002,135,2,529.73,4,3,3,433,Loyal
15746,135,1,196.88,4,5,5,455,Champions
18268,135,1,25.5,4,4,5,445,Champions
12853,135,6,1957.1,4,1,2,412,Needs Attention
12743,135,2,546.43,4,3,3,433,Loyal
12453,135,1,707.09,4,5,3,453,Loyal
18151,135,2,653.35,4,3,3,433,Loyal
13730,136,2,752.6,4,3,3,433,Loyal
13194,136,1,60.7,4,5,5,455,Champions
16447,136,1,259.01,4,4,4,444,Champions
15261,136,1,254.82,4,4,4,444,Champions
16696,136,4,657.9,4,2,3,423,Potential Loyal
13492,137,3,1269.84,4,3,2,432,Potential Loyal
15855,137,5,712.24,4,2,3,423,Potential Loyal
13296,138,1,87.4,4,4,5,445,Champions
17040,138,1,449.73,4,5,4,454,Champions
14692,138,4,591.55,4,2,3,423,Potential Loyal
17693,138,1,200.47,4,5,5,455,Champions
15372,138,1,2007.4,4,5,2,452,Potential Loyal
14100,138,1,194.9,4,5,5,455,Champions
12916,139,4,3006.15,4,2,1,421,Needs Attention
13116,139,1,501.14,4,5,3,453,Loyal
12763,139,2,494.08,4,3,3,433,Loyal
13037,139,3,881.07,4,3,3,433,Loyal
12864,139,1,147.12,4,5,5,455,Champions
16305,139,1,361.22,4,4,4,444,Champions
17265,139,2,562.9,4,3,3,433,Loyal
16948,139,3,435.02,4,2,4,424,Potential Loyal
13802,139,3,4599.42,4,3,1,431,Needs Attention
17935,139,2,145.79,4,4,5,445,Champions
17312,139,3,644.3,4,3,3,433,Loyal
16178,139,1,197.9,4,5,5,455,Champions
17649,139,1,868.49,4,5,3,453,Loyal
18262,141,1,149.48,4,5,5,455,Champions
18146,141,2,160.35,4,4,5,445,Champions
15704,141,4,2293.62,4,2,1,421,Needs Attention
16866,141,3,207.74,4,2,5,425,Potential Loyal
14259,142,1,120.0,4,4,5,445,Champions
15108,142,4,1300.25,4,2,2,422,Potential Loyal
17660,142,1,196.0,4,5,5,455,Champions
16654,142,4,601.27,4,2,3,423,Potential Loyal
15623,142,1,301.03,4,4,4,444,Champions
17694,142,1,283.12,4,4,4,444,Champions
16807,143,3,1121.59,4,2,2,422,Potential Loyal
15802,143,1,451.42,4,5,4,454,Champions
12521,143,1,599.68,4,5,3,453,Loyal
12510,143,2,982.57,4,3,2,432,Potential Loyal
17962,143,1,102.83,4,4,5,445,Champions
17866,143,1,329.65,4,4,4,444,Champions
12947,144,6,1603.99,4,1,2,412,Needs Attention
15713,144,2,356.7,4,4,4,444,Champions
16112,144,4,195.74,4,2,5,425,Potential Loyal
12875,144,2,343.23,4,4,4,444,Champions
14117,144,1,90.0,4,4,5,445,Champions
12840,144,4,2726.77,4,2,1,421,Needs Attention
16859,145,2,747.81,4,3,3,433,Loyal
14758,145,4,1484.06,4,2,2,422,Potential Loyal
13821,145,2,385.64,4,3,4,434,Loyal
13564,145,3,1749.02,4,2,2,422,Potential Loyal
16054,146,1,783.9,4,5,3,453,Loyal
12833,146,1,417.38,4,5,4,454,Champions
17984,146,1,152.68,4,5,5,455,Champions
13967,146,1,80.7,4,5,5,455,Champions
15716,146,4,1118.81,4,2,2,422,Potential Loyal
17948,148,1,358.56,4,4,4,444,Champions
15004,148,1,1246.32,4,4,2,442,Potential Loyal
14722,148,1,187.92,4,5,5,455,Champions
12815,148,2,1063.46,4,3,2,432,Potential Loyal
14958,148,3,499.68,4,3,3,433,Loyal
17444,148,3,2940.04,4,2,1,421,Needs Attention
14891,149,2,554.38,4,3,3,433,Loyal
17259,149,2,603.37,4,3,3,433,Loyal
14847,149,1,309.4,4,4,4,444,Champions
12915,149,2,363.65,4,3,4,434,Loyal
12405,149,1,1710.39,4,4,2,442,Potential Loyal
15256,149,1,98.45,4,4,5,445,Champions
12653,149,2,2209.85,4,3,1,431,Needs Attention
15402,149,2,626.77,4,3,3,433,Loyal
14461,149,3,2103.06,4,2,1,421,Needs Attention
13667,150,1,305.02,4,4,4,444,Champions
15895,150,1,179.17,4,5,5,455,Champions
16450,150,1,311.92,4,4,4,444,Champions
15795,150,1,610.01,4,5,3,453,Loyal
18121,150,2,673.1,4,3,3,433,Loyal
16998,150,4,295.0,4,2,4,424,Potential Loyal
14400,150,1,574.7,4,5,3,453,Loyal
13420,150,2,159.85,4,4,5,445,Champions
12669,151,3,2744.03,4,2,1,421,Needs Attention
14548,151,2,652.8,4,3,3,433,Loyal
13675,152,2,486.82,4,3,4,434,Loyal
17337,152,4,2027.87,4,2,2,422,Potential Loyal
15045,152,2,735.66,4,3,3,433,Loyal
12717,152,2,1030.98,4,3,2,432,Potential Loyal
14552,152,1,165.07,4,5,5,455,Champions
13754,152,2,282.6,4,4,4,444,Champions
15577,152,3,258.88,4,2,4,424,Potential Loyal
13678,152,1,232.6,4,5,5,455,Champions
15265,152,2,1506.12,4,3,2,432,Potential Loyal
18024,153,2,389.78,4,3,4,434,Loyal
17787,153,4,1865.19,4,2,2,422,Potential Loyal
17126,153,5,1004.75,4,2,2,422,Potential Loyal
16398,155,2,1705.8,4,3,2,432,Potential Loyal
12648,155,1,318.05,4,4,4,444,Champions
13955,155,2,322.96,4,4,4,444,Champions
14104,155,2,216.21,4,4,5,445,Champions
18037,155,6,70.02,4,1,5,415,Needs Attention
16091,155,2,315.06,4,4,4,444,Champions
15920,155,4,167.5,4,2,5,425,Potential Loyal
15182,155,2,622.85,4,3,3,433,Loyal
14264,155,2,333.97,4,4,4,444,Champions
14021,156,3,631.9,4,3,3,433,Loyal
13302,156,1,63.75,4,5,5,455,Champions
13291,156,1,361.11,4,4,4,444,Champions
13583,156,1,781.03,4,5,3,453,Loyal
15512,156,2,121.0,4,4,5,445,Champions
18013,156,2,187.29,4,4,5,445,Champions
13699,156,1,308.58,4,4,4,444,Champions
14459,156,1,1837.92,4,5,2,452,Potential Loyal
15889,157,2,446.87,4,3,4,434,Loyal
17341,157,3,781.36,4,3,3,433,Loyal
16919,157,11,2596.45,4,1,1,411,Needs Attention
16829,157,1,197.22,4,5,5,455,Champions
14645,157,2,597.09,4,3,3,433,Loyal
17440,157,3,186.42,4,2,5,425,Potential Loyal
15334,157,3,351.67,4,2,4,424,Potential Loyal
13253,157,2,1030.4,4,3,2,432,Potential Loyal
12977,157,1,39.24,4,5,5,455,Champions
12450,157,2,197.88,4,4,5,445,Champions
13085,158,2,416.08,4,3,4,434,Loyal
13338,158,1,487.02,4,5,4,454,Champions
18203,158,1,160.42,4,5,5,455,Champions
16146,158,3,734.13,4,3,3,433,Loyal
17046,158,1,642.02,4,5,3,453,Loyal
15646,158,3,447.64,4,3,4,434,Loyal
14352,158,4,1078.96,4,2,2,422,Potential Loyal
14905,158,2,616.15,4,3,3,433,Loyal
18142,158,2,1019.52,4,3,2,432,Potential Loyal
12980,158,9,7374.9,4,1,1,411,Needs Attention
16338,158,1,214.8,4,5,5,455,Champions
17464,159,1,289.96,4,4,4,444,Champions
16344,159,1,101.1,4,4,5,445,Champions
17765,159,3,371.88,4,2,4,424,Potential Loyal
15349,159,2,473.81,4,3,4,434,Loyal
17105,160,2,665.78,4,3,3,433,Loyal
15007,160,1,156.91,4,5,5,455,Champions
17939,160,1,99.14,4,4,5,445,Champions
13833,160,1,384.8,4,4,4,444,Champions
17899,160,1,155.8,4,5,5,455,Champions
17781,160,2,188.02,4,4,5,445,Champions
14338,162,2,588.22,4,3,3,433,Loyal
15483,162,4,233.81,4,2,5,425,Potential Loyal
17123,162,1,345.3,4,4,4,444,Champions
14016,162,4,4341.21,4,2,1,421,Needs Attention
12922,162,1,405.38,4,5,4,454,Champions
17505,162,2,1145.84,4,3,2,432,Potential Loyal
16498,162,2,100.97,4,4,5,445,Champions
13745,163,1,300.04,4,4,4,444,Champions
15578,163,1,127.1,4,5,5,455,Champions
14267,163,3,1516.24,4,3,2,432,Potential Loyal
12424,163,2,1760.96,4,3,2,432,Potential Loyal
14803,163,3,845.55,4,3,3,433,Loyal
17891,163,1,203.86,4,5,5,455,Champions
14327,164,1,311.65,4,4,4,444,Champions
17408,164,1,32.65,4,4,5,445,Champions
16801,164,4,1619.73,4,2,2,422,Potential Loyal
17391,164,2,508.8,4,3,3,433,Loyal
16553,164,12,5719.82,4,1,1,411,Needs Attention
15537,164,1,110.92,4,4,5,445,Champions
14351,165,1,51.0,4,5,5,455,Champions
16545,165,1,339.3,4,4,4,444,Champions
13656,165,2,379.65,4,3,4,434,Loyal
15146,165,2,1327.16,4,3,2,432,Potential Loyal
16473,165,3,316.11,4,3,4,434,Loyal
14481,165,2,636.51,4,3,3,433,Loyal
17980,166,3,811.45,4,2,3,423,Potential Loyal
17110,166,1,163.3,4,5,5,455,Champions
13453,166,2,356.98,4,4,4,444,Champions
15976,166,2,430.94,4,3,4,434,Loyal
12493,166,2,433.74,4,3,4,434,Loyal
18193,166,1,243.76,4,5,5,455,Champions
17969,167,2,228.2,4,4,5,445,Champions
14795,167,1,131.45,4,5,5,455,Champions
15644,167,4,813.0,4,2,3,423,Potential Loyal
12548,167,1,95.2,4,4,5,445,Champions
15665,169,2,2242.01,4,3,1,431,Needs Attention
13856,169,3,388.5,4,3,4,434,Loyal
17704,169,2,885.19,4,3,3,433,Loyal
15258,169,2,623.16,4,3,3,433,Loyal
14656,170,2,291.05,4,4,4,444,Champions
13937,170,1,158.85,4,5,5,455,Champions
14584,170,4,1042.26,4,2,2,422,Potential Loyal
15384,170,2,642.41,4,3,3,433,Loyal
13300,170,1,371.89,4,4,4,444,Champions
16647,170,2,214.06,4,4,5,445,Champions
13929,170,2,842.65,4,3,3,433,Loyal
15379,170,7,3703.29,4,1,1,411,Needs Attention
16287,170,1,142.5,4,5,5,455,Champions
15130,170,1,330.11,4,4,4,444,Champions
17709,170,1,137.45,4,5,5,455,Champions
17630,170,2,503.6,4,3,3,433,Loyal
16247,171,1,114.56,4,4,5,445,Champions
15041,171,1,180.35,4,5,5,455,Champions
16114,171,1,135.75,4,5,5,455,Champions
16214,171,3,1062.75,4,2,2,422,Potential Loyal
14643,171,2,693.81,4,3,3,433,Loyal
17877,171,1,237.61,4,5,5,455,Champions
14998,171,2,429.87,4,3,4,434,Loyal
15507,172,1,492.36,4,5,3,453,Loyal
16526,172,1,290.36,4,4,4,444,Champions
15412,172,1,190.53,4,5,5,455,Champions
17960,172,1,73.78,4,5,5,455,Champions
15076,173,1,880.85,4,5,3,453,Loyal
15016,173,1,170.04,4,5,5,455,Champions
15280,173,1,113.12,4,4,5,445,Champions
16320,173,2,1038.46,4,3,2,432,Potential Loyal
15700,173,2,696.68,4,3,3,433,Loyal
15825,173,1,532.94,4,5,3,453,Loyal
18260,173,6,2643.2,4,1,1,411,Needs Attention
15921,173,1,336.03,4,4,4,444,Champions
17897,173,3,566.6,4,2,3,423,Potential Loyal
15389,173,1,500.0,4,5,3,453,Loyal
12837,174,1,134.1,4,5,5,455,Champions
14162,174,2,289.36,4,4,4,444,Champions
16050,174,1,137.9,4,5,5,455,Champions
13005,174,2,513.7,4,3,3,433,Loyal
16484,174,2,404.3,4,3,4,434,Loyal
17616,174,3,571.2,4,2,3,423,Potential Loyal
15535,174,4,536.4,4,2,3,423,Potential Loyal
13618,174,1,177.34,4,5,5,455,Champions
17879,174,1,178.52,4,5,5,455,Champions
18062,174,3,720.52,4,3,3,433,Loyal
15909,174,1,191.94,4,5,5,455,Champions
13568,174,1,192.85,4,5,5,455,Champions
16805,174,2,460.59,4,3,4,434,Loyal
14491,176,2,340.93,4,4,4,444,Champions
17204,176,4,1564.56,4,2,2,422,Potential Loyal
18168,177,6,1169.94,4,1,2,412,Needs Attention
14037,177,2,147.2,4,4,5,445,Champions
15219,177,1,305.75,4,4,4,444,Champions
17446,177,2,120.9,4,4,5,445,Champions
15585,177,1,455.3,4,5,4,454,Champions
13951,177,3,674.45,4,3,3,433,Loyal
16739,177,1,323.0,4,4,4,444,Champions
12908,177,2,750.0,4,3,3,433,Loyal
16276,177,1,810.6,4,5,3,453,Loyal
16257,177,1,46.95,4,5,5,455,Champions
13826,177,1,189.5,4,5,5,455,Champions
12809,178,1,489.31,4,5,4,454,Champions
18165,178,1,302.46,4,4,4,444,Champions
17536,178,1,76.5,4,5,5,455,Champions
16644,178,2,833.78,4,3,3,433,Loyal
16461,178,1,151.42,4,5,5,455,Champions
14222,178,1,683.17,4,5,3,453,Loyal
13343,178,1,353.43,4,4,4,444,Champions
15574,178,4,702.25,4,2,3,423,Potential Loyal
15912,179,2,264.62,4,4,4,444,Champions
17179,179,3,711.79,4,3,3,433,Loyal
13476,179,2,1238.47,4,3,2,432,Potential Loyal
17749,179,2,674.52,4,3,3,433,Loyal
14573,180,9,1653.42,4,1,2,412,Needs Attention
15069,180,1,1109.53,4,4,2,442,Potential Loyal
13080,180,1,58.08,5,5,5,555,Champions
12732,180,1,236.26,5,5,5,555,Champions
17795,180,2,350.39,5,4,4,544,Champions
17349,180,1,110.75,5,4,5,545,Champions
13936,180,1,376.58,5,4,4,544,Champions
13663,180,1,189.47,5,5,5,555,Champions
18281,181,1,80.82,5,5,5,555,Champions
14823,181,3,321.43,5,3,4,534,Loyal
14450,181,3,483.25,5,3,4,534,Loyal
17234,183,1,149.89,5,5,5,555,Champions
15098,183,3,39916.5,5,2,1,521,Needs Attention
13533,183,3,270.79,5,3,4,534,Loyal
16581,183,1,105.84,5,4,5,545,Champions
13686,183,1,72.0,5,5,5,555,Champions
16614,183,1,506.19,5,5,3,553,Loyal
16113,184,1,161.38,5,5,5,555,Champions
15780,184,3,475.28,5,2,4,524,Potential Loyal
14231,184,3,925.71,5,3,3,533,Loyal
14501,184,2,251.21,5,4,4,544,Champions
14241,184,1,213.7,5,5,5,555,Champions
13811,184,3,814.5,5,2,3,523,Potential Loyal
13900,184,3,740.95,5,2,3,523,Potential Loyal
17409,185,2,771.85,5,3,3,533,Loyal
16955,185,4,518.67,5,2,3,523,Potential Loyal
14622,185,1,320.58,5,4,4,544,Champions
13466,185,1,307.9,5,4,4,544,Champions
16832,185,3,199.15,5,2,5,525,Potential Loyal
12383,185,5,1850.56,5,2,2,522,Potential Loyal
15609,185,1,298.48,5,4,4,544,Champions
17707,186,2,152.4,5,4,5,545,Champions
18072,186,1,247.44,5,5,5,555,Champions
13395,186,1,307.72,5,4,4,544,Champions
17987,186,1,198.57,5,5,5,555,Champions
17026,186,2,154.83,5,4,5,545,Champions
17874,186,6,683.46,5,1,3,513,Needs Attention
17854,186,2,311.26,5,4,4,544,Champions
14542,186,1,103.25,5,4,5,545,Champions
17124,186,1,298.89,5,4,4,544,Champions
14867,186,3,710.28,5,2,3,523,Potential Loyal
12891,186,3,331.0,5,3,4,534,Loyal
14375,186,1,257.68,5,4,4,544,Champions
12868,186,6,1607.06,5,1,2,512,Needs Attention
16849,187,1,124.57,5,4,5,545,Champions
16520,187,3,1046.57,5,2,2,522,Potential Loyal
15386,187,1,394.14,5,4,4,544,Champions
15852,187,2,160.71,5,4,5,545,Champions
12802,187,1,427.58,5,5,4,554,Champions
16611,187,1,129.49,5,5,5,555,Champions
14682,188,2,52.0,5,4,5,545,Champions
14512,188,2,275.28,5,4,4,544,Champions
13682,188,1,59.5,5,5,5,555,Champions
16963,188,1,110.55,5,4,5,545,Champions
16883,188,2,276.73,5,4,4,544,Champions
12468,188,2,729.54,5,3,3,533,Loyal
17708,188,2,267.08,5,4,4,544,Champions
13885,190,2,506.8,5,3,3,533,Loyal
13294,190,2,873.74,5,3,3,533,Loyal
16230,190,2,542.03,5,3,3,533,Loyal
15508,190,6,1000.27,5,1,2,512,Needs Attention
16117,190,1,232.21,5,5,5,555,Champions
15405,190,1,349.1,5,4,4,544,Champions
12601,190,5,577.06,5,2,3,523,Potential Loyal
16967,190,1,319.02,5,4,4,544,Champions
16659,190,1,39.12,5,5,5,555,Champions
14453,191,1,119.93,5,4,5,545,Champions
15918,191,2,334.23,5,4,4,544,Champions
17900,191,2,112.2,5,4,5,545,Champions
16529,191,1,455.25,5,5,4,554,Champions
15658,191,5,1024.1,5,2,2,522,Potential Loyal
17531,191,1,296.7,5,4,4,544,Champions
15643,192,3,664.0,5,3,3,533,Loyal
14377,192,2,617.05,5,3,3,533,Loyal
16424,192,1,133.56,5,5,5,555,Champions
13062,192,1,346.98,5,4,4,544,Champions
17472,192,3,710.29,5,2,3,523,Potential Loyal
13475,192,4,1431.78,5,2,2,522,Potential Loyal
18231,193,5,2083.27,5,2,1,521,Needs Attention
12790,193,1,324.92,5,4,4,544,Champions
18190,193,2,284.46,5,4,4,544,Champions
16810,193,1,309.54,5,4,4,544,Champions
13070,193,1,228.8,5,5,5,555,Champions
13398,193,1,457.34,5,5,4,554,Champions
17454,193,4,517.53,5,2,3,523,Potential Loyal
16483,193,1,139.35,5,5,5,555,Champions
15925,195,1,207.15,5,5,5,555,Champions
16567,195,2,865.6,5,3,3,533,Loyal
15897,195,2,222.05,5,4,5,545,Champions
16889,195,3,1578.67,5,3,2,532,Potential Loyal
12426,195,1,582.73,5,5,3,553,Loyal
17152,195,3,1689.5,5,2,2,522,Potential Loyal
17051,195,1,247.14,5,5,5,555,Champions
13135,197,1,3096.0,5,5,1,551,Needs Attention
14828,197,3,2139.76,5,2,1,521,Needs Attention
16275,197,1,559.87,5,5,3,553,Loyal
14280,197,1,134.04,5,5,5,555,Champions
16034,197,3,437.7,5,2,4,524,Potential Loyal
16323,197,1,207.5,5,5,5,555,Champions
12999,197,3,455.88,5,2,4,524,Potential Loyal
14625,197,2,899.63,5,3,3,533,Loyal
15104,197,2,1027.44,5,3,2,532,Potential Loyal
14740,198,3,1448.21,5,3,2,532,Potential Loyal
16838,198,2,588.85,5,3,3,533,Loyal
16449,198,2,707.69,5,3,3,533,Loyal
12974,198,1,144.8,5,5,5,555,Champions
12547,198,2,207.8,5,4,5,545,Champions
14816,198,1,271.85,5,4,4,544,Champions
17550,198,3,267.16,5,3,4,534,Loyal
16356,198,3,211.77,5,2,5,525,Potential Loyal
14009,199,2,695.61,5,3,3,533,Loyal
16448,199,1,188.89,5,5,5,555,Champions
17770,199,5,1143.27,5,2,2,522,Potential Loyal
14985,199,2,296.75,5,4,4,544,Champions
14705,199,1,179.0,5,5,5,555,Champions
16763,199,1,611.85,5,5,3,553,Loyal
17955,199,4,557.3,5,2,3,523,Potential Loyal
15882,199,4,516.36,5,2,3,523,Potential Loyal
17375,200,3,400.1,5,3,4,534,Loyal
15314,200,1,327.97,5,4,4,544,Champions
18202,200,3,1396.99,5,3,2,532,Potential Loyal
15042,200,1,135.93,5,5,5,555,Champions
13339,201,1,860.12,5,5,3,553,Loyal
13737,201,1,339.6,5,4,4,544,Champions
13223,201,2,163.2,5,4,5,545,Champions
14817,201,2,1110.34,5,3,2,532,Potential Loyal
13479,201,2,300.95,5,4,4,544,Champions
17715,201,1,326.4,5,4,4,544,Champions
17176,202,1,306.13,5,4,4,544,Champions
13227,202,1,257.7,5,4,4,544,Champions
14195,202,2,1012.0,5,3,2,532,Potential Loyal
15292,202,1,180.94,5,5,5,555,Champions
15705,202,1,143.1,5,5,5,555,Champions
15724,202,2,218.25,5,4,5,545,Champions
14647,202,1,243.22,5,5,5,555,Champions
13391,204,1,59.8,5,5,5,555,Champions
17455,204,1,131.7,5,5,5,555,Champions
16226,204,3,255.12,5,2,4,524,Potential Loyal
18048,204,2,172.29,5,4,5,545,Champions
13243,204,1,600.07,5,5,3,553,Loyal
17245,205,1,171.45,5,5,5,555,Champions
12353,205,1,89.0,5,4,5,545,Champions
17871,205,1,155.9,5,5,5,555,Champions
13887,205,1,349.55,5,4,4,544,Champions
14896,205,2,468.77,5,3,4,534,Loyal
15648,205,2,657.35,5,3,3,533,Loyal
14442,205,2,1589.82,5,3,2,532,Potential Loyal
12897,205,2,216.5,5,4,5,545,Champions
13531,206,2,483.8,5,3,4,534,Loyal
17556,206,1,157.9,5,5,5,555,Champions
12690,206,1,389.01,5,4,4,544,Champions
14620,206,2,412.78,5,3,4,534,Loyal
13659,206,2,1573.2,5,3,2,532,Potential Loyal
13572,206,1,1384.25,5,4,2,542,Potential Loyal
13976,207,1,357.98,5,4,4,544,Champions
17504,207,9,2997.03,5,1,1,511,Needs Attention
14320,207,2,477.79,5,3,4,534,Loyal
14888,208,1,369.2,5,4,4,544,Champions
15813,208,2,1303.91,5,3,2,532,Potential Loyal
14489,208,1,463.38,5,5,4,554,Champions
14689,209,1,112.8,5,4,5,545,Champions
17263,209,1,63.44,5,5,5,555,Champions
15333,209,1,1028.56,5,4,2,542,Potential Loyal
12857,211,2,1106.4,5,3,2,532,Potential Loyal
14873,211,1,519.68,5,5,3,553,Loyal
12770,211,1,1351.45,5,4,2,542,Potential Loyal
13837,212,2,271.24,5,4,4,544,Champions
12590,212,2,9864.26,5,3,1,531,Needs Attention
18218,212,2,662.08,5,3,3,533,Loyal
16244,212,2,1522.75,5,3,2,532,Potential Loyal
16943,212,3,816.73,5,2,3,523,Potential Loyal
12976,212,1,738.6,5,5,3,553,Loyal
17970,212,1,582.59,5,5,3,553,Loyal
16006,212,1,101.4,5,4,5,545,Champions
16116,212,1,612.78,5,5,3,553,Loyal
14988,212,1,334.54,5,4,4,544,Champions
12625,212,2,2683.82,5,3,1,531,Needs Attention
14000,212,1,635.66,5,5,3,553,Loyal
17889,213,2,203.87,5,4,5,545,Champions
15079,213,4,895.61,5,2,3,523,Potential Loyal
13235,213,1,1031.07,5,4,2,542,Potential Loyal
14920,213,2,977.77,5,3,2,532,Potential Loyal
15732,213,2,294.12,5,4,4,544,Champions
15729,213,1,85.0,5,5,5,555,Champions
13052,213,1,348.15,5,4,4,544,Champions
18133,213,1,931.5,5,4,3,543,Loyal
17597,214,1,2044.37,5,5,2,552,Potential Loyal
16306,214,6,632.27,5,1,3,513,Needs Attention
15063,214,1,370.8,5,4,4,544,Champions
15381,214,2,596.85,5,3,3,533,Loyal
14288,214,1,426.6,5,5,4,554,Champions
16431,214,3,642.81,5,3,3,533,Loyal
13990,214,1,311.3,5,4,4,544,Champions
15433,214,2,533.3,5,3,3,533,Loyal
16756,215,1,239.4,5,5,5,555,Champions
14699,215,1,109.13,5,4,5,545,Champions
12821,215,1,92.72,5,4,5,545,Champions
12888,215,2,354.12,5,4,4,544,Champions
18120,215,1,111.15,5,4,5,545,Champions
12355,215,1,459.4,5,5,4,554,Champions
14353,216,1,90.6,5,4,5,545,Champions
15092,216,2,457.81,5,3,4,534,Loyal
13561,216,1,141.86,5,5,5,555,Champions
13642,216,1,354.8,5,4,4,544,Champions
14161,216,3,1110.52,5,2,2,522,Potential Loyal
15552,218,1,90.12,5,4,5,545,Champions
18227,218,1,93.75,5,4,5,545,Champions
15235,218,12,2247.51,5,1,1,511,Needs Attention
13952,218,2,3251.07,5,3,1,531,Needs Attention
17174,218,1,59.9,5,5,5,555,Champions
18078,218,2,336.13,5,4,4,544,Champions
15668,218,1,76.32,5,5,5,555,Champions
17604,218,2,309.36,5,4,4,544,Champions
12414,218,3,562.41,5,2,3,523,Potential Loyal
13723,218,1,199.85,5,5,5,555,Champions
16319,218,1,404.4,5,5,4,554,Champions
13762,219,1,306.72,5,4,4,544,Champions
14423,219,1,265.2,5,4,4,544,Champions
17374,219,2,495.77,5,3,3,533,Loyal
17849,219,4,605.8,5,2,3,523,Potential Loyal
16457,219,1,208.36,5,5,5,555,Champions
14393,219,1,67.95,5,5,5,555,Champions
14199,219,1,185.4,5,5,5,555,Champions
16990,219,1,179.0,5,5,5,555,Champions
16109,219,2,611.88,5,3,3,533,Loyal
18239,219,5,1561.61,5,2,2,522,Potential Loyal
15759,219,3,253.04,5,2,4,524,Potential Loyal
14697,219,2,188.61,5,4,5,545,Champions
16714,219,3,1161.53,5,3,2,532,Potential Loyal
17578,219,1,143.46,5,5,5,555,Champions
13711,219,2,252.06,5,4,4,544,Champions
14340,219,1,134.7,5,5,5,555,Champions
14245,220,2,1693.45,5,3,2,532,Potential Loyal
17646,220,3,1008.39,5,2,2,522,Potential Loyal
17443,220,1,534.24,5,5,3,553,Loyal
17394,220,1,203.87,5,5,5,555,Champions
16610,220,1,75.66,5,5,5,555,Champions
13731,220,2,610.59,5,3,3,533,Loyal
14149,221,1,446.62,5,5,4,554,Champions
17501,221,2,288.6,5,4,4,544,Champions
16055,221,1,134.8,5,5,5,555,Champions
16634,223,2,217.9,5,4,5,545,Champions
14304,223,1,383.45,5,4,4,544,Champions
17991,226,2,93.35,5,4,5,545,Champions
15223,226,2,755.75,5,3,3,533,Loyal
14271,226,1,112.32,5,4,5,545,Champions
15210,226,1,331.18,5,4,4,544,Champions
14022,226,1,440.0,5,5,4,554,Champions
13229,226,1,160.95,5,5,5,555,Champions
17893,226,1,112.25,5,4,5,545,Champions
16227,226,1,314.22,5,4,4,544,Champions
15143,226,1,259.45,5,4,4,544,Champions
17187,227,1,203.95,5,5,5,555,Champions
18220,227,1,305.28,5,4,4,544,Champions
16965,227,1,201.19,5,5,5,555,Champions
15891,227,1,524.52,5,5,3,553,Loyal
16698,227,2,1998.0,5,3,2,532,Potential Loyal
12573,228,1,160.54,5,5,5,555,Champions
16823,228,1,358.38,5,4,4,544,Champions
17277,228,2,1065.35,5,3,2,532,Potential Loyal
16834,228,1,413.46,5,5,4,554,Champions
18183,228,2,632.07,5,3,3,533,Loyal
17670,228,1,205.7,5,5,5,555,Champions
16163,233,2,856.6,5,3,3,533,Loyal
13482,233,1,184.64,5,5,5,555,Champions
12354,233,1,1079.4,5,4,2,542,Potential Loyal
12506,233,1,73.5,5,5,5,555,Champions
14770,233,2,876.42,5,3,3,533,Loyal
17718,233,1,139.35,5,5,5,555,Champions
12622,233,1,180.1,5,5,5,555,Champions
16587,233,1,225.15,5,5,5,555,Champions
17946,234,2,149.58,5,4,5,545,Champions
13485,234,1,454.24,5,5,4,554,Champions
17548,234,1,103.3,5,4,5,545,Champions
14148,234,1,157.2,5,5,5,555,Champions
17120,234,1,307.46,5,4,4,544,Champions
15517,234,1,267.03,5,4,4,544,Champions
14242,235,2,280.55,5,4,4,544,Champions
12733,235,1,383.95,5,4,4,544,Champions
12585,235,2,2040.1,5,3,2,532,Potential Loyal
13101,235,1,101.19,5,4,5,545,Champions
15225,235,1,409.4,5,5,4,554,Champions
17217,235,1,113.5,5,4,5,545,Champions
15717,235,1,150.3,5,5,5,555,Champions
14672,235,2,765.55,5,3,3,533,Loyal
16947,236,1,406.48,5,5,4,554,Champions
18009,236,1,257.34,5,4,4,544,Champions
16217,236,2,304.25,5,4,4,544,Champions
16617,236,1,151.85,5,5,5,555,Champions
12754,236,3,3010.74,5,2,1,521,Needs Attention
15749,236,3,44534.3,5,2,1,521,Needs Attention
17990,237,3,630.84,5,3,3,533,Loyal
16193,237,1,314.45,5,4,4,544,Champions
13474,237,1,229.59,5,5,5,555,Champions
17697,237,1,338.95,5,4,4,544,Champions
18213,237,1,232.48,5,5,5,555,Champions
14532,237,4,932.85,5,2,3,523,Potential Loyal
12878,237,2,854.99,5,3,3,533,Loyal
17582,237,1,175.27,5,5,5,555,Champions
15246,239,2,514.15,5,3,3,533,Loyal
12582,239,2,511.36,5,3,3,533,Loyal
13120,239,1,30.6,5,4,5,545,Champions
12639,239,1,486.1,5,5,4,554,Champions
12769,239,1,1143.6,5,4,2,542,Potential Loyal
17367,239,1,168.4,5,5,5,555,Champions
17362,240,2,312.23,5,4,4,544,Champions
14154,240,2,1345.62,5,3,2,532,Potential Loyal
17142,240,1,579.0,5,5,3,553,Loyal
15139,240,2,178.96,5,4,5,545,Champions
16957,240,2,416.64,5,3,4,534,Loyal
14105,240,1,1266.23,5,4,2,542,Potential Loyal
17601,240,1,116.01,5,4,5,545,Champions
15935,240,2,416.86,5,3,4,534,Loyal
15230,240,2,429.6,5,3,4,534,Loyal
14206,240,1,328.16,5,4,4,544,Champions
15135,240,1,139.05,5,5,5,555,Champions
16097,241,1,185.05,5,5,5,555,Champions
13740,241,1,350.75,5,4,4,544,Champions
13221,241,2,847.41,5,3,3,533,Loyal
15147,241,1,623.5,5,5,3,553,Loyal
17746,241,1,110.25,5,4,5,545,Champions
16697,242,1,112.75,5,4,5,545,Champions
15777,242,4,1047.11,5,2,2,522,Potential Loyal
15212,242,1,101.8,5,4,5,545,Champions
13484,242,1,313.8,5,4,4,544,Champions
17972,242,1,136.04,5,5,5,555,Champions
14669,242,3,1269.99,5,3,2,532,Potential Loyal
17278,242,1,246.04,5,5,5,555,Champions
14616,243,3,406.08,5,3,4,534,Loyal
14326,243,1,183.85,5,5,5,555,Champions
14311,243,1,310.26,5,4,4,544,Champions
17574,243,1,185.65,5,5,5,555,Champions
14339,243,1,309.52,5,4,4,544,Champions
16552,243,2,379.73,5,3,4,534,Loyal
12982,243,1,390.54,5,4,4,544,Champions
15655,244,1,560.67,5,5,3,553,Loyal
12447,244,1,476.49,5,5,4,554,Champions
13508,244,1,110.97,5,4,5,545,Champions
13570,244,1,239.49,5,5,5,555,Champions
18129,244,1,112.55,5,4,5,545,Champions
15775,246,1,104.9,5,4,5,545,Champions
16010,246,3,407.5,5,3,4,534,Loyal
17035,246,2,433.53,5,3,4,534,Loyal
15109,246,1,484.95,5,5,4,554,Champions
14619,246,1,394.44,5,4,4,544,Champions
15119,246,1,266.4,5,4,4,544,Champions
16643,246,1,487.51,5,5,4,554,Champions
16623,246,1,129.45,5,5,5,555,Champions
14924,246,1,310.05,5,4,4,544,Champions
13718,247,2,306.55,5,4,4,544,Champions
16144,247,1,175.2,5,5,5,555,Champions
14465,247,3,1058.62,5,2,2,522,Potential Loyal
13712,247,1,228.84,5,5,5,555,Champions
14981,247,1,102.12,5,4,5,545,Champions
12580,247,1,415.7,5,5,4,554,Champions
17140,248,1,465.32,5,5,4,554,Champions
17906,248,1,72.9,5,5,5,555,Champions
13863,248,1,305.78,5,4,4,544,Champions
14964,248,1,206.21,5,5,5,555,Champions
15917,248,1,123.1,5,4,5,545,Champions
16378,248,3,362.95,5,2,4,524,Potential Loyal
14220,248,2,632.4,5,3,3,533,Loyal
16586,249,1,463.95,5,5,4,554,Champions
15442,249,1,594.0,5,5,3,553,Loyal
16105,249,1,336.96,5,4,4,544,Champions
17492,249,1,374.57,5,4,4,544,Champions
14747,250,1,328.2,5,4,4,544,Champions
18185,250,1,304.25,5,4,4,544,Champions
16142,250,1,535.34,5,5,3,553,Loyal
13059,250,1,183.4,5,5,5,555,Champions
17956,250,1,12.75,5,5,5,555,Champions
13781,251,1,127.84,5,5,5,555,Champions
17701,253,1,417.95,5,5,4,554,Champions
17580,253,3,215.72,5,2,5,525,Potential Loyal
13841,253,1,85.0,5,5,5,555,Champions
16162,253,1,37.4,5,5,5,555,Champions
13626,253,1,257.23,5,4,4,544,Champions
14886,253,1,364.8,5,4,4,544,Champions
13462,253,1,151.5,5,5,5,555,Champions
15691,253,1,136.8,5,5,5,555,Champions
17438,254,1,388.45,5,4,4,544,Champions
17212,254,1,226.85,5,5,5,555,Champions
13060,254,1,307.53,5,4,4,544,Champions
15894,254,2,263.55,5,4,4,544,Champions
14957,254,1,58.49,5,5,5,555,Champions
14890,254,1,125.65,5,4,5,545,Champions
14479,254,2,316.25,5,4,4,544,Champions
15424,255,2,383.34,5,3,4,534,Loyal
15832,255,1,836.79,5,5,3,553,Loyal
17775,255,1,56.4,5,5,5,555,Champions
18108,255,1,271.0,5,4,4,544,Champions
15353,255,2,777.02,5,3,3,533,Loyal
15528,255,1,229.33,5,5,5,555,Champions
13803,256,1,277.07,5,4,4,544,Champions
16980,256,2,1078.96,5,3,2,532,Potential Loyal
15589,256,3,478.53,5,3,4,534,Loyal
13439,256,1,283.71,5,4,4,544,Champions
13649,257,2,346.6,5,4,4,544,Champions
12792,257,1,400.54,5,4,4,544,Champions
18010,257,1,174.8,5,5,5,555,Champions
15083,257,1,88.2,5,4,5,545,Champions
15032,257,3,4959.1,5,3,1,531,Needs Attention
16692,257,2,1276.0,5,3,2,532,Potential Loyal
13368,257,2,623.4,5,3,3,533,Loyal
13357,258,1,609.95,5,5,3,553,Loyal
18071,258,2,453.0,5,3,4,534,Loyal
14476,258,1,215.7,5,5,5,555,Champions
14536,260,1,171.8,5,5,5,555,Champions
13452,260,2,590.0,5,3,3,533,Loyal
16769,261,1,380.39,5,4,4,544,Champions
13341,261,1,775.85,5,5,3,553,Loyal
12811,261,3,514.85,5,3,3,533,Loyal
13512,261,1,251.21,5,4,4,544,Champions
14256,261,2,969.06,5,3,2,532,Potential Loyal
16063,261,1,335.32,5,4,4,544,Champions
17698,261,1,154.95,5,5,5,555,Champions
14348,261,1,409.57,5,5,4,554,Champions
16022,261,1,628.28,5,5,3,553,Loyal
15178,261,1,40.5,5,5,5,555,Champions
18191,262,1,207.8,5,5,5,555,Champions
12818,262,1,1542.08,5,4,2,542,Potential Loyal
17507,262,2,605.58,5,3,3,533,Loyal
16250,262,2,389.44,5,3,4,534,Loyal
13132,262,1,77.3,5,5,5,555,Champions
17486,262,1,396.87,5,4,4,544,Champions
17102,262,1,25.5,5,4,5,545,Champions
14870,262,1,327.25,5,4,4,544,Champions
12564,262,1,456.9,5,5,4,554,Champions
13239,262,1,329.56,5,4,4,544,Champions
16721,263,1,292.47,5,4,4,544,Champions
15437,263,1,200.16,5,5,5,555,Champions
14632,263,1,114.56,5,4,5,545,Champions
15457,263,1,237.07,5,5,5,555,Champions
12831,263,1,215.05,5,5,5,555,Champions
16135,263,1,517.55,5,5,3,553,Loyal
17763,264,1,15.0,5,4,5,545,Champions
13934,264,1,922.1,5,4,3,543,Loyal
14762,264,1,300.52,5,4,4,544,Champions
16427,264,2,241.06,5,4,5,545,Champions
16619,264,1,226.21,5,5,5,555,Champions
18224,264,1,158.95,5,5,5,555,Champions
17678,264,1,298.11,5,4,4,544,Champions
13262,264,1,200.29,5,5,5,555,Champions
15445,265,1,113.5,5,4,5,545,Champions
16096,265,1,320.62,5,4,4,544,Champions
12902,265,1,138.68,5,5,5,555,Champions
14693,265,1,172.9,5,5,5,555,Champions
15703,265,1,211.5,5,5,5,555,Champions
15408,265,1,267.18,5,4,4,544,Champions
16402,265,2,299.6,5,4,4,544,Champions
17230,265,8,3638.41,5,1,1,511,Needs Attention
15019,267,1,266.0,5,4,4,544,Champions
13072,267,1,177.15,5,5,5,555,Champions
17060,267,1,234.24,5,5,5,555,Champions
14155,267,1,118.75,5,4,5,545,Champions
14041,267,1,141.41,5,5,5,555,Champions
14066,267,1,152.55,5,5,5,555,Champions
14059,267,1,183.6,5,5,5,555,Champions
16256,267,1,752.43,5,5,3,553,Loyal
14633,267,1,344.9,5,4,4,544,Champions
15695,267,2,409.98,5,3,4,534,Loyal
16716,267,2,901.2,5,3,3,533,Loyal
13185,268,1,71.4,5,5,5,555,Champions
13216,268,1,333.74,5,4,4,544,Champions
12845,268,4,354.09,5,2,4,524,Potential Loyal
14840,268,1,62.85,5,5,5,555,Champions
16216,268,1,914.93,5,5,3,553,Loyal
16976,268,1,251.52,5,4,4,544,Champions
13707,268,2,806.41,5,3,3,533,Loyal
16377,268,1,676.2,5,5,3,553,Loyal
12514,268,1,1017.68,5,4,2,542,Potential Loyal
13358,269,1,439.03,5,5,4,554,Champions
13261,269,2,944.1,5,3,2,532,Potential Loyal
13299,269,1,142.5,5,5,5,555,Champions
16297,269,1,301.9,5,4,4,544,Champions
16152,269,1,1829.04,5,5,2,552,Potential Loyal
16037,270,3,855.02,5,3,3,533,Loyal
17542,270,1,170.75,5,5,5,555,Champions
15047,270,1,343.62,5,4,4,544,Champions
13716,270,1,138.28,5,5,5,555,Champions
16392,270,1,221.19,5,5,5,555,Champions
13121,270,1,283.73,5,4,4,544,Champions
15388,271,1,140.54,5,5,5,555,Champions
14962,271,1,126.7,5,5,5,555,Champions
13708,272,1,296.88,5,4,4,544,Champions
13133,274,2,109.8,5,4,5,545,Champions
13226,274,1,108.21,5,4,5,545,Champions
17194,274,2,262.62,5,4,4,544,Champions
16766,274,2,1145.6,5,3,2,532,Potential Loyal
14114,274,2,386.53,5,3,4,534,Loyal
13043,274,1,516.42,5,5,3,553,Loyal
15049,274,1,121.17,5,4,5,545,Champions
15308,275,1,310.47,5,4,4,544,Champions
14350,275,1,282.93,5,4,4,544,Champions
14727,275,1,268.58,5,4,4,544,Champions
16471,275,1,223.95,5,5,5,555,Champions
16625,275,1,333.08,5,4,4,544,Champions
14603,275,1,660.0,5,5,3,553,Loyal
18086,275,1,101.34,5,4,5,545,Champions
13093,276,8,7832.47,5,1,1,511,Needs Attention
17138,276,1,380.5,5,4,4,544,Champions
13493,276,2,618.63,5,3,3,533,Loyal
15057,276,2,1489.5,5,3,2,532,Potential Loyal
14165,276,1,122.54,5,4,5,545,Champions
12881,276,1,298.0,5,4,4,544,Champions
15944,277,1,325.1,5,4,4,544,Champions
16917,277,1,391.52,5,4,4,544,Champions
12623,277,1,305.1,5,4,4,544,Champions
14586,277,1,237.36,5,5,5,555,Champions
15234,277,1,197.0,5,5,5,555,Champions
17639,277,1,108.5,5,4,5,545,Champions
16517,278,1,162.7,5,5,5,555,Champions
12614,278,1,315.6,5,4,4,544,Champions
18280,278,1,180.6,5,5,5,555,Champions
15869,278,2,149.64,5,4,5,545,Champions
17654,278,1,117.55,5,4,5,545,Champions
15554,278,1,217.2,5,5,5,555,Champions
14012,278,1,328.8,5,4,4,544,Champions
14247,279,1,136.77,5,5,5,555,Champions
12755,281,2,3811.95,5,3,1,531,Needs Attention
17508,281,1,387.31,5,4,4,544,Champions
14670,281,2,411.53,5,3,4,534,Loyal
17535,281,1,164.4,5,5,5,555,Champions
13382,281,1,222.99,5,5,5,555,Champions
14570,281,2,218.06,5,4,5,545,Champions
14779,281,3,386.15,5,2,4,524,Potential Loyal
17325,281,1,96.8,5,4,5,545,Champions
13715,282,5,1079.34,5,2,2,522,Potential Loyal
17995,282,1,76.1,5,5,5,555,Champions
15087,282,1,306.94,5,4,4,544,Champions
16159,282,1,348.2,5,4,4,544,Champions
17789,282,1,225.9,5,5,5,555,Champions
14483,282,1,137.1,5,5,5,555,Champions
12817,282,1,166.04,5,5,5,555,Champions
12834,283,1,312.38,5,4,4,544,Champions
15733,283,1,162.3,5,5,5,555,Champions
16792,283,2,110.38,5,4,5,545,Champions
12873,283,1,374.0,5,4,4,544,Champions
13497,283,2,348.05,5,4,4,544,Champions
17923,283,1,207.5,5,5,5,555,Champions
15319,284,1,204.5,5,5,5,555,Champions
15257,284,1,317.15,5,4,4,544,Champions
16078,284,1,79.2,5,5,5,555,Champions
13166,284,1,417.2,5,5,4,554,Champions
15709,284,1,133.25,5,5,5,555,Champions
12866,284,1,559.12,5,5,3,553,Loyal
15456,284,3,447.22,5,3,4,534,Loyal
14036,285,1,626.65,5,5,3,553,Loyal
14046,285,1,154.99,5,5,5,555,Champions
12509,285,1,176.5,5,5,5,555,Champions
17165,285,1,158.68,5,5,5,555,Champions
16339,285,1,109.95,5,4,5,545,Champions
16598,286,1,145.05,5,5,5,555,Champions
13684,286,1,67.23,5,5,5,555,Champions
12361,288,1,189.9,5,5,5,555,Champions
13345,288,1,389.5,5,4,4,544,Champions
13753,288,1,741.26,5,5,3,553,Loyal
13973,288,1,264.7,5,4,4,544,Champions
13501,289,1,1340.32,5,4,2,542,Potential Loyal
13751,289,1,296.25,5,4,4,544,Champions
18056,289,1,363.65,5,4,4,544,Champions
16997,289,3,702.0,5,2,3,523,Potential Loyal
17117,289,1,116.2,5,4,5,545,Champions
15543,289,1,127.86,5,5,5,555,Champions
12565,289,1,145.92,5,5,5,555,Champions
12945,289,1,462.95,5,5,4,554,Champions
16072,289,1,584.32,5,5,3,553,Loyal
17171,290,1,224.91,5,5,5,555,Champions
15397,290,1,94.0,5,4,5,545,Champions
18068,290,1,101.7,5,4,5,545,Champions
17499,290,1,622.88,5,5,3,553,Loyal
15303,291,1,574.02,5,5,3,553,Loyal
16349,291,1,53.5,5,5,5,555,Champions
18114,291,1,220.1,5,5,5,555,Champions
16913,291,1,113.44,5,4,5,545,Champions
16546,291,2,787.15,5,3,3,533,Loyal
12365,292,2,641.38,5,3,3,533,Loyal
13044,292,1,560.47,5,5,3,553,Loyal
12707,292,1,603.42,5,5,3,553,Loyal
12988,293,1,535.32,5,5,3,553,Loyal
12852,295,1,311.55,5,4,4,544,Champions
16765,295,1,34.0,5,4,5,545,Champions
13932,295,1,307.4,5,4,4,544,Champions
14371,296,1,100.5,5,4,5,545,Champions
13151,296,1,1257.87,5,4,2,542,Potential Loyal
18138,296,1,152.65,5,5,5,555,Champions
14386,297,1,142.4,5,5,5,555,Champions
16509,297,1,363.7,5,4,4,544,Champions
16494,297,1,826.53,5,5,3,553,Loyal
15670,297,1,173.05,5,5,5,555,Champions
16148,297,1,76.32,5,5,5,555,Champions
13893,298,1,821.1,5,5,3,553,Loyal
14935,298,1,1784.71,5,5,2,552,Potential Loyal
14760,298,1,89.2,5,4,5,545,Champions
16073,298,1,122.4,5,4,5,545,Champions
14176,298,4,576.9,5,2,3,523,Potential Loyal
16738,298,1,3.75,5,5,5,555,Champions
17829,299,1,889.24,5,5,3,553,Loyal
15236,299,1,321.05,5,4,4,544,Champions
16897,300,2,289.78,5,4,4,544,Champions
16084,300,1,436.18,5,5,4,554,Champions
13819,302,3,1140.35,5,3,2,532,Potential Loyal
18159,302,1,530.15,5,5,3,553,Loyal
13672,302,2,186.39,5,4,5,545,Champions
16405,303,2,167.25,5,4,5,545,Champions
12561,303,1,238.85,5,5,5,555,Champions
14081,303,2,934.52,5,3,3,533,Loyal
16725,303,7,781.02,5,1,3,513,Needs Attention
14431,303,1,470.36,5,5,4,554,Champions
17334,303,2,307.02,5,4,4,544,Champions
13706,303,1,330.79,5,4,4,544,Champions
16425,303,1,302.7,5,4,4,544,Champions
15843,304,1,118.95,5,4,5,545,Champions
12401,304,1,84.3,5,5,5,555,Champions
15970,304,1,314.1,5,4,4,544,Champions
17843,304,1,205.48,5,5,5,555,Champions
17358,304,2,365.85,5,3,4,534,Loyal
17859,305,1,148.21,5,5,5,555,Champions
15753,305,1,79.2,5,5,5,555,Champions
17881,305,1,133.35,5,5,5,555,Champions
13809,306,1,155.05,5,5,5,555,Champions
14600,306,1,393.33,5,4,4,544,Champions
14048,306,1,409.93,5,5,4,554,Champions
15808,307,4,3734.97,5,2,1,521,Needs Attention
17392,307,2,457.91,5,3,4,534,Loyal
13584,307,1,142.4,5,5,5,555,Champions
12956,307,1,108.07,5,4,5,545,Champions
14438,307,1,131.9,5,5,5,555,Champions
17517,309,1,153.94,5,5,5,555,Champions
13963,309,4,664.54,5,2,3,523,Potential Loyal
17226,309,1,393.49,5,4,4,544,Champions
15090,309,1,381.32,5,4,4,544,Champions
12410,309,2,693.33,5,3,3,533,Loyal
17291,309,1,550.8,5,5,3,553,Loyal
13800,310,1,558.32,5,5,3,553,Loyal
16030,310,1,331.24,5,4,4,544,Champions
13581,310,1,118.0,5,4,5,545,Champions
14497,310,1,475.37,5,5,4,554,Champions
14411,311,1,1063.0,5,4,2,542,Potential Loyal
17912,311,5,311.01,5,2,4,524,Potential Loyal
18250,311,1,349.27,5,4,4,544,Champions
12559,311,2,561.71,5,3,3,533,Loyal
15226,311,1,154.41,5,5,5,555,Champions
12350,311,1,334.4,5,4,4,544,Champions
17223,311,2,426.79,5,3,4,534,Loyal
14457,311,1,113.64,5,4,5,545,Champions
12373,312,1,364.6,5,4,4,544,Champions
15107,312,6,319.5,5,1,4,514,Needs Attention
17356,312,1,178.22,5,5,5,555,Champions
13494,312,1,316.26,5,4,4,544,Champions
14850,312,1,325.75,5,4,4,544,Champions
14549,312,1,289.24,5,4,4,544,Champions
14496,312,2,538.81,5,3,3,533,Loyal
12929,312,1,117.85,5,4,5,545,Champions
15940,312,1,35.8,5,5,5,555,Champions
17239,313,1,382.5,5,4,4,544,Champions
15448,313,1,494.64,5,5,3,553,Loyal
13600,313,1,219.52,5,5,5,555,Champions
17619,313,1,218.52,5,5,5,555,Champions
15881,313,5,501.39,5,2,3,523,Potential Loyal
18095,313,2,580.05,5,3,3,533,Loyal
16403,313,1,177.5,5,5,5,555,Champions
17431,314,1,403.3,5,4,4,544,Champions
13161,314,1,112.75,5,4,5,545,Champions
17062,314,4,538.37,5,2,3,523,Potential Loyal
15415,314,1,572.81,5,5,3,553,Loyal
12377,316,2,1628.12,5,3,2,532,Potential Loyal
12735,316,2,779.57,5,3,3,533,Loyal
12574,316,1,218.45,5,5,5,555,Champions
13328,317,1,1308.48,5,4,2,542,Potential Loyal
13506,317,2,458.52,5,3,4,534,Loyal
12764,317,1,1693.88,5,4,2,542,Potential Loyal
16124,318,1,249.0,5,5,5,555,Champions
17118,318,1,157.02,5,5,5,555,Champions
15661,318,2,309.8,5,4,4,544,Champions
12591,318,1,452.85,5,5,4,554,Champions
13615,319,1,417.69,5,5,4,554,Champions
13002,319,1,120.95,5,4,5,545,Champions
14248,319,1,302.58,5,4,4,544,Champions
16757,319,1,106.83,5,4,5,545,Champions
15222,319,1,585.0,5,5,3,553,Loyal
16222,319,1,846.72,5,5,3,553,Loyal
15213,319,2,328.35,5,4,4,544,Champions
13703,319,1,99.5,5,4,5,545,Champions
14368,320,1,155.0,5,5,5,555,Champions
15820,320,1,206.98,5,5,5,555,Champions
14439,320,1,2661.24,5,5,1,551,Needs Attention
15052,320,1,215.78,5,5,5,555,Champions
14130,320,1,483.86,5,5,4,554,Champions
13551,320,1,91.8,5,4,5,545,Champions
14782,320,1,200.1,5,5,5,555,Champions
17714,321,1,153.0,5,5,5,555,Champions
15167,321,1,163.0,5,5,5,555,Champions
14068,321,1,265.85,5,4,4,544,Champions
16387,323,1,94.36,5,4,5,545,Champions
17890,323,2,602.09,5,3,3,533,Loyal
17094,323,1,302.0,5,4,4,544,Champions
15174,323,1,135.75,5,5,5,555,Champions
15262,324,1,178.95,5,5,5,555,Champions
12402,324,1,225.6,5,5,5,555,Champions
15422,324,2,97.7,5,4,5,545,Champions
13008,324,1,229.47,5,5,5,555,Champions
17862,324,1,330.9,5,4,4,544,Champions
14090,325,1,76.32,5,5,5,555,Champions
12665,325,1,63.0,5,5,5,555,Champions
18233,326,1,440.0,5,5,4,554,Champions
12346,326,1,77183.6,5,5,1,551,Needs Attention
13898,326,1,155.93,5,5,5,555,Champions
15395,326,1,107.45,5,4,5,545,Champions
13859,327,1,201.16,5,5,5,555,Champions
14238,327,1,146.85,5,5,5,555,Champions
15316,327,1,165.0,5,5,5,555,Champions
18212,327,1,248.42,5,5,5,555,Champions
12872,327,2,599.97,5,3,3,533,Loyal
18106,330,1,430.7,5,5,4,554,Champions
13385,330,1,534.57,5,5,3,553,Loyal
12672,330,1,225.9,5,5,5,555,Champions
15447,331,1,155.17,5,5,5,555,Champions
16315,331,1,226.37,5,5,5,555,Champions
13284,331,1,201.19,5,5,5,555,Champions
18085,331,2,689.95,5,3,3,533,Loyal
15510,331,1,250.0,5,5,5,555,Champions
14185,332,1,197.65,5,5,5,555,Champions
12652,332,1,919.98,5,4,3,543,Loyal
15171,332,1,1289.5,5,4,2,542,Potential Loyal
14270,332,1,492.65,5,5,3,553,Loyal
16351,333,1,153.9,5,5,5,555,Champions
15346,333,1,252.42,5,4,4,544,Champions
17569,333,1,344.14,5,4,4,544,Champions
13144,333,1,110.95,5,4,5,545,Champions
12736,333,1,234.0,5,5,5,555,Champions
16850,334,1,332.41,5,4,4,544,Champions
15100,334,3,876.0,5,3,3,533,Loyal
17406,334,3,2200.42,5,2,1,521,Needs Attention
15326,334,1,311.71,5,4,4,544,Champions
17128,335,1,157.09,5,5,5,555,Champions
12651,335,1,114.0,5,4,5,545,Champions
18032,335,1,73.5,5,5,5,555,Champions
12793,335,2,545.48,5,3,3,533,Loyal
14889,337,1,135.9,5,5,5,555,Champions
12829,337,2,293.0,5,4,4,544,Champions
15649,337,2,816.0,5,3,3,533,Loyal
12489,337,1,334.93,5,4,4,544,Champions
12501,337,1,2169.39,5,5,1,551,Needs Attention
15607,337,1,104.76,5,4,5,545,Champions
13187,338,1,236.02,5,5,5,555,Champions
12386,338,2,401.9,5,3,4,534,Loyal
15266,339,1,119.3,5,4,5,545,Champions
15464,339,1,1048.85,5,4,2,542,Potential Loyal
16282,340,1,168.3,5,5,5,555,Champions
13304,352,1,300.42,5,4,4,544,Champions
15562,352,1,134.55,5,5,5,555,Champions
13922,352,1,172.25,5,5,5,555,Champions
12734,353,1,110.4,5,4,5,545,Champions
16270,354,1,1141.24,5,4,2,542,Potential Loyal
12515,354,1,383.7,5,4,4,544,Champions
15279,355,1,290.51,5,4,4,544,Champions
15460,355,1,216.76,5,5,5,555,Champions
17343,356,1,193.64,5,5,5,555,Champions
12551,358,1,168.0,5,5,5,555,Champions
13033,358,1,190.55,5,5,5,555,Champions
15160,358,1,158.16,5,5,5,555,Champions
15204,358,1,316.58,5,4,4,544,Champions
17691,359,2,290.4,5,4,4,544,Champions
13874,359,1,540.45,5,5,3,553,Loyal
17496,359,1,271.05,5,4,4,544,Champions
12967,359,2,1660.9,5,3,2,532,Potential Loyal
14373,359,1,76.55,5,5,5,555,Champions
15789,359,1,351.3,5,4,4,544,Champions
15224,359,2,322.08,5,4,4,544,Champions
18176,359,1,476.35,5,5,4,554,Champions
18050,360,1,74.4,5,5,5,555,Champions
13295,360,1,201.2,5,5,5,555,Champions
17525,360,1,422.7,5,5,4,554,Champions
17551,360,1,306.84,5,4,4,544,Champions
17752,360,1,80.64,5,5,5,555,Champions
13948,361,1,102.0,5,4,5,545,Champions
16499,361,2,365.45,5,3,4,534,Loyal
16202,361,1,365.27,5,4,4,544,Champions
16812,361,1,479.35,5,5,4,554,Champions
17303,362,1,250.04,5,5,5,555,Champions
17524,362,1,145.0,5,5,5,555,Champions
15361,362,1,418.92,5,5,4,554,Champions
16665,363,1,135.4,5,5,5,555,Champions
18004,363,1,169.47,5,5,5,555,Champions
14413,363,1,122.7,5,4,5,545,Champions
15503,363,1,147.09,5,5,5,555,Champions
15454,363,1,179.1,5,5,5,555,Champions
17251,363,1,283.28,5,4,4,544,Champions
12785,365,1,311.95,5,4,4,544,Champions
14082,365,1,182.25,5,5,5,555,Champions
16727,365,1,272.82,5,4,4,544,Champions
15723,365,1,203.1,5,5,5,555,Champions
17880,365,1,458.92,5,5,4,554,Champions
16565,365,1,173.7,5,5,5,555,Champions
12797,366,1,254.03,5,4,4,544,Champions
14437,366,1,63.0,5,5,5,555,Champions
15945,366,1,181.0,5,5,5,555,Champions
16065,366,1,372.09,5,4,4,544,Champions
17978,366,1,300.92,5,4,4,544,Champions
13369,366,1,308.28,5,4,4,544,Champions
14355,366,1,174.4,5,5,5,555,Champions
17456,366,1,249.86,5,5,5,555,Champions
16795,366,1,414.88,5,5,4,554,Champions
14932,366,1,363.53,5,4,4,544,Champions
16893,367,1,145.93,5,5,5,555,Champions
15221,367,1,403.25,5,4,4,544,Champions
15332,367,4,1661.06,5,2,2,522,Potential Loyal
13270,367,1,590.0,5,5,3,553,Loyal
15973,367,1,307.82,5,4,4,544,Champions
16679,367,1,129.75,5,5,5,555,Champions
15347,367,1,201.6,5,5,5,555,Champions
18269,367,1,168.6,5,5,5,555,Champions
14821,367,1,48.8,5,5,5,555,Champions
12441,367,1,173.55,5,5,5,555,Champions
15180,368,1,87.5,5,4,5,545,Champions
13807,368,1,112.6,5,4,5,545,Champions
16125,368,1,289.35,5,4,4,544,Champions
18119,368,1,181.12,5,5,5,555,Champions
13786,368,1,230.4,5,5,5,555,Champions
15899,369,1,56.25,5,5,5,555,Champions
17860,369,1,252.8,5,4,4,544,Champions
18113,369,1,76.32,5,5,5,555,Champions
16858,369,1,375.69,5,4,4,544,Champions
16658,369,1,123.24,5,4,5,545,Champions
16718,370,1,623.75,5,5,3,553,Loyal
15880,370,1,343.28,5,4,4,544,Champions
14813,370,2,155.43,5,4,5,545,Champions
17967,372,1,123.07,5,4,5,545,Champions
13370,372,1,754.87,5,5,3,553,Loyal
16926,372,1,230.25,5,5,5,555,Champions
12686,372,1,89.14,5,4,5,545,Champions
14589,372,1,39.75,5,5,5,555,Champions
12725,372,1,427.8,5,5,4,554,Champions
17976,373,1,353.19,5,4,4,544,Champions
14576,373,1,35.4,5,5,5,555,Champions
15070,373,1,106.2,5,4,5,545,Champions
16752,373,1,207.5,5,5,5,555,Champions
16754,373,1,2002.4,5,5,2,552,Potential Loyal
16781,373,1,311.25,5,4,4,544,Champions
17855,373,1,208.97,5,5,5,555,Champions
13011,373,1,50.55,5,5,5,555,Champions
17850,373,34,5391.21,5,1,1,511,Needs Attention
16510,373,1,248.1,5,5,5,555,Champions
15823,373,1,15.0,5,4,5,545,Champions
12738,373,1,155.35,5,5,5,555,Champions
15363,373,1,326.0,5,4,4,544,Champions
17732,373,1,303.97,5,4,4,544,Champions
12855,373,1,38.1,5,5,5,555,Champions
17925,373,1,244.08,5,5,5,555,Champions
15923,373,1,127.08,5,5,5,555,Champions
13108,373,1,350.06,5,4,4,544,Champions
14142,374,1,311.81,5,4,4,544,Champions
13747,374,1,79.6,5,5,5,555,Champions
18011,374,1,102.79,5,4,5,545,Champions
15922,374,1,369.5,5,4,4,544,Champions
18074,374,1,489.6,5,5,3,553,Loyal
12791,374,1,192.6,5,5,5,555,Champions
15350,374,1,115.65,5,4,5,545,Champions
17908,374,1,243.28,5,5,5,555,Champions
15165,374,1,487.75,5,5,4,554,Champions
16048,374,2,256.44,5,4,4,544,Champions
17643,374,1,101.55,5,4,5,545,Champions
16274,374,1,357.95,5,4,4,544,Champions
17968,374,1,277.35,5,4,4,544,Champions
14729,374,1,313.49,5,4,4,544,Champions
16583,374,1,233.45,5,5,5,555,Champions
14237,374,1,161.0,5,5,5,555,Champions
13065,374,1,205.86,5,5,5,555,Champions
